Date,Gold_Open,Gold_High,Gold_Low,Gold_Close,Gold_Volume,USD_INR_Open,USD_INR_High,USD_INR_Low,USD_INR_Close,USD_INR_Volume,Nifty_Open,Nifty_High,Nifty_Low,Nifty_Close,Nifty_Volume,Oil_Open,Oil_High,Oil_Low,Oil_Close,Oil_Volume
2014-01-02,1204.300048828125,1227.300048828125,1204.300048828125,1225.0,209.0,61.84000015258789,62.40599822998047,61.7400016784668,61.84000015258789,0.0,6301.25,6358.2998046875,6211.2998046875,6221.14990234375,158100.0,98.5,98.97000122070312,95.33999633789062,95.44000244140625,251248.0
2014-01-03,1221.699951171875,1239.0,1221.699951171875,1238.4000244140625,142.0,62.060001373291016,62.56999969482422,62.060001373291016,62.060001373291016,0.0,6194.5498046875,6221.7001953125,6171.25,6211.14990234375,139000.0,95.47000122070312,95.73999786376953,93.86000061035156,93.95999908447266,215522.0
2014-01-06,1232.800048828125,1247.0,1221.9000244140625,1237.800048828125,127.0,62.22999954223633,62.45000076293945,61.939998626708984,62.22999954223633,0.0,6220.85009765625,6224.7001953125,6170.25,6191.4501953125,118300.0,94.18000030517578,94.58999633789062,93.19999694824219,93.43000030517578,189379.0
2014-01-07,1239.300048828125,1242.4000244140625,1226.300048828125,1229.4000244140625,73.0,62.310001373291016,62.45000076293945,61.939998626708984,62.310001373291016,0.0,6203.89990234375,6221.5,6144.75,6162.25,138600.0,93.5999984741211,94.22000122070312,93.3499984741211,93.66999816894531,177182.0
2014-01-08,1227.5,1227.5,1218.5999755859375,1225.300048828125,189.0,62.08000183105469,62.29800033569336,61.79999923706055,62.08000183105469,0.0,6178.0498046875,6192.10009765625,6160.35009765625,6174.60009765625,146900.0,93.95999908447266,94.18000030517578,92.26000213623047,92.33000183105469,244855.0
2014-01-09,1225.800048828125,1229.300048828125,1225.800048828125,1229.300048828125,7.0,62.119998931884766,62.233001708984375,61.939998626708984,62.119998931884766,0.0,6181.7001953125,6188.0498046875,6148.25,6168.35009765625,150100.0,92.58000183105469,92.93000030517578,91.23999786376953,91.66000366210938,255784.0
2014-01-10,1235.0,1246.800048828125,1234.0,1246.699951171875,58.0,61.779998779296875,62.0880012512207,61.31999969482422,61.779998779296875,0.0,6178.85009765625,6239.10009765625,6139.60009765625,6171.4501953125,159900.0,92.30000305175781,93.37999725341797,91.98999786376953,92.72000122070312,255988.0
2014-01-13,1250.5999755859375,1252.699951171875,1245.5,1250.9000244140625,46.0,61.439998626708984,61.900001525878906,61.150001525878906,61.439998626708984,0.0,6189.5498046875,6288.2001953125,6189.5498046875,6272.75,135000.0,92.83000183105469,92.87999725341797,91.43000030517578,91.80000305175781,212208.0
2014-01-14,1251.0,1251.300048828125,1242.0,1245.199951171875,37.0,61.470001220703125,61.599998474121094,61.34000015258789,61.470001220703125,0.0,6260.25,6280.35009765625,6234.14990234375,6241.85009765625,110200.0,91.51000213623047,92.87999725341797,91.5,92.58999633789062,243474.0
2014-01-15,1243.0999755859375,1243.199951171875,1238.0999755859375,1238.0999755859375,68.0,61.470001220703125,61.70500183105469,61.41999816894531,61.470001220703125,0.0,6265.9501953125,6325.2001953125,6265.2998046875,6320.89990234375,145900.0,92.6500015258789,94.63999938964844,92.43000030517578,94.16999816894531,263295.0
2014-01-16,1239.300048828125,1242.800048828125,1239.0,1240.0,48.0,61.540000915527344,61.68000030517578,61.13999938964844,61.540000915527344,0.0,6341.35009765625,6346.5,6299.85009765625,6318.89990234375,153400.0,94.29000091552734,94.63999938964844,93.5999984741211,93.95999908447266,165135.0
2014-01-17,1239.699951171875,1254.300048828125,1239.699951171875,1251.699951171875,101.0,61.41999816894531,61.59000015258789,61.27000045776367,61.41999816894531,0.0,6306.25,6327.10009765625,6246.35009765625,6261.64990234375,167700.0,94.16999816894531,94.94000244140625,93.94000244140625,94.37000274658203,119887.0
2014-01-21,1256.4000244140625,1257.5,1240.0,1242.300048828125,224.0,61.540000915527344,62.08000183105469,61.349998474121094,61.61800003051758,0.0,6320.14990234375,6330.2998046875,6297.89990234375,6313.7998046875,141700.0,94.0,95.2300033569336,93.43000030517578,94.98999786376953,244861.0
2014-01-22,1241.699951171875,1242.0,1239.0,1239.0,58.0,61.970001220703125,62.0,61.757999420166016,61.970001220703125,0.0,6309.0498046875,6349.9501953125,6287.4501953125,6338.9501953125,137500.0,95.19999694824219,96.88999938964844,95.12000274658203,96.7300033569336,252349.0
2014-01-23,1235.199951171875,1264.199951171875,1235.199951171875,1262.5999755859375,40.0,61.869998931884766,62.04999923706055,61.77000045776367,61.869998931884766,0.0,6325.9501953125,6355.60009765625,6316.39990234375,6345.64990234375,120100.0,96.69000244140625,97.83999633789062,96.41000366210938,97.31999969482422,274078.0
2014-01-24,1258.300048828125,1269.4000244140625,1258.300048828125,1264.5,38.0,62.130001068115234,62.7599983215332,61.92499923706055,62.130001068115234,0.0,6301.64990234375,6331.4501953125,6263.89990234375,6266.75,160300.0,97.37000274658203,97.80000305175781,96.25,96.63999938964844,239673.0
2014-01-27,1259.800048828125,1264.4000244140625,1254.4000244140625,1263.5999755859375,92.0,62.72999954223633,63.34000015258789,62.650001525878906,62.72999954223633,0.0,6186.2998046875,6188.5498046875,6130.25,6135.85009765625,190400.0,96.9000015258789,97.18000030517578,95.20999908447266,95.72000122070312,235110.0
2014-01-28,1257.9000244140625,1258.4000244140625,1251.0,1251.0,20.0,63.380001068115234,63.380001068115234,62.5,63.380001068115234,0.0,6131.85009765625,6163.60009765625,6085.9501953125,6126.25,184100.0,95.66000366210938,97.66000366210938,95.62999725341797,97.41000366210938,206490.0
2014-01-29,1262.199951171875,1262.199951171875,1262.199951171875,1262.199951171875,137028.0,62.380001068115234,63.0099983215332,62.06999969482422,62.380001068115234,0.0,6161.0,6170.4501953125,6109.7998046875,6120.25,146700.0,97.16999816894531,97.75,96.31999969482422,97.36000061035156,200486.0
2014-01-30,1267.0,1267.699951171875,1237.5,1242.199951171875,45276.0,62.83000183105469,63.0099983215332,62.31999969482422,62.46799850463867,0.0,6067.0,6082.85009765625,6027.25,6073.7001953125,208100.0,97.41999816894531,98.58999633789062,97.33000183105469,98.2300033569336,199420.0
2014-01-31,1243.5999755859375,1254.5,1238.4000244140625,1240.0999755859375,5820.0,62.310001373291016,62.779998779296875,62.310001373291016,62.310001373291016,0.0,6082.75,6097.85009765625,6067.35009765625,6089.5,146700.0,97.97000122070312,98.38999938964844,97.0999984741211,97.48999786376953,253457.0
2014-02-03,1242.4000244140625,1266.300048828125,1241.199951171875,1260.4000244140625,2914.0,62.5,62.849998474121094,62.2400016784668,62.5,0.0,6058.7998046875,6074.85009765625,5994.4501953125,6001.7998046875,134900.0,97.4000015258789,97.94000244140625,96.26000213623047,96.43000030517578,293312.0
2014-02-04,1258.4000244140625,1260.699951171875,1247.800048828125,1251.699951171875,1745.0,62.869998931884766,62.869998931884766,62.290000915527344,62.869998931884766,0.0,5947.60009765625,6017.7998046875,5933.2998046875,6000.89990234375,183300.0,96.52999877929688,97.81999969482422,96.37000274658203,97.19000244140625,204282.0
2014-02-05,1254.0,1273.699951171875,1253.0999755859375,1257.300048828125,1616.0,62.130001068115234,62.60300064086914,62.130001068115234,62.130001068115234,0.0,6004.25,6028.0498046875,5962.0498046875,6022.39990234375,166600.0,97.66999816894531,98.26000213623047,96.80000305175781,97.37999725341797,237671.0
2014-02-06,1258.0,1267.0,1253.5,1257.5999755859375,274.0,62.22999954223633,62.59299850463867,62.13999938964844,62.22999954223633,0.0,6028.35009765625,6048.35009765625,5965.39990234375,6036.2998046875,185500.0,97.25,98.83000183105469,97.25,97.83999633789062,234281.0
2014-02-07,1258.300048828125,1271.4000244140625,1257.9000244140625,1263.300048828125,436.0,62.22999954223633,62.40999984741211,61.790000915527344,62.22999954223633,0.0,6077.64990234375,6079.9501953125,6030.89990234375,6063.2001953125,181900.0,97.97000122070312,100.23999786376953,97.11000061035156,99.87999725341797,270407.0
2014-02-10,1269.5999755859375,1277.300048828125,1265.699951171875,1274.800048828125,742.0,62.09000015258789,62.49250030517578,61.84000015258789,62.09000015258789,0.0,6072.7998046875,6083.0498046875,6046.39990234375,6053.4501953125,133100.0,100.05000305175781,100.55000305175781,99.11000061035156,100.05999755859375,251127.0
2014-02-11,1274.0,1292.0,1273.800048828125,1290.0999755859375,562.0,62.310001373291016,62.45000076293945,62.02000045776367,62.448001861572266,0.0,6072.4501953125,6081.85009765625,6053.25,6062.7001953125,150500.0,99.97000122070312,100.5999984741211,99.5999984741211,99.94000244140625,233933.0
2014-02-12,1290.5,1296.199951171875,1285.5,1295.300048828125,140.0,62.029998779296875,62.21799850463867,61.650001525878906,62.029998779296875,0.0,6085.35009765625,6106.60009765625,6077.39990234375,6084.0,138500.0,100.45999908447266,101.37999725341797,100.04000091552734,100.37000274658203,318686.0
2014-02-13,1293.300048828125,1303.5,1287.5,1300.4000244140625,877.0,61.68000030517578,62.448001861572266,61.68000030517578,61.68000030517578,0.0,6087.5498046875,6094.39990234375,5991.10009765625,6001.10009765625,153700.0,100.2699966430664,100.66000366210938,99.4000015258789,100.3499984741211,221722.0
2014-02-14,1301.699951171875,1320.699951171875,1301.699951171875,1319.0,308.0,62.150001525878906,62.41999816894531,61.68000030517578,62.150001525878906,0.0,6023.75,6056.39990234375,5984.60009765625,6048.35009765625,140200.0,100.33999633789062,100.47000122070312,99.43000030517578,100.30000305175781,229784.0
2014-02-18,1322.9000244140625,1330.5999755859375,1313.9000244140625,1324.699951171875,373.0,61.790000915527344,62.29999923706055,61.790000915527344,61.790000915527344,0.0,6071.2998046875,6141.7001953125,6066.7998046875,6127.10009765625,126600.0,100.31999969482422,103.25,100.2300033569336,102.43000030517578,177371.0
2014-02-19,1318.300048828125,1321.5999755859375,1309.0999755859375,1320.5999755859375,193.0,62.209999084472656,62.27000045776367,62.0099983215332,62.209999084472656,0.0,6132.0498046875,6160.35009765625,6125.75,6152.75,95200.0,103.13999938964844,103.80000305175781,102.4000015258789,103.30999755859375,116164.0
2014-02-20,1310.699951171875,1323.5,1309.5999755859375,1317.0999755859375,116.0,62.2599983215332,62.439998626708984,61.93000030517578,62.2599983215332,0.0,6127.14990234375,6129.10009765625,6086.4501953125,6091.4501953125,132100.0,103.41000366210938,103.5,102.75,102.91999816894531,194397.0
2014-02-21,1320.0,1328.300048828125,1317.4000244140625,1323.9000244140625,171.0,62.130001068115234,62.233001708984375,61.939998626708984,62.130001068115234,0.0,6108.2998046875,6159.64990234375,6108.0,6155.4501953125,112600.0,102.87000274658203,102.91999816894531,101.69000244140625,102.19999694824219,173260.0
2014-02-24,1324.300048828125,1339.0,1321.4000244140625,1338.300048828125,93.0,62.0099983215332,62.15999984741211,61.83000183105469,62.0099983215332,0.0,6140.9501953125,6191.85009765625,6130.7998046875,6186.10009765625,144900.0,102.29000091552734,103.44999694824219,101.97000122070312,102.81999969482422,177861.0
2014-02-25,1336.4000244140625,1343.9000244140625,1333.0999755859375,1343.0,290.0,62.06800079345703,62.06800079345703,61.7400016784668,62.06800079345703,0.0,6205.7001953125,6216.85009765625,6176.60009765625,6200.0498046875,146300.0,102.80000305175781,102.83999633789062,101.0199966430664,101.83000183105469,187216.0
2014-02-26,1341.199951171875,1342.0,1325.5999755859375,1328.199951171875,485.0,61.97800064086914,62.20000076293945,61.68000030517578,61.97800064086914,0.0,6202.4501953125,6245.9501953125,6202.10009765625,6238.7998046875,181700.0,102.04000091552734,102.9000015258789,101.58000183105469,102.58999633789062,196517.0
2014-02-28,1329.800048828125,1332.5999755859375,1321.0999755859375,1321.4000244140625,239.0,62.02000045776367,62.15999984741211,61.630001068115234,62.02000045776367,0.0,6228.4501953125,6282.7001953125,6228.10009765625,6276.9501953125,180600.0,102.1500015258789,102.95999908447266,101.80000305175781,102.58999633789062,178276.0
2014-03-03,1335.9000244140625,1354.0999755859375,1332.9000244140625,1350.0999755859375,232.0,61.81999969482422,62.11000061035156,61.66999816894531,61.81999969482422,0.0,6264.35009765625,6277.75,6212.25,6221.4501953125,144600.0,103.0,105.22000122070312,102.94999694824219,104.91999816894531,295819.0
2014-03-04,1350.4000244140625,1350.4000244140625,1332.199951171875,1337.800048828125,80.0,62.16999816894531,62.16999816894531,61.68000030517578,62.16999816894531,0.0,6216.75,6302.14990234375,6215.7001953125,6297.9501953125,166800.0,104.88999938964844,104.95999908447266,102.8499984741211,103.33000183105469,210005.0
2014-03-05,1334.800048828125,1341.0,1334.800048828125,1340.199951171875,32.0,61.599998474121094,61.90299987792969,61.290000915527344,61.599998474121094,0.0,6328.4501953125,6336.25,6287.7998046875,6328.64990234375,160300.0,103.3499984741211,103.52999877929688,100.8499984741211,101.44999694824219,267837.0
2014-03-06,1338.0,1351.699951171875,1333.300048828125,1351.699951171875,59.0,61.70000076293945,61.74800109863281,60.880001068115234,61.74800109863281,0.0,6344.75,6406.60009765625,6339.7001953125,6401.14990234375,180700.0,101.04000091552734,102.08000183105469,100.12999725341797,101.55999755859375,291849.0
2014-03-07,1349.5,1352.699951171875,1329.199951171875,1338.0999755859375,97.0,60.79999923706055,61.209999084472656,60.77000045776367,60.79999923706055,0.0,6413.9501953125,6537.7998046875,6413.5498046875,6526.64990234375,284900.0,101.97000122070312,102.91000366210938,101.56999969482422,102.58000183105469,226145.0
2014-03-10,1336.0,1344.699951171875,1330.5,1341.4000244140625,97.0,61.22999954223633,61.41999816894531,60.78499984741211,61.22999954223633,0.0,6491.7001953125,6562.2001953125,6487.35009765625,6537.25,242100.0,102.75,102.81999969482422,100.8499984741211,101.12000274658203,225290.0
2014-03-11,1340.0,1352.4000244140625,1338.0999755859375,1346.5,53.0,60.810001373291016,61.029998779296875,60.529998779296875,60.810001373291016,0.0,6537.35009765625,6562.85009765625,6494.25,6511.89990234375,239000.0,100.94000244140625,101.5199966430664,99.31999969482422,100.02999877929688,294201.0
2014-03-12,1349.0999755859375,1370.5,1348.699951171875,1370.300048828125,58.0,61.040000915527344,61.33000183105469,60.849998474121094,61.040000915527344,0.0,6497.5,6546.14990234375,6487.2998046875,6516.89990234375,175000.0,99.4800033569336,99.5999984741211,97.55000305175781,97.98999786376953,416927.0
2014-03-13,1366.800048828125,1374.5,1366.5,1372.199951171875,23.0,60.77000045776367,61.220001220703125,60.77000045776367,60.77000045776367,0.0,6491.75,6561.4501953125,6476.64990234375,6493.10009765625,167900.0,98.0999984741211,98.5999984741211,97.66999816894531,98.19999694824219,268074.0
2014-03-14,1376.0999755859375,1386.5999755859375,1371.0999755859375,1379.0,91.0,61.459999084472656,61.58000183105469,61.0,61.459999084472656,0.0,6447.25,6518.4501953125,6432.7001953125,6504.2001953125,177300.0,98.25,99.27999877929688,98.05999755859375,98.88999938964844,226300.0
2014-03-18,1359.300048828125,1361.800048828125,1353.4000244140625,1359.0,35.0,61.040000915527344,61.25,60.849998474121094,61.040000915527344,0.0,6532.4501953125,6574.9501953125,6497.64990234375,6516.64990234375,179300.0,97.97000122070312,99.77999877929688,97.75,99.69999694824219,192508.0
2014-03-19,1357.0999755859375,1358.0,1332.699951171875,1341.4000244140625,57.0,60.7400016784668,61.15999984741211,60.7400016784668,61.108001708984375,0.0,6530.0,6541.2001953125,6506.0,6524.0498046875,172500.0,99.52999877929688,100.47000122070312,99.33999633789062,100.37000274658203,110319.0
2014-03-20,1333.699951171875,1333.699951171875,1325.800048828125,1330.5,72.0,61.150001525878906,61.36000061035156,60.96799850463867,60.95000076293945,0.0,6508.35009765625,6523.64990234375,6473.25,6483.10009765625,142000.0,100.38999938964844,100.81999969482422,99.08000183105469,99.43000030517578,244866.0
2014-03-21,1339.0999755859375,1339.0999755859375,1335.800048828125,1336.0,3.0,61.11000061035156,61.33300018310547,60.75,61.33300018310547,0.0,6515.2001953125,6522.89990234375,6485.7001953125,6493.2001953125,189900.0,98.58999633789062,100.25,98.25,99.45999908447266,191289.0
2014-03-24,1333.0,1333.0,1310.5,1311.199951171875,103.0,61.02000045776367,61.02000045776367,60.470001220703125,61.02000045776367,0.0,6510.5,6591.5,6510.5,6583.5,158400.0,99.48999786376953,100.29000091552734,99.05000305175781,99.5999984741211,151710.0
2014-03-25,1315.5,1315.5,1307.5,1311.4000244140625,46.0,60.59000015258789,60.77299880981445,60.06999969482422,60.59000015258789,0.0,6550.10009765625,6595.5498046875,6544.85009765625,6589.75,168100.0,99.43000030517578,100.25,98.80000305175781,99.19000244140625,217013.0
2014-03-26,1315.199951171875,1315.199951171875,1303.4000244140625,1303.4000244140625,4.0,60.220001220703125,60.47800064086914,59.869998931884766,60.220001220703125,0.0,6615.64990234375,6627.4501953125,6580.60009765625,6601.39990234375,186600.0,99.18000030517578,100.45999908447266,99.0999984741211,100.26000213623047,211367.0
2014-03-27,1294.699951171875,1294.699951171875,1294.699951171875,1294.699951171875,185016.0,60.15999984741211,60.36000061035156,60.029998779296875,60.15999984741211,0.0,6613.10009765625,6673.9501953125,6599.5,6641.75,312400.0,100.30000305175781,101.69999694824219,100.02999877929688,101.27999877929688,202200.0
2014-03-28,1292.199951171875,1299.4000244140625,1285.9000244140625,1293.800048828125,65486.0,60.16999816894531,60.310001373291016,59.63999938964844,60.237998962402344,0.0,6673.0498046875,6702.60009765625,6643.7998046875,6695.89990234375,184800.0,101.33999633789062,102.23999786376953,101.18000030517578,101.66999816894531,166326.0
2014-03-31,1294.300048828125,1298.800048828125,1282.4000244140625,1283.4000244140625,4121.0,59.882999420166016,60.09000015258789,59.63999938964844,59.84000015258789,0.0,6723.14990234375,6730.0498046875,6662.39990234375,6704.2001953125,220600.0,101.69000244140625,101.97000122070312,100.87999725341797,101.58000183105469,167570.0
2014-04-01,1285.0999755859375,1287.9000244140625,1277.300048828125,1279.5999755859375,884.0,60.007999420166016,60.04999923706055,59.65999984741211,59.9900016784668,0.0,6729.5,6732.25,6675.4501953125,6721.0498046875,177800.0,101.52999877929688,101.56999969482422,99.27999877929688,99.73999786376953,237564.0
2014-04-02,1280.199951171875,1294.0999755859375,1280.199951171875,1290.5,1099.0,60.007999420166016,60.007999420166016,59.59299850463867,59.779998779296875,0.0,6757.60009765625,6763.5,6723.60009765625,6752.5498046875,173300.0,99.63999938964844,99.83000183105469,98.86000061035156,99.62000274658203,231596.0
2014-04-03,1290.800048828125,1293.5,1282.699951171875,1284.4000244140625,775.0,59.89799880981445,60.41999816894531,59.65999984741211,59.89799880981445,0.0,6772.0498046875,6776.75,6696.89990234375,6736.10009765625,197500.0,99.29000091552734,100.48999786376953,99.06999969482422,100.29000091552734,195430.0
2014-04-04,1285.5,1306.0999755859375,1284.4000244140625,1303.199951171875,976.0,60.38999938964844,60.38999938964844,59.66999816894531,60.38999938964844,0.0,6741.85009765625,6741.85009765625,6685.14990234375,6694.35009765625,155100.0,100.37999725341797,101.62999725341797,100.27999877929688,101.13999938964844,193532.0
2014-04-07,1301.4000244140625,1304.0,1296.300048828125,1298.0,361.0,59.66999816894531,60.2400016784668,59.66999816894531,59.66999816894531,0.0,6694.25,6725.14990234375,6650.39990234375,6695.0498046875,133900.0,100.91000366210938,101.31999969482422,99.91999816894531,100.44000244140625,254884.0
2014-04-09,1309.5,1313.5999755859375,1301.0999755859375,1305.5,191.0,60.08300018310547,60.20000076293945,59.823001861572266,60.09000015258789,0.0,6722.0,6808.7001953125,6705.10009765625,6796.2001953125,169800.0,102.3499984741211,103.7699966430664,102.02999877929688,103.5999984741211,324660.0
2014-04-10,1311.800048828125,1323.800048828125,1311.199951171875,1320.0999755859375,127.0,60.13800048828125,60.34000015258789,59.959999084472656,59.959999084472656,0.0,6803.0498046875,6819.0498046875,6777.2998046875,6796.39990234375,191100.0,103.44000244140625,103.80999755859375,103.0999984741211,103.4000015258789,222169.0
2014-04-11,1319.0,1322.800048828125,1316.300048828125,1318.699951171875,76.0,60.06800079345703,60.380001068115234,60.060001373291016,60.29999923706055,0.0,6758.35009765625,6789.35009765625,6743.14990234375,6776.2998046875,140700.0,103.33999633789062,104.44000244140625,103.01000213623047,103.73999786376953,261915.0
2014-04-15,1322.699951171875,1322.699951171875,1291.5,1300.0,238.0,60.34000015258789,60.38999938964844,60.09000015258789,60.34000015258789,0.0,6792.7001953125,6813.39990234375,6711.75,6733.10009765625,123200.0,103.5999984741211,104.05000305175781,102.91000366210938,103.75,215848.0
2014-04-16,1302.699951171875,1303.5,1295.0,1303.0999755859375,177.0,60.22800064086914,60.41999816894531,60.13999938964844,60.29999923706055,0.0,6727.25,6748.64990234375,6665.14990234375,6675.2998046875,119800.0,103.76000213623047,104.98999786376953,103.12000274658203,103.76000213623047,279392.0
2014-04-17,1300.0999755859375,1303.0,1292.5,1293.4000244140625,124.0,60.36800003051758,60.49399948120117,60.20000076293945,60.25,0.0,6695.4501953125,6783.0498046875,6684.39990234375,6779.39990234375,131500.0,103.83999633789062,104.77999877929688,103.54000091552734,104.30000305175781,191342.0
2014-04-21,1290.0,1299.199951171875,1283.800048828125,1288.0,100.0,60.28799819946289,60.599998474121094,60.150001525878906,60.150001525878906,0.0,6789.25,6825.4501953125,6786.89990234375,6817.64990234375,111800.0,104.54000091552734,104.7699966430664,103.8499984741211,104.37000274658203,115095.0
2014-04-22,1289.199951171875,1291.5999755859375,1276.0,1280.5999755859375,100.0,60.47999954223633,60.880001068115234,60.28799819946289,60.47999954223633,0.0,6822.89990234375,6838.0,6806.25,6815.35009765625,114700.0,104.36000061035156,104.36000061035156,101.69000244140625,102.12999725341797,323723.0
2014-04-23,1284.300048828125,1287.699951171875,1282.4000244140625,1284.199951171875,176.0,60.880001068115234,61.18000030517578,60.757999420166016,60.757999420166016,0.0,6823.25,6861.60009765625,6820.75,6840.7998046875,183000.0,101.86000061035156,102.08000183105469,101.19999694824219,101.44000244140625,250645.0
2014-04-25,1293.800048828125,1304.5999755859375,1293.800048828125,1300.699951171875,274.0,61.10300064086914,61.16999816894531,60.5099983215332,61.119998931884766,0.0,6855.7998046875,6869.85009765625,6772.85009765625,6782.75,154300.0,101.93000030517578,102.05000305175781,100.4800033569336,100.5999984741211,221601.0
2014-04-28,1305.4000244140625,1305.4000244140625,1293.0,1298.9000244140625,388.0,60.63800048828125,60.72999954223633,60.38999938964844,60.63800048828125,0.0,6778.5498046875,6786.25,6750.2998046875,6761.25,118200.0,100.48999786376953,101.5199966430664,100.33000183105469,100.83999633789062,231590.0
2014-04-29,1295.5,1300.5,1289.0999755859375,1296.0,904.0,60.643001556396484,60.643001556396484,60.150001525878906,60.643001556396484,0.0,6769.0,6779.7001953125,6708.64990234375,6715.25,115500.0,100.88999938964844,102.19999694824219,100.70999908447266,101.27999877929688,218691.0
2014-04-30,1296.0,1296.5,1286.5999755859375,1295.5999755859375,181.0,60.417999267578125,60.417999267578125,60.150001525878906,60.417999267578125,0.0,6724.9501953125,6780.14990234375,6656.7998046875,6696.39990234375,161100.0,100.76000213623047,100.76000213623047,99.3499984741211,99.73999786376953,282979.0
2014-05-02,1276.699951171875,1302.699951171875,1276.699951171875,1302.5999755859375,90.0,60.26300048828125,60.290000915527344,59.900001525878906,60.13999938964844,0.0,6709.9501953125,6737.64990234375,6689.5,6694.7998046875,114300.0,99.16999816894531,100.13999938964844,99.16999816894531,99.76000213623047,213631.0
2014-05-05,1305.5999755859375,1314.199951171875,1305.5,1309.0,31.0,60.178001403808594,60.23400115966797,59.959999084472656,60.02000045776367,0.0,6681.64990234375,6741.0498046875,6680.4501953125,6699.35009765625,105000.0,99.95999908447266,100.44000244140625,98.91000366210938,99.4800033569336,190002.0
2014-05-06,1309.4000244140625,1309.4000244140625,1306.9000244140625,1308.300048828125,14.0,60.11000061035156,60.233001708984375,59.790000915527344,60.11000061035156,0.0,6719.25,6743.4501953125,6701.89990234375,6715.2998046875,88300.0,99.37999725341797,100.41999816894531,99.31999969482422,99.5,251208.0
2014-05-07,1310.300048828125,1312.0,1288.0,1288.5999755859375,21.0,59.97800064086914,60.13800048828125,59.84000015258789,59.97800064086914,0.0,6708.60009765625,6718.75,6642.89990234375,6652.5498046875,114100.0,99.83000183105469,100.98999786376953,99.77999877929688,100.7699966430664,291271.0
2014-05-08,1291.5,1291.5,1285.5,1287.4000244140625,65.0,60.018001556396484,60.073001861572266,59.81999969482422,59.88999938964844,0.0,6669.89990234375,6688.39990234375,6638.5498046875,6659.85009765625,101600.0,100.81999969482422,100.93000030517578,99.87000274658203,100.26000213623047,252605.0
2014-05-09,1287.300048828125,1287.300048828125,1287.300048828125,1287.300048828125,3.0,59.893001556396484,60.099998474121094,59.779998779296875,59.93000030517578,0.0,6654.14990234375,6871.35009765625,6652.14990234375,6858.7998046875,166400.0,100.2699966430664,101.18000030517578,99.70999908447266,99.98999786376953,271341.0
2014-05-12,1282.0999755859375,1295.9000244140625,1281.199951171875,1295.5999755859375,19.0,59.95800018310547,60.10300064086914,59.08000183105469,59.849998474121094,0.0,6863.39990234375,7020.0498046875,6862.89990234375,7014.25,157700.0,100.12000274658203,100.93000030517578,99.93000030517578,100.58999633789062,211648.0
2014-05-13,1295.5,1295.5,1292.0,1294.5999755859375,20.0,59.41999816894531,59.92300033569336,59.36000061035156,59.41999816894531,0.0,7080.0,7172.35009765625,7067.14990234375,7108.75,232200.0,100.62999725341797,102.05000305175781,100.36000061035156,101.69999694824219,253588.0
2014-05-14,1292.800048828125,1306.9000244140625,1292.800048828125,1305.699951171875,25.0,59.310001373291016,59.5099983215332,59.310001373291016,59.310001373291016,0.0,7112.0,7142.25,7080.89990234375,7108.75,177200.0,101.91000366210938,102.6500015258789,101.83000183105469,102.37000274658203,234477.0
2014-05-15,1302.5,1302.5,1292.800048828125,1293.5,27.0,59.47800064086914,59.59000015258789,59.108001708984375,59.400001525878906,0.0,7111.2998046875,7152.5498046875,7082.5498046875,7123.14990234375,186800.0,102.02999877929688,102.26000213623047,101.2699966430664,101.5,276060.0
2014-05-16,1293.300048828125,1293.300048828125,1293.300048828125,1293.300048828125,8.0,59.33000183105469,59.35300064086914,58.52000045776367,59.33000183105469,0.0,7270.2001953125,7563.5,7130.64990234375,7203.0,393200.0,101.55999755859375,102.2300033569336,101.38999938964844,102.0199966430664,147896.0
2014-05-19,1293.699951171875,1293.699951171875,1293.699951171875,1293.699951171875,44.0,58.577999114990234,58.5880012512207,58.33000183105469,58.560001373291016,0.0,7276.85009765625,7291.10009765625,7193.5498046875,7263.5498046875,316200.0,102.12999725341797,103.08999633789062,101.97000122070312,102.61000061035156,121114.0
2014-05-20,1290.699951171875,1294.5,1290.0999755859375,1294.5,8.0,58.36800003051758,58.79999923706055,58.36800003051758,58.36800003051758,0.0,7309.9501953125,7353.64990234375,7247.7001953125,7275.5,255300.0,102.5999984741211,102.86000061035156,102.0999984741211,102.44000244140625,249769.0
2014-05-21,1287.4000244140625,1288.0,1287.4000244140625,1288.0,2.0,58.58300018310547,58.85300064086914,58.5099983215332,58.58300018310547,0.0,7274.85009765625,7287.14990234375,7206.7001953125,7252.89990234375,203100.0,102.95999908447266,104.29000091552734,102.77999877929688,104.06999969482422,272127.0
2014-05-22,1294.199951171875,1295.0,1294.199951171875,1294.9000244140625,4.0,58.6879997253418,58.6879997253418,58.16999816894531,58.6879997253418,0.0,7289.9501953125,7319.5498046875,7258.14990234375,7276.39990234375,240900.0,103.8499984741211,104.22000122070312,103.55000305175781,103.73999786376953,159181.0
2014-05-23,1293.199951171875,1293.4000244140625,1291.5999755859375,1291.5999755859375,3.0,58.27799987792969,58.54999923706055,58.2400016784668,58.27799987792969,0.0,7306.5,7381.0,7293.89990234375,7367.10009765625,259600.0,103.70999908447266,104.5,103.63999938964844,104.3499984741211,160563.0
2014-05-27,1291.9000244140625,1291.9000244140625,1265.4000244140625,1265.4000244140625,25.0,58.65299987792969,59.0880012512207,58.41999816894531,58.650001525878906,0.0,7363.10009765625,7372.9501953125,7274.75,7318.0,168600.0,104.33999633789062,104.5,103.56999969482422,104.11000061035156,174387.0
2014-05-28,1259.300048828125,1259.300048828125,1259.300048828125,1259.300048828125,168825.0,59.03799819946289,59.20399856567383,58.7400016784668,59.03799819946289,0.0,7324.9501953125,7344.75,7302.60009765625,7329.64990234375,175600.0,104.13999938964844,104.38999938964844,102.63999938964844,102.72000122070312,239134.0
2014-05-29,1258.300048828125,1260.5999755859375,1250.9000244140625,1256.300048828125,38045.0,58.9379997253418,59.05799865722656,58.63999938964844,58.83000183105469,0.0,7316.60009765625,7325.39990234375,7224.39990234375,7235.64990234375,241100.0,103.05999755859375,103.94000244140625,102.61000061035156,103.58000183105469,205506.0
2014-05-30,1255.0999755859375,1259.5999755859375,1241.800048828125,1245.5999755859375,3839.0,58.91299819946289,59.20000076293945,58.880001068115234,58.900001525878906,0.0,7254.85009765625,7272.5,7118.4501953125,7229.9501953125,312200.0,103.51000213623047,103.55999755859375,102.4000015258789,102.70999908447266,169734.0
2014-06-02,1250.0,1250.699951171875,1240.9000244140625,1243.699951171875,774.0,59.1879997253418,59.31999969482422,59.040000915527344,59.1879997253418,0.0,7264.0498046875,7368.60009765625,7239.5,7362.5,169900.0,102.91999816894531,103.3499984741211,102.0999984741211,102.47000122070312,159042.0
2014-06-03,1244.0999755859375,1247.5,1240.5,1244.300048828125,654.0,59.073001861572266,59.43000030517578,59.02000045776367,59.15999984741211,0.0,7375.35009765625,7424.9501953125,7342.14990234375,7415.85009765625,234700.0,102.44000244140625,102.86000061035156,102.2300033569336,102.66000366210938,160208.0
2014-06-04,1245.0999755859375,1248.800048828125,1242.699951171875,1244.0,604.0,59.29999923706055,59.442501068115234,59.130001068115234,59.29999923706055,0.0,7417.5498046875,7433.2998046875,7391.35009765625,7402.25,204600.0,102.79000091552734,103.69000244140625,102.33999633789062,102.63999938964844,208540.0
2014-06-05,1244.0,1256.5999755859375,1241.199951171875,1253.0,1317.0,59.27299880981445,59.349998474121094,59.040000915527344,59.2599983215332,0.0,7399.75,7484.7001953125,7360.5,7474.10009765625,250700.0,102.37000274658203,102.69000244140625,101.5999984741211,102.4800033569336,200402.0
2014-06-06,1253.4000244140625,1256.5999755859375,1246.300048828125,1252.0999755859375,381.0,59.12300109863281,59.220001220703125,58.77000045776367,59.16299819946289,0.0,7521.5,7592.7001953125,7497.64990234375,7583.39990234375,248400.0,102.44000244140625,103.06999969482422,102.30000305175781,102.66000366210938,197758.0
2014-06-09,1252.699951171875,1256.0999755859375,1252.5999755859375,1253.5,97.0,59.167999267578125,59.20500183105469,58.83000183105469,59.167999267578125,0.0,7621.64990234375,7673.7001953125,7580.25,7654.60009765625,231900.0,102.77999877929688,104.56999969482422,102.62000274658203,104.41000366210938,246719.0
2014-06-10,1252.4000244140625,1262.300048828125,1251.0,1259.800048828125,1007.0,59.12300109863281,59.33000183105469,59.099998474121094,59.198001861572266,0.0,7679.0498046875,7683.2001953125,7579.2998046875,7656.39990234375,188700.0,104.45999908447266,105.05999755859375,103.9800033569336,104.3499984741211,255599.0
2014-06-11,1259.9000244140625,1264.4000244140625,1259.0999755859375,1260.800048828125,128.0,59.20800018310547,59.347999572753906,59.119998931884766,59.119998931884766,0.0,7672.39990234375,7700.0498046875,7589.0498046875,7626.85009765625,186200.0,104.30000305175781,104.80999755859375,104.16999816894531,104.4000015258789,187728.0
2014-06-12,1260.0,1274.5,1260.0,1273.5999755859375,129.0,59.33300018310547,59.36000061035156,59.09000015258789,59.33300018310547,0.0,7641.2998046875,7658.0,7593.7998046875,7649.89990234375,148200.0,104.47000122070312,106.94999694824219,104.3499984741211,106.52999877929688,321499.0
2014-06-13,1272.5,1274.699951171875,1271.300048828125,1273.699951171875,145.0,59.28799819946289,59.83000183105469,59.2400016784668,59.28799819946289,0.0,7668.2001953125,7678.5,7525.35009765625,7542.10009765625,174500.0,106.83999633789062,107.68000030517578,106.37000274658203,106.91000366210938,255394.0
2014-06-16,1279.800048828125,1282.0999755859375,1270.800048828125,1274.9000244140625,334.0,59.702999114990234,60.25,59.63999938964844,59.702999114990234,0.0,7534.7998046875,7548.60009765625,7487.5498046875,7533.5498046875,155400.0,106.87999725341797,107.54000091552734,106.56999969482422,106.9000015258789,204792.0
2014-06-17,1272.800048828125,1272.800048828125,1260.9000244140625,1271.699951171875,819.0,60.09000015258789,60.47999954223633,60.018001556396484,60.09000015258789,0.0,7525.0498046875,7637.60009765625,7509.25,7631.7001953125,158000.0,106.58999633789062,107.18000030517578,106.01000213623047,106.36000061035156,252969.0
2014-06-18,1269.9000244140625,1272.699951171875,1267.4000244140625,1272.4000244140625,143.0,60.323001861572266,60.529998779296875,60.040000915527344,60.323001861572266,0.0,7636.0498046875,7663.0,7515.5,7558.2001953125,165100.0,106.5999984741211,106.97000122070312,105.80000305175781,105.97000122070312,176257.0
2014-06-19,1277.199951171875,1321.0,1277.199951171875,1313.699951171875,601.0,60.292999267578125,60.38999938964844,59.439998626708984,59.810001373291016,0.0,7580.0498046875,7606.4501953125,7502.5498046875,7540.7001953125,148900.0,106.11000061035156,106.69999694824219,105.31999969482422,106.43000030517578,123121.0
2014-06-20,1321.4000244140625,1321.4000244140625,1306.800048828125,1316.199951171875,254.0,60.15999984741211,60.327999114990234,60.06999969482422,60.15999984741211,0.0,7543.2998046875,7560.5498046875,7497.2998046875,7511.4501953125,124100.0,106.5999984741211,107.7300033569336,106.33000183105469,107.26000213623047,213130.0
2014-06-23,1312.300048828125,1318.0,1312.300048828125,1318.0,142.0,60.08000183105469,60.28300094604492,60.0,60.167999267578125,0.0,7514.0,7534.7998046875,7441.60009765625,7493.35009765625,127400.0,107.41999816894531,107.44999694824219,105.91000366210938,106.16999816894531,175473.0
2014-06-24,1315.5999755859375,1325.5999755859375,1315.5999755859375,1320.9000244140625,223.0,60.15299987792969,60.209999084472656,60.029998779296875,60.15299987792969,0.0,7515.2001953125,7593.35009765625,7515.2001953125,7580.2001953125,137000.0,106.0199966430664,106.45999908447266,105.25,106.02999877929688,175206.0
2014-06-25,1315.300048828125,1323.4000244140625,1312.0,1322.199951171875,294.0,60.189998626708984,60.40999984741211,59.95000076293945,60.189998626708984,0.0,7588.5498046875,7589.25,7557.0498046875,7569.25,115000.0,106.13999938964844,107.5,105.47000122070312,106.5,249064.0
2014-06-26,1319.5999755859375,1319.5999755859375,1312.4000244140625,1316.0999755859375,1204.0,60.077999114990234,60.290000915527344,59.95000076293945,59.95000076293945,0.0,7554.10009765625,7570.2001953125,7481.2998046875,7493.2001953125,171700.0,106.70999908447266,106.80999755859375,105.02999877929688,105.83999633789062,195723.0
2014-06-27,1317.4000244140625,1320.9000244140625,1313.300048828125,1319.0,625.0,60.202999114990234,60.202999114990234,59.70000076293945,60.08000183105469,0.0,7514.2001953125,7538.75,7482.2998046875,7508.7998046875,126700.0,105.63999938964844,106.19000244140625,105.33000183105469,105.73999786376953,128975.0
2014-06-30,1315.300048828125,1328.699951171875,1311.800048828125,1321.800048828125,744.0,60.03799819946289,60.25299835205078,59.86000061035156,60.03799819946289,0.0,7534.0498046875,7623.64990234375,7531.60009765625,7611.35009765625,152300.0,105.69000244140625,105.76000213623047,104.66000366210938,105.37000274658203,215334.0
2014-07-01,1326.699951171875,1331.4000244140625,1326.199951171875,1326.4000244140625,51.0,60.053001403808594,60.18000030517578,59.90999984741211,59.970001220703125,0.0,7629.0,7649.5,7618.14990234375,7634.7001953125,139400.0,105.44000244140625,106.08999633789062,104.5999984741211,105.33999633789062,221685.0
2014-07-02,1326.800048828125,1330.699951171875,1326.800048828125,1330.699951171875,226.0,60.02799987792969,60.077999114990234,59.41999816894531,60.02799987792969,0.0,7683.0498046875,7732.39990234375,7677.2998046875,7725.14990234375,136300.0,105.20999908447266,105.52999877929688,104.0999984741211,104.4800033569336,240067.0
2014-07-03,1327.300048828125,1327.699951171875,1313.0,1320.4000244140625,40.0,59.685001373291016,59.8380012512207,59.2400016784668,59.439998626708984,0.0,7734.35009765625,7754.64990234375,7706.7998046875,7714.7998046875,133800.0,104.2699966430664,104.29000091552734,103.66999816894531,104.05999755859375,169938.0
2014-07-07,1318.699951171875,1320.300048828125,1313.199951171875,1316.5,93.0,59.71799850463867,60.03799819946289,59.630001068115234,59.71799850463867,0.0,7780.39990234375,7792.0,7755.10009765625,7787.14990234375,173900.0,104.05999755859375,104.12999725341797,103.19000244140625,103.52999877929688,189250.0
2014-07-08,1318.4000244140625,1323.5,1316.0,1316.0,6.0,59.882999420166016,59.97800064086914,59.678001403808594,59.948001861572266,0.0,7804.0498046875,7808.85009765625,7595.89990234375,7623.2001953125,180600.0,103.38999938964844,104.19999694824219,103.01000213623047,103.4000015258789,249378.0
2014-07-09,1324.0,1330.4000244140625,1323.800048828125,1323.800048828125,16.0,59.74800109863281,59.928001403808594,59.66400146484375,59.74800109863281,0.0,7637.9501953125,7650.10009765625,7551.64990234375,7585.0,168300.0,103.44999694824219,103.5999984741211,101.8499984741211,102.29000091552734,250987.0
2014-07-10,1330.5,1343.699951171875,1328.0,1338.699951171875,28.0,59.68299865722656,60.20800018310547,59.577999114990234,59.757999420166016,0.0,7589.5,7731.0498046875,7479.0498046875,7567.75,258400.0,101.94999694824219,103.0,101.55000305175781,102.93000030517578,238076.0
2014-07-11,1337.9000244140625,1339.0,1336.199951171875,1337.0,112.0,60.1879997253418,60.29800033569336,59.917999267578125,60.1879997253418,0.0,7584.10009765625,7625.85009765625,7447.2001953125,7459.60009765625,187600.0,102.86000061035156,102.91999816894531,100.44000244140625,100.83000183105469,272550.0
2014-07-14,1332.800048828125,1332.800048828125,1304.699951171875,1306.300048828125,103.0,60.0880012512207,60.185001373291016,59.90999984741211,60.0880012512207,0.0,7469.0,7478.4501953125,7422.14990234375,7454.14990234375,135200.0,100.45999908447266,101.19999694824219,100.22000122070312,100.91000366210938,252675.0
2014-07-15,1307.4000244140625,1311.9000244140625,1294.0999755859375,1296.9000244140625,368.0,60.060001373291016,60.222999572753906,60.0,60.060001373291016,0.0,7491.2998046875,7534.89990234375,7459.14990234375,7526.64990234375,122100.0,100.93000030517578,101.05999755859375,99.01000213623047,99.95999908447266,331196.0
2014-07-16,1298.4000244140625,1303.0999755859375,1296.9000244140625,1299.5999755859375,34.0,60.11800003051758,60.25,60.040000915527344,60.16999816894531,0.0,7564.14990234375,7640.10009765625,7532.4501953125,7624.39990234375,168000.0,100.20999908447266,101.5999984741211,100.06999969482422,101.19999694824219,240202.0
2014-07-17,1303.0999755859375,1323.800048828125,1303.0999755859375,1316.699951171875,16.0,60.11800003051758,60.34000015258789,59.970001220703125,60.08000183105469,0.0,7612.7001953125,7655.64990234375,7612.7001953125,7640.4501953125,141600.0,101.48999786376953,103.9000015258789,101.2699966430664,103.19000244140625,342872.0
2014-07-18,1322.699951171875,1322.699951171875,1306.199951171875,1309.199951171875,27.0,60.599998474121094,60.619998931884766,60.178001403808594,60.599998474121094,0.0,7630.25,7685.0,7595.5,7663.89990234375,134600.0,103.72000122070312,103.94000244140625,102.58000183105469,103.12999725341797,172529.0
2014-07-21,1311.0,1315.5,1311.0,1313.699951171875,18.0,60.27799987792969,60.34299850463867,60.02000045776367,60.27799987792969,0.0,7701.64990234375,7722.10009765625,7674.0,7684.2001953125,105400.0,102.97000122070312,104.98999786376953,102.6500015258789,104.58999633789062,126986.0
2014-07-22,1306.0999755859375,1306.0999755859375,1306.0999755859375,1306.0999755859375,2.0,60.25,60.29999923706055,60.04999923706055,60.25,0.0,7708.2001953125,7773.85009765625,7704.7998046875,7767.85009765625,120100.0,104.58000183105469,105.25,103.88999938964844,104.41999816894531,252395.0
2014-07-23,1304.5,1304.5,1304.5,1304.5,0.0,60.097999572753906,60.189998626708984,59.869998931884766,60.097999572753906,0.0,7794.89990234375,7809.2001953125,7752.89990234375,7795.75,122100.0,101.95999908447266,103.33999633789062,101.79000091552734,103.12000274658203,260652.0
2014-07-24,1297.5,1297.5,1290.5999755859375,1290.5999755859375,1.0,60.01300048828125,60.15800094604492,59.7400016784668,59.86000061035156,0.0,7796.25,7835.64990234375,7771.64990234375,7830.60009765625,117600.0,103.19999694824219,103.30999755859375,101.87999725341797,102.06999969482422,194404.0
2014-07-25,1294.800048828125,1303.0999755859375,1294.800048828125,1303.0999755859375,8.0,60.11800003051758,60.189998626708984,59.97999954223633,60.060001373291016,0.0,7828.2001953125,7840.9501953125,7748.60009765625,7790.4501953125,153900.0,102.04000091552734,102.52999877929688,101.0,102.08999633789062,284919.0
2014-07-28,1307.4000244140625,1308.0,1303.300048828125,1303.300048828125,52.0,60.04999923706055,60.15800094604492,59.90999984741211,60.053001403808594,0.0,7792.89990234375,7799.89990234375,7722.64990234375,7748.7001953125,116500.0,101.87000274658203,102.0999984741211,100.9000015258789,101.66999816894531,197815.0
2014-07-30,1298.5999755859375,1303.0,1291.0,1294.9000244140625,36189.0,60.040000915527344,60.380001068115234,60.02000045776367,60.040000915527344,0.0,7746.2001953125,7798.7001953125,7707.60009765625,7791.39990234375,178100.0,101.02999877929688,101.66999816894531,99.41999816894531,100.2699966430664,263974.0
2014-07-31,1295.0999755859375,1297.300048828125,1280.5999755859375,1281.300048828125,5663.0,60.05799865722656,60.880001068115234,60.05799865722656,60.25,0.0,7784.64990234375,7791.85009765625,7711.14990234375,7721.2998046875,208900.0,99.47000122070312,99.8499984741211,97.5999984741211,98.16999816894531,335785.0
2014-08-01,1284.0999755859375,1296.5999755859375,1279.699951171875,1293.5999755859375,1985.0,60.54800033569336,61.43000030517578,60.5099983215332,60.77000045776367,0.0,7662.5,7716.7001953125,7593.89990234375,7602.60009765625,181100.0,97.69999694824219,98.0999984741211,97.08999633789062,97.87999725341797,274992.0
2014-08-04,1294.4000244140625,1295.0,1285.9000244140625,1287.699951171875,917.0,61.20800018310547,61.209999084472656,60.81999969482422,61.20800018310547,0.0,7639.5498046875,7694.7998046875,7622.0498046875,7683.64990234375,137000.0,97.66999816894531,98.66999816894531,97.43000030517578,98.29000091552734,204262.0
2014-08-05,1288.0,1292.699951171875,1282.5999755859375,1284.0,825.0,60.900001525878906,61.08000183105469,60.66999816894531,60.900001525878906,0.0,7706.64990234375,7752.4501953125,7638.0498046875,7746.5498046875,128200.0,98.41000366210938,98.66999816894531,97.0,97.37999725341797,242237.0
2014-08-06,1288.0999755859375,1309.0,1287.800048828125,1306.699951171875,706.0,60.84299850463867,61.56999969482422,60.84299850463867,60.84299850463867,0.0,7726.14990234375,7740.9501953125,7658.9501953125,7672.0498046875,116400.0,97.62000274658203,98.12999725341797,96.69000244140625,96.91999816894531,263598.0
2014-08-07,1305.300048828125,1313.0999755859375,1302.5,1310.800048828125,225.0,61.49300003051758,61.540000915527344,61.189998626708984,61.189998626708984,0.0,7651.14990234375,7708.9501953125,7630.39990234375,7649.25,116800.0,96.88999938964844,97.72000122070312,96.55000305175781,97.33999633789062,286531.0
2014-08-08,1310.800048828125,1321.4000244140625,1308.0,1308.9000244140625,586.0,61.237998962402344,61.720001220703125,61.08000183105469,61.237998962402344,0.0,7588.7001953125,7592.4501953125,7540.10009765625,7568.5498046875,118400.0,97.63999938964844,98.44999694824219,97.1500015258789,97.6500015258789,266006.0
2014-08-11,1308.4000244140625,1309.699951171875,1305.300048828125,1308.5,194.0,61.13800048828125,61.27000045776367,60.97999954223633,61.13800048828125,0.0,7619.85009765625,7635.5498046875,7598.60009765625,7625.9501953125,107000.0,97.54000091552734,98.58000183105469,97.37000274658203,98.08000183105469,241493.0
2014-08-12,1306.199951171875,1315.800048828125,1305.800048828125,1308.800048828125,438.0,61.167999267578125,61.33000183105469,61.06800079345703,61.119998931884766,0.0,7688.7998046875,7735.75,7654.7998046875,7727.0498046875,120600.0,97.83999633789062,97.94000244140625,96.80999755859375,97.37000274658203,242592.0
2014-08-13,1308.800048828125,1312.800048828125,1305.0,1312.800048828125,238.0,61.077999114990234,61.290000915527344,60.970001220703125,61.220001220703125,0.0,7717.2998046875,7757.10009765625,7695.7001953125,7739.5498046875,154100.0,97.19999694824219,97.77999877929688,96.75,97.58999633789062,253703.0
2014-08-14,1311.800048828125,1316.4000244140625,1309.699951171875,1313.9000244140625,320.0,61.02000045776367,61.112998962402344,60.7400016784668,61.02000045776367,0.0,7756.14990234375,7796.7001953125,7739.10009765625,7791.7001953125,127300.0,97.30000305175781,97.58999633789062,95.26000213623047,95.58000183105469,350619.0
2014-08-18,1301.4000244140625,1302.0999755859375,1295.699951171875,1297.699951171875,100.0,60.959999084472656,60.959999084472656,60.72999954223633,60.77299880981445,0.0,7785.25,7880.5,7779.2001953125,7874.25,126700.0,97.0999984741211,97.16000366210938,95.80999755859375,96.41000366210938,157537.0
2014-08-19,1298.800048828125,1301.5999755859375,1294.0,1295.0999755859375,144.0,60.81999969482422,60.81999969482422,60.54999923706055,60.81999969482422,0.0,7901.0,7918.5498046875,7881.14990234375,7897.5,140600.0,96.55999755859375,97.05000305175781,94.26000213623047,94.4800033569336,109041.0
2014-08-20,1295.4000244140625,1295.800048828125,1288.4000244140625,1293.4000244140625,332.0,60.667999267578125,60.900001525878906,60.40999984741211,60.7400016784668,0.0,7915.7998046875,7922.7001953125,7864.0498046875,7875.2998046875,117300.0,94.69999694824219,96.47000122070312,94.69999694824219,96.06999969482422,207152.0
2014-08-21,1290.0,1290.0,1272.0,1273.699951171875,264.0,60.608001708984375,60.810001373291016,60.5,60.608001708984375,0.0,7875.35009765625,7919.64990234375,7855.9501953125,7891.10009765625,115200.0,93.48999786376953,94.44999694824219,92.5,93.95999908447266,226343.0
2014-08-22,1276.0,1280.0,1275.0,1278.5999755859375,119.0,60.667999267578125,60.667999267578125,60.279998779296875,60.439998626708984,0.0,7904.5498046875,7929.0498046875,7900.0498046875,7913.2001953125,104100.0,93.88999938964844,94.04000091552734,92.91999816894531,93.6500015258789,191457.0
2014-08-25,1277.300048828125,1277.5999755859375,1273.699951171875,1277.300048828125,251.0,60.4630012512207,60.56800079345703,60.36000061035156,60.4630012512207,0.0,7931.75,7968.25,7897.9501953125,7906.2998046875,118500.0,93.33999633789062,93.94999694824219,93.05000305175781,93.3499984741211,137420.0
2014-08-26,1289.4000244140625,1289.5,1281.0999755859375,1283.800048828125,74.0,60.5629997253418,60.5629997253418,60.349998474121094,60.5099983215332,0.0,7874.5,7915.4501953125,7862.4501953125,7904.75,142800.0,93.36000061035156,94.3499984741211,93.3499984741211,93.86000061035156,176280.0
2014-08-27,1281.5,1282.300048828125,1281.5,1281.9000244140625,783.0,60.428001403808594,60.50299835205078,60.290000915527344,60.428001403808594,0.0,7933.89990234375,7946.85009765625,7916.5498046875,7936.0498046875,120000.0,93.87999725341797,94.23999786376953,93.36000061035156,93.87999725341797,174908.0
2014-08-28,1284.5,1293.699951171875,1284.300048828125,1288.699951171875,817.0,60.448001861572266,60.689998626708984,60.279998779296875,60.448001861572266,0.0,7942.25,7967.7998046875,7939.2001953125,7954.35009765625,189700.0,93.75,94.70999908447266,93.44999694824219,94.55000305175781,262292.0
2014-09-02,1284.5,1286.4000244140625,1262.5,1263.699951171875,280.0,60.52299880981445,60.70000076293945,60.400001525878906,60.52299880981445,0.0,8038.60009765625,8101.9501953125,8036.5498046875,8083.0498046875,134900.0,95.80999755859375,95.91000366210938,92.68000030517578,92.87999725341797,320356.0
2014-09-03,1266.300048828125,1271.0999755859375,1263.0999755859375,1268.9000244140625,279.0,60.678001403808594,60.678001403808594,60.327999114990234,60.678001403808594,0.0,8110.85009765625,8141.89990234375,8092.25,8114.60009765625,150700.0,93.27999877929688,95.83000183105469,93.05999755859375,95.54000091552734,294395.0
2014-09-04,1268.699951171875,1272.699951171875,1260.4000244140625,1265.0999755859375,290.0,60.38999938964844,60.483001708984375,60.11000061035156,60.38999938964844,0.0,8114.2001953125,8114.7998046875,8060.89990234375,8095.9501953125,141300.0,95.06999969482422,95.38999938964844,94.16000366210938,94.44999694824219,254140.0
2014-09-05,1263.199951171875,1268.0999755859375,1263.199951171875,1265.800048828125,123.0,60.35300064086914,60.49800109863281,60.15999984741211,60.369998931884766,0.0,8099.89990234375,8122.7001953125,8049.85009765625,8086.85009765625,126000.0,94.56999969482422,94.98999786376953,92.86000061035156,93.29000091552734,261386.0
2014-09-08,1268.4000244140625,1268.4000244140625,1252.699951171875,1252.699951171875,2.0,60.20000076293945,60.38800048828125,60.06999969482422,60.38800048828125,0.0,8132.9501953125,8180.2001953125,8126.14990234375,8173.89990234375,120700.0,93.48999786376953,93.62000274658203,91.80000305175781,92.66000366210938,277990.0
2014-09-09,1246.800048828125,1246.800048828125,1246.800048828125,1246.800048828125,0.0,60.268001556396484,60.86000061035156,60.268001556396484,60.380001068115234,0.0,8161.89990234375,8174.5498046875,8126.5,8152.9501953125,104700.0,93.11000061035156,93.94000244140625,92.5199966430664,92.75,275876.0
2014-09-10,1256.699951171875,1256.699951171875,1243.5,1243.5,95.0,60.597999572753906,61.04999923706055,60.597999572753906,60.790000915527344,0.0,8135.5498046875,8135.75,8082.10009765625,8094.10009765625,107100.0,92.79000091552734,93.02999877929688,91.22000122070312,91.66999816894531,295306.0
2014-09-11,1237.4000244140625,1237.4000244140625,1237.4000244140625,1237.4000244140625,0.0,60.92300033569336,60.939998626708984,60.71799850463867,60.79999923706055,0.0,8115.14990234375,8127.9501953125,8057.2998046875,8085.7001953125,122800.0,91.70999908447266,93.44000244140625,90.43000030517578,92.83000183105469,403175.0
2014-09-12,1227.0,1229.9000244140625,1227.0,1229.9000244140625,47.0,60.92300033569336,61.007999420166016,60.64799880981445,60.810001373291016,0.0,8087.0498046875,8114.2998046875,8071.60009765625,8105.5,111400.0,93.05000305175781,93.66999816894531,91.95999908447266,92.2699966430664,297768.0
2014-09-15,1226.699951171875,1235.0,1226.699951171875,1233.5999755859375,21.0,60.64799880981445,61.15999984741211,60.64799880981445,60.64799880981445,0.0,8070.35009765625,8077.2998046875,8030.0,8042.0,96500.0,92.12999725341797,93.02999877929688,90.62999725341797,92.91999816894531,260506.0
2014-09-16,1238.300048828125,1238.300048828125,1235.199951171875,1235.199951171875,3.0,60.970001220703125,61.15800094604492,60.84000015258789,60.970001220703125,0.0,8036.60009765625,8044.89990234375,7925.14990234375,7932.89990234375,128000.0,92.80999755859375,95.19000244140625,92.45999908447266,94.87999725341797,294723.0
2014-09-17,1236.199951171875,1236.199951171875,1221.9000244140625,1234.4000244140625,10.0,61.053001403808594,61.053001403808594,60.66999816894531,61.053001403808594,0.0,7971.5,7990.64990234375,7936.9501953125,7975.5,123700.0,94.70999908447266,95.05999755859375,93.73999786376953,94.41999816894531,305832.0
2014-09-18,1216.199951171875,1225.699951171875,1216.199951171875,1225.699951171875,5.0,60.90800094604492,61.20000076293945,60.70000076293945,60.90800094604492,0.0,7950.64990234375,8120.85009765625,7939.7001953125,8114.75,116900.0,93.97000122070312,94.81999969482422,92.8499984741211,93.06999969482422,170772.0
2014-09-19,1218.300048828125,1218.300048828125,1215.300048828125,1215.300048828125,4.0,60.689998626708984,60.88800048828125,60.599998474121094,60.689998626708984,0.0,8129.39990234375,8160.89990234375,8105.35009765625,8121.4501953125,161300.0,92.97000122070312,93.22000122070312,91.8499984741211,92.41000366210938,92780.0
2014-09-22,1214.9000244140625,1216.800048828125,1212.4000244140625,1216.800048828125,7.0,60.81999969482422,60.97999954223633,60.709999084472656,60.85300064086914,0.0,8084.4501953125,8159.89990234375,8064.7998046875,8146.2998046875,105500.0,92.22000122070312,92.63999938964844,91.19999694824219,91.5199966430664,229232.0
2014-09-23,1221.0,1221.0,1221.0,1221.0,5.0,60.9379997253418,61.04800033569336,60.59000015258789,61.0,0.0,8144.39990234375,8159.75,8008.10009765625,8017.5498046875,140800.0,90.69999694824219,92.08999633789062,90.58000183105469,91.55999755859375,247770.0
2014-09-24,1218.5999755859375,1218.5999755859375,1216.800048828125,1218.5999755859375,2.0,61.04800033569336,61.04800033569336,60.84000015258789,60.97999954223633,0.0,8015.5498046875,8042.0498046875,7950.0498046875,8002.39990234375,182200.0,91.72000122070312,93.29000091552734,91.12000274658203,92.80000305175781,282634.0
2014-09-25,1209.5,1221.199951171875,1209.5,1221.199951171875,11.0,60.810001373291016,61.459999084472656,60.810001373291016,60.810001373291016,0.0,8003.2998046875,8019.2998046875,7877.35009765625,7911.85009765625,231900.0,92.88999938964844,93.54000091552734,92.05000305175781,92.52999877929688,248852.0
2014-09-26,1214.0999755859375,1214.0999755859375,1214.0999755859375,1214.0999755859375,19497.0,61.4900016784668,61.599998474121094,61.01300048828125,61.4900016784668,0.0,7885.85009765625,7993.2998046875,7841.7998046875,7968.85009765625,147800.0,92.47000122070312,93.86000061035156,92.2300033569336,93.54000091552734,258890.0
2014-09-29,1216.300048828125,1222.199951171875,1214.800048828125,1217.5,6344.0,61.380001068115234,61.619998931884766,61.13800048828125,61.13800048828125,0.0,7978.4501953125,7991.75,7934.7001953125,7958.89990234375,97300.0,93.3499984741211,94.63999938964844,92.73999786376953,94.56999969482422,261246.0
2014-09-30,1214.800048828125,1218.199951171875,1204.0,1210.5,680.0,61.553001403808594,62.0099983215332,61.4900016784668,61.553001403808594,0.0,7948.7998046875,8030.89990234375,7923.85009765625,7964.7998046875,141100.0,94.33999633789062,94.9000015258789,90.86000061035156,91.16000366210938,429251.0
2014-10-01,1207.699951171875,1217.800048828125,1205.5,1214.5999755859375,178.0,61.81999969482422,62.0,61.56999969482422,61.81999969482422,0.0,7960.5,7977.5,7936.7001953125,7945.5498046875,113000.0,91.36000061035156,92.95999908447266,90.47000122070312,90.7300033569336,389246.0
2014-10-07,1209.0999755859375,1211.699951171875,1205.300048828125,1211.699951171875,272.0,61.209999084472656,61.53799819946289,61.18000030517578,61.209999084472656,0.0,7897.39990234375,7943.0498046875,7842.7001953125,7852.39990234375,148200.0,90.44999694824219,90.56999969482422,88.37999725341797,88.8499984741211,300113.0
2014-10-08,1210.199951171875,1217.9000244140625,1205.300048828125,1205.300048828125,9.0,61.29800033569336,61.540000915527344,61.27000045776367,61.27000045776367,0.0,7828.75,7869.89990234375,7815.75,7842.7001953125,135900.0,88.43000030517578,88.62999725341797,86.83000183105469,87.30999755859375,373752.0
2014-10-09,1223.9000244140625,1229.0,1223.9000244140625,1224.5999755859375,19.0,60.880001068115234,61.35300064086914,60.779998779296875,60.880001068115234,0.0,7886.5,7972.35009765625,7886.5,7960.5498046875,123800.0,87.7300033569336,87.94999694824219,84.05999755859375,85.7699966430664,345020.0
2014-10-10,1223.5,1223.5,1217.0,1221.0,186.0,61.04800033569336,61.347999572753906,60.97999954223633,61.02000045776367,0.0,7911.0,7924.0498046875,7848.4501953125,7859.9501953125,142900.0,84.38999938964844,86.29000091552734,83.58999633789062,85.81999969482422,396528.0
2014-10-13,1229.800048828125,1234.0,1227.0,1229.300048828125,103.0,61.27799987792969,61.279998779296875,60.7400016784668,61.27799987792969,0.0,7831.0,7901.14990234375,7796.0,7884.25,118800.0,85.19999694824219,85.87000274658203,84.06999969482422,85.73999786376953,292345.0
2014-10-14,1235.9000244140625,1235.9000244140625,1233.5999755859375,1233.5999755859375,73.0,61.00299835205078,61.470001220703125,60.88999938964844,61.00299835205078,0.0,7923.25,7928.0,7825.4501953125,7864.0,225500.0,84.9800033569336,85.5999984741211,81.31999969482422,81.83999633789062,475832.0
2014-10-16,1242.0999755859375,1243.0,1236.699951171875,1240.5,6.0,61.37300109863281,61.95000076293945,61.37300109863281,61.37300109863281,0.0,7837.2998046875,7893.89990234375,7729.64990234375,7748.2001953125,213500.0,81.05999755859375,84.83000183105469,79.77999877929688,82.69999694824219,424524.0
2014-10-17,1237.4000244140625,1238.300048828125,1232.5999755859375,1238.300048828125,356.0,61.722999572753906,61.737998962402344,61.02000045776367,61.722999572753906,0.0,7733.75,7819.2001953125,7723.85009765625,7779.7001953125,177600.0,83.18000030517578,84.44999694824219,82.44000244140625,82.75,174142.0
2014-10-20,1237.300048828125,1244.0,1235.4000244140625,1244.0,105.0,61.358001708984375,61.358001708984375,61.0099983215332,61.358001708984375,0.0,7896.9501953125,7905.9501953125,7856.9501953125,7879.39990234375,176200.0,83.12999725341797,83.4800033569336,81.55000305175781,82.70999908447266,83702.0
2014-10-21,1251.0,1251.0,1251.0,1251.0,48.0,61.22800064086914,61.358001708984375,61.0,61.22800064086914,0.0,7906.14990234375,7936.60009765625,7874.35009765625,7927.75,163400.0,82.76000213623047,84.05000305175781,82.29000091552734,82.80999755859375,297522.0
2014-10-22,1244.800048828125,1244.800048828125,1244.800048828125,1244.800048828125,2.0,61.143001556396484,61.28799819946289,61.0,61.143001556396484,0.0,7997.7998046875,8005.0,7974.5498046875,7995.89990234375,151100.0,82.55000305175781,83.1500015258789,80.22000122070312,80.5199966430664,352217.0
2014-10-27,1230.199951171875,1230.199951171875,1227.300048828125,1229.0999755859375,282.0,61.16299819946289,61.35499954223633,61.04999923706055,61.16299819946289,0.0,8064.35009765625,8064.39990234375,7985.64990234375,7991.7001953125,132800.0,81.2699966430664,81.29000091552734,79.44000244140625,81.0,285327.0
2014-10-28,1224.9000244140625,1231.0,1224.699951171875,1229.199951171875,46.0,61.24300003051758,61.404998779296875,61.13999938964844,61.29800033569336,0.0,8002.39990234375,8037.7998046875,7995.0498046875,8027.60009765625,124100.0,80.63999938964844,81.66000366210938,80.36000061035156,81.41999816894531,226066.0
2014-10-29,1224.300048828125,1224.300048828125,1224.300048828125,1224.300048828125,631.0,61.150001525878906,61.349998474121094,61.130001068115234,61.180999755859375,0.0,8077.0498046875,8097.9501953125,8052.25,8090.4501953125,148300.0,81.55000305175781,82.87999725341797,81.44000244140625,82.19999694824219,283762.0
2014-10-30,1213.699951171875,1214.699951171875,1195.800048828125,1198.0999755859375,521.0,61.28300094604492,61.540000915527344,61.28300094604492,61.28300094604492,0.0,8085.2001953125,8181.5498046875,8085.2001953125,8169.2001953125,205700.0,81.93000030517578,82.08999633789062,80.72000122070312,81.12000274658203,270072.0
2014-10-31,1199.5999755859375,1199.699951171875,1161.4000244140625,1171.0999755859375,260.0,61.43299865722656,61.608001708984375,61.27000045776367,61.43299865722656,0.0,8200.7998046875,8330.75,8198.0498046875,8322.2001953125,176200.0,81.04000091552734,81.2699966430664,79.55000305175781,80.54000091552734,294183.0
2014-11-03,1166.4000244140625,1172.300048828125,1163.0999755859375,1169.4000244140625,60.0,61.39799880981445,61.5,61.2599983215332,61.39799880981445,0.0,8348.150390625,8350.599609375,8297.650390625,8324.150390625,141100.0,80.58999633789062,80.9800033569336,78.08000183105469,78.77999877929688,386045.0
2014-11-05,1168.0999755859375,1168.699951171875,1137.800048828125,1145.4000244140625,157.0,61.28799819946289,61.54999923706055,61.27000045776367,61.28799819946289,0.0,8351.25,8365.5498046875,8323.5,8338.2998046875,161600.0,77.36000061035156,79.3499984741211,76.45999908447266,78.68000030517578,447691.0
2014-11-07,1139.9000244140625,1169.699951171875,1133.0,1169.5999755859375,97.0,61.5099983215332,61.7400016784668,61.290000915527344,61.49300003051758,0.0,8331.849609375,8360.349609375,8290.25,8337.0,153400.0,77.86000061035156,79.41000366210938,77.47000122070312,78.6500015258789,306077.0
2014-11-10,1171.0,1171.0,1150.699951171875,1159.5999755859375,40.0,61.400001525878906,61.56999969482422,61.31999969482422,61.51300048828125,0.0,8337.7998046875,8383.0498046875,8304.4501953125,8344.25,130700.0,78.5,79.8499984741211,77.12999725341797,77.4000015258789,319492.0
2014-11-11,1155.0,1170.5,1151.5999755859375,1162.800048828125,22.0,61.529998779296875,61.63999938964844,61.47800064086914,61.529998779296875,0.0,8354.099609375,8378.7001953125,8321.849609375,8362.650390625,122000.0,77.18000030517578,78.04000091552734,76.41999816894531,77.94000244140625,314309.0
2014-11-12,1162.5,1168.0999755859375,1157.5,1158.9000244140625,17.0,61.4900016784668,61.553001403808594,61.36000061035156,61.4900016784668,0.0,8378.900390625,8415.0498046875,8370.5,8383.2998046875,125200.0,77.5,78.08000183105469,76.62999725341797,77.18000030517578,359951.0
2014-11-13,1163.699951171875,1164.5,1155.0,1161.0999755859375,1047.0,61.38999938964844,61.584999084472656,61.310001373291016,61.36800003051758,0.0,8405.25,8408.0,8320.349609375,8357.849609375,127400.0,76.94999694824219,77.16000366210938,74.06999969482422,74.20999908447266,447012.0
2014-11-14,1155.199951171875,1191.0,1148.0,1185.0,486.0,61.540000915527344,61.85300064086914,61.4900016784668,61.59299850463867,0.0,8360.7001953125,8400.650390625,8346.7998046875,8389.900390625,146800.0,74.36000061035156,76.30000305175781,73.25,75.81999969482422,355245.0
2014-11-17,1183.0999755859375,1186.9000244140625,1180.5999755859375,1183.0,17.0,61.70800018310547,61.83000183105469,61.40999984741211,61.70800018310547,0.0,8378.400390625,8438.099609375,8349.099609375,8430.75,113900.0,75.93000030517578,76.18000030517578,74.70999908447266,75.63999938964844,279462.0
2014-11-18,1197.0999755859375,1197.0999755859375,1193.9000244140625,1196.699951171875,2.0,61.72800064086914,61.86000061035156,61.63999938964844,61.823001861572266,0.0,8441.25,8454.5,8407.25,8425.900390625,134700.0,75.48999786376953,76.44000244140625,74.12000274658203,74.61000061035156,186214.0
2014-11-19,1196.5,1198.300048828125,1190.5999755859375,1193.5999755859375,23.0,61.71799850463867,62.04999923706055,61.71799850463867,61.71799850463867,0.0,8440.650390625,8455.650390625,8360.5,8382.2998046875,125400.0,74.2300033569336,75.4000015258789,73.87999725341797,74.58000183105469,116278.0
2014-11-20,1191.800048828125,1191.9000244140625,1190.699951171875,1190.699951171875,3.0,61.9379997253418,62.2400016784668,61.86000061035156,61.9379997253418,0.0,8406.5,8410.849609375,8353.150390625,8401.900390625,122800.0,74.25,75.76000213623047,74.16999816894531,75.58000183105469,236720.0
2014-11-21,1191.0,1202.4000244140625,1189.0,1197.5,20.0,61.869998931884766,61.92300033569336,61.45000076293945,61.92300033569336,0.0,8408.2001953125,8489.7998046875,8398.599609375,8477.349609375,137000.0,76.29000091552734,77.83000183105469,75.62000274658203,76.51000213623047,275317.0
2014-11-24,1197.699951171875,1197.9000244140625,1195.5,1195.5,17.0,61.68000030517578,61.95800018310547,61.52000045776367,61.7599983215332,0.0,8490.9501953125,8534.650390625,8490.7998046875,8530.150390625,140700.0,76.62000274658203,77.0199966430664,75.44999694824219,75.77999877929688,194751.0
2014-11-25,1197.0999755859375,1197.0999755859375,1197.0999755859375,1197.0999755859375,210753.0,61.85300064086914,62.02799987792969,61.77000045776367,61.85300064086914,0.0,8530.7998046875,8535.349609375,8429.4501953125,8463.099609375,271900.0,75.51000213623047,76.58000183105469,73.70999908447266,74.08999633789062,294447.0
2014-11-26,1200.5,1201.0,1193.699951171875,1196.5999755859375,75297.0,61.84000015258789,61.900001525878906,61.72999954223633,61.84000015258789,0.0,8450.2998046875,8500.2998046875,8438.650390625,8475.75,151900.0,73.87000274658203,74.4800033569336,73.30000305175781,73.69000244140625,258382.0
2014-11-28,1197.0,1198.199951171875,1163.800048828125,1175.199951171875,11175.0,61.75299835205078,62.22999954223633,61.68000030517578,61.85300064086914,0.0,8516.7998046875,8617.0,8516.25,8588.25,197200.0,73.5,73.55999755859375,65.69000244140625,66.1500015258789,552882.0
2014-12-01,1160.0,1220.4000244140625,1141.699951171875,1218.0,5524.0,62.202999114990234,62.22999954223633,54.70000076293945,62.202999114990234,0.0,8605.099609375,8623.0,8545.150390625,8555.900390625,152000.0,66.0,69.54000091552734,63.720001220703125,69.0,504122.0
2014-12-02,1212.300048828125,1212.300048828125,1191.300048828125,1199.199951171875,1236.0,61.90299987792969,62.029998779296875,61.790000915527344,61.948001861572266,0.0,8535.4501953125,8560.2001953125,8504.650390625,8524.7001953125,137400.0,69.23999786376953,69.31999969482422,66.66999816894531,66.87999725341797,360300.0
2014-12-03,1198.0999755859375,1213.699951171875,1196.0999755859375,1208.5,440.0,61.78799819946289,61.948001861572266,61.290000915527344,61.78799819946289,0.0,8528.7001953125,8546.9501953125,8508.349609375,8537.650390625,153200.0,67.5999984741211,68.2300033569336,66.80000305175781,67.37999725341797,293483.0
2014-12-04,1208.199951171875,1213.0,1201.5999755859375,1207.5,358.0,61.85599899291992,61.95000076293945,61.7400016784668,61.85599899291992,0.0,8582.400390625,8626.9501953125,8526.400390625,8564.400390625,143500.0,67.4000015258789,68.22000122070312,66.08999633789062,66.80999755859375,237011.0
2014-12-05,1203.0999755859375,1206.0,1186.699951171875,1190.0999755859375,560.0,61.619998931884766,61.97999954223633,61.369998931884766,61.78300094604492,0.0,8584.25,8588.349609375,8523.900390625,8538.2998046875,143300.0,66.80000305175781,66.88999938964844,65.16999816894531,65.83999633789062,276529.0
2014-12-08,1190.5999755859375,1207.0,1187.199951171875,1194.699951171875,183.0,61.9109992980957,61.9900016784668,61.779998779296875,61.9109992980957,0.0,8538.650390625,8546.349609375,8432.25,8438.25,163800.0,65.45999908447266,65.55000305175781,62.779998779296875,63.04999923706055,330077.0
2014-12-09,1202.0,1238.0,1202.0,1231.5,314.0,61.81800079345703,61.95000076293945,61.779998779296875,61.81800079345703,0.0,8439.2998046875,8444.5,8330.5,8340.7001953125,146300.0,63.0099983215332,64.19999694824219,62.25,63.81999969482422,322804.0
2014-12-10,1231.199951171875,1234.5999755859375,1226.5999755859375,1228.9000244140625,306.0,61.79800033569336,62.119998931884766,61.76300048828125,61.87300109863281,0.0,8318.0498046875,8376.7998046875,8317.0,8355.650390625,136700.0,63.33000183105469,63.43000030517578,60.43000030517578,60.939998626708984,456172.0
2014-12-11,1226.5999755859375,1231.199951171875,1216.199951171875,1225.0999755859375,264.0,62.00299835205078,62.529998779296875,62.00299835205078,62.00299835205078,0.0,8338.849609375,8348.2998046875,8272.400390625,8292.900390625,133900.0,61.119998931884766,61.68000030517578,58.959999084472656,59.95000076293945,392493.0
2014-12-12,1227.800048828125,1227.800048828125,1216.199951171875,1222.0,203.0,62.202999114990234,62.59000015258789,62.202999114990234,62.472999572753906,0.0,8302.0,8321.900390625,8216.2998046875,8224.099609375,138100.0,59.16999816894531,59.56999969482422,57.34000015258789,57.810001373291016,414224.0
2014-12-15,1223.0999755859375,1223.0999755859375,1198.4000244140625,1207.199951171875,77.0,62.518001556396484,63.29999923706055,62.27000045776367,62.518001556396484,0.0,8160.75,8242.400390625,8152.5,8219.599609375,137100.0,57.06999969482422,58.72999954223633,55.02000045776367,55.90999984741211,424946.0
2014-12-16,1197.199951171875,1222.0,1192.699951171875,1193.9000244140625,223.0,62.90299987792969,63.95000076293945,62.803001403808594,63.167999267578125,0.0,8172.60009765625,8189.35009765625,8052.60009765625,8067.60009765625,197300.0,55.400001525878906,57.150001525878906,53.599998474121094,55.93000030517578,518784.0
2014-12-17,1198.199951171875,1199.5999755859375,1184.0,1194.300048828125,94.0,63.52799987792969,63.87799835205078,63.349998474121094,63.65299987792969,0.0,8041.2001953125,8082.0,7961.35009765625,8029.7998046875,216200.0,55.5,58.97999954223633,54.209999084472656,56.470001220703125,351977.0
2014-12-18,1189.699951171875,1207.300048828125,1189.699951171875,1194.699951171875,197.0,63.22999954223633,63.518001556396484,62.79999923706055,63.518001556396484,0.0,8138.89990234375,8174.2998046875,8084.89990234375,8159.2998046875,162100.0,55.83000183105469,58.72999954223633,54.04999923706055,54.11000061035156,106315.0
2014-12-19,1198.0,1200.800048828125,1195.9000244140625,1195.9000244140625,96.0,62.9900016784668,63.327999114990234,62.959999084472656,62.983001708984375,0.0,8230.4501953125,8263.4501953125,8208.599609375,8225.2001953125,174800.0,55.5,56.90999984741211,54.20000076293945,56.52000045776367,383536.0
2014-12-22,1198.0,1198.0,1172.699951171875,1179.699951171875,223.0,63.237998962402344,63.29999923706055,62.939998626708984,63.2400016784668,0.0,8255.0,8330.9501953125,8228.2001953125,8324.0,139200.0,57.75,58.529998779296875,55.130001068115234,55.2599983215332,277319.0
2014-12-23,1179.300048828125,1180.300048828125,1175.0,1177.9000244140625,232.0,63.222999572753906,63.47999954223633,63.150001525878906,63.222999572753906,0.0,8324.599609375,8364.75,8252.849609375,8267.0,132200.0,55.38999938964844,57.560001373291016,55.060001373291016,57.119998931884766,274003.0
2014-12-24,1177.0,1179.300048828125,1173.5,1173.5,23.0,63.33000183105469,63.55799865722656,63.209999084472656,63.43299865722656,0.0,8272.0498046875,8286.400390625,8155.25,8174.10009765625,221900.0,56.79999923706055,57.150001525878906,55.06999969482422,55.84000015258789,174969.0
2014-12-26,1177.199951171875,1195.300048828125,1177.199951171875,1195.300048828125,124.0,63.43000030517578,63.650001525878906,63.25,63.51300048828125,0.0,8204.7998046875,8234.5498046875,8147.9501953125,8200.7001953125,75500.0,55.86000061035156,56.59000015258789,54.5099983215332,54.72999954223633,127202.0
2014-12-29,1186.5,1186.5,1181.300048828125,1181.699951171875,180.0,63.51300048828125,63.70800018310547,63.51300048828125,63.59000015258789,0.0,8214.7001953125,8279.150390625,8214.7001953125,8246.2998046875,82100.0,55.04999923706055,55.7400016784668,52.900001525878906,53.61000061035156,241378.0
2014-12-30,1181.4000244140625,1210.300048828125,1181.4000244140625,1200.199951171875,191.0,63.66299819946289,63.77799987792969,63.2400016784668,63.66299819946289,0.0,8260.2998046875,8268.25,8220.5498046875,8248.25,77700.0,53.720001220703125,54.31999969482422,52.70000076293945,54.119998931884766,218557.0
2014-12-31,1199.199951171875,1199.199951171875,1182.699951171875,1183.9000244140625,92.0,63.37799835205078,63.380001068115234,62.880001068115234,63.37799835205078,0.0,8243.900390625,8291.0,8243.75,8282.7001953125,84500.0,53.869998931884766,54.02000045776367,52.439998626708984,53.27000045776367,233516.0
2015-01-02,1184.0,1194.5,1169.5,1186.0,138.0,63.09000015258789,63.459999084472656,62.900001525878906,63.02799987792969,0.0,8288.7001953125,8410.599609375,8288.7001953125,8395.4501953125,101900.0,53.7599983215332,55.11000061035156,52.029998779296875,52.689998626708984,268708.0
2015-01-05,1180.300048828125,1206.9000244140625,1180.0999755859375,1203.9000244140625,470.0,63.27799987792969,63.47999954223633,63.16999816894531,63.27799987792969,0.0,8407.9501953125,8445.599609375,8363.900390625,8378.400390625,118200.0,52.61000061035156,52.72999954223633,49.68000030517578,50.040000915527344,375782.0
2015-01-06,1203.5,1220.0,1203.5,1219.300048828125,97.0,63.3380012512207,63.61800003051758,63.25,63.3380012512207,0.0,8325.2998046875,8327.849609375,8111.35009765625,8127.35009765625,172800.0,50.0,50.369998931884766,47.54999923706055,47.93000030517578,451642.0
2015-01-07,1219.199951171875,1219.199951171875,1210.5999755859375,1210.5999755859375,29.0,63.470001220703125,63.58000183105469,63.150001525878906,63.56800079345703,0.0,8118.64990234375,8151.2001953125,8065.4501953125,8102.10009765625,164100.0,48.0,49.310001373291016,46.83000183105469,48.650001525878906,460083.0
2015-01-08,1207.0,1215.699951171875,1206.300048828125,1208.4000244140625,92.0,63.27299880981445,63.27299880981445,61.599998474121094,63.27299880981445,0.0,8191.39990234375,8243.5,8167.2998046875,8234.599609375,143800.0,48.779998779296875,49.650001525878906,47.72999954223633,48.790000915527344,362081.0
2015-01-09,1211.0999755859375,1220.199951171875,1210.300048828125,1216.0,43.0,62.667999267578125,62.667999267578125,62.0,62.667999267578125,0.0,8285.4501953125,8303.2998046875,8190.7998046875,8284.5,148000.0,48.91999816894531,49.61000061035156,47.15999984741211,48.36000061035156,421007.0
2015-01-12,1224.199951171875,1234.4000244140625,1219.0999755859375,1232.699951171875,100.0,62.347999572753906,62.347999572753906,61.93000030517578,62.347999572753906,0.0,8291.349609375,8332.599609375,8245.599609375,8323.0,103200.0,48.189998626708984,48.189998626708984,45.619998931884766,46.06999969482422,394946.0
2015-01-13,1239.199951171875,1239.300048828125,1230.300048828125,1234.300048828125,20.0,62.06800079345703,62.167999267578125,61.91999816894531,62.06800079345703,0.0,8346.150390625,8356.650390625,8267.900390625,8299.400390625,129600.0,45.689998626708984,46.790000915527344,44.20000076293945,45.88999938964844,476541.0
2015-01-14,1229.5999755859375,1243.800048828125,1225.5999755859375,1234.4000244140625,21.0,61.972999572753906,62.22800064086914,61.869998931884766,61.972999572753906,0.0,8307.25,8326.4501953125,8236.650390625,8277.5498046875,146100.0,46.15999984741211,48.90999984741211,45.0099983215332,48.47999954223633,510252.0
2015-01-15,1231.5,1265.0,1227.300048828125,1264.699951171875,130.0,62.15999984741211,62.16999816894531,61.40999984741211,62.0880012512207,0.0,8424.5,8527.099609375,8380.5498046875,8494.150390625,232100.0,48.599998474121094,51.27000045776367,46.06999969482422,46.25,478340.0
2015-01-16,1256.0999755859375,1279.699951171875,1256.0999755859375,1276.9000244140625,44.0,62.05799865722656,62.18000030517578,61.59000015258789,62.05799865722656,0.0,8504.0498046875,8530.75,8452.25,8513.7998046875,176000.0,46.349998474121094,48.869998931884766,45.95000076293945,48.689998626708984,175626.0
2015-01-20,1278.9000244140625,1297.300048828125,1273.800048828125,1294.199951171875,157.0,61.65999984741211,61.88800048828125,61.61000061035156,61.63800048828125,0.0,8575.099609375,8707.900390625,8574.5,8695.599609375,158700.0,48.689998626708984,48.77000045776367,45.88999938964844,46.38999938964844,438892.0
2015-01-21,1295.199951171875,1303.5,1286.699951171875,1293.699951171875,78.0,61.619998931884766,61.709999084472656,61.40999984741211,61.64799880981445,0.0,8719.650390625,8741.849609375,8689.599609375,8729.5,185900.0,46.689998626708984,48.20000076293945,46.54999923706055,47.779998779296875,340252.0
2015-01-22,1293.199951171875,1302.0999755859375,1283.5,1300.699951171875,131.0,61.52000045776367,61.77000045776367,61.33000183105469,61.553001403808594,0.0,8745.849609375,8774.150390625,8727.0,8761.400390625,175500.0,47.349998474121094,49.09000015258789,45.869998931884766,46.310001373291016,426829.0
2015-01-23,1299.800048828125,1299.800048828125,1292.5999755859375,1292.5999755859375,23.0,61.529998779296875,61.597999572753906,61.22999954223633,61.597999572753906,0.0,8827.9501953125,8866.400390625,8795.400390625,8835.599609375,191200.0,46.630001068115234,47.7599983215332,45.209999084472656,45.59000015258789,374289.0
2015-01-27,1277.199951171875,1291.699951171875,1277.199951171875,1291.699951171875,20.0,61.472999572753906,61.483001708984375,61.27000045776367,61.472999572753906,0.0,8871.349609375,8925.0498046875,8825.4501953125,8910.5,192000.0,45.130001068115234,46.54999923706055,44.810001373291016,46.22999954223633,313141.0
2015-01-28,1285.9000244140625,1286.800048828125,1285.9000244140625,1285.9000244140625,180387.0,61.33000183105469,61.529998779296875,61.18000030517578,61.40299987792969,0.0,8902.75,8985.0498046875,8874.0498046875,8914.2998046875,185100.0,45.83000183105469,45.83000183105469,44.08000183105469,44.45000076293945,365440.0
2015-01-29,1283.300048828125,1285.4000244140625,1251.0,1254.5999755859375,67983.0,61.06999969482422,61.90299987792969,61.06999969482422,61.35100173950195,0.0,8901.5,8966.650390625,8861.25,8952.349609375,256300.0,44.43000030517578,44.959999084472656,43.58000183105469,44.529998779296875,300732.0
2015-01-30,1258.0,1284.300048828125,1257.0,1278.5,8626.0,61.79499816894531,62.08000183105469,61.689998626708984,61.79600143432617,0.0,8996.599609375,8996.599609375,8775.099609375,8808.900390625,267300.0,44.630001068115234,48.349998474121094,44.310001373291016,48.2400016784668,454142.0
2015-02-02,1284.0999755859375,1284.0999755859375,1266.0,1276.199951171875,1654.0,62.01300048828125,62.040000915527344,61.59000015258789,62.01300048828125,0.0,8802.5,8840.7998046875,8751.099609375,8797.400390625,210100.0,47.59000015258789,50.560001373291016,46.66999816894531,49.56999969482422,511409.0
2015-02-03,1273.5,1284.699951171875,1255.300048828125,1259.699951171875,2380.0,61.76499938964844,61.869998931884766,61.59000015258789,61.72800064086914,0.0,8823.150390625,8837.2998046875,8726.650390625,8756.5498046875,208700.0,49.790000915527344,54.2400016784668,49.689998626708984,53.04999923706055,644919.0
2015-02-04,1262.0,1271.5999755859375,1256.800048828125,1263.800048828125,668.0,61.6150016784668,61.900001525878906,61.540000915527344,61.61399841308594,0.0,8789.150390625,8792.849609375,8704.400390625,8723.7001953125,195300.0,51.66999816894531,52.560001373291016,47.95000076293945,48.45000076293945,577515.0
2015-02-05,1271.800048828125,1272.5999755859375,1257.800048828125,1262.0,133.0,61.874000549316406,61.970001220703125,61.689998626708984,61.86000061035156,0.0,8733.099609375,8838.4501953125,8683.650390625,8711.7001953125,173600.0,48.66999816894531,52.099998474121094,47.36000061035156,50.47999954223633,596851.0
2015-02-06,1265.0,1267.5999755859375,1228.0,1233.9000244140625,432.0,61.792999267578125,61.959999084472656,61.58000183105469,61.733001708984375,0.0,8696.849609375,8726.2001953125,8645.5498046875,8661.0498046875,171300.0,50.86000061035156,53.15999984741211,50.720001220703125,51.689998626708984,584976.0
2015-02-09,1237.5,1242.300048828125,1235.4000244140625,1240.800048828125,319.0,61.9630012512207,62.2400016784668,61.95000076293945,61.9630012512207,0.0,8584.400390625,8605.5498046875,8516.349609375,8526.349609375,146800.0,52.0099983215332,53.9900016784668,51.650001525878906,52.86000061035156,536364.0
2015-02-10,1237.5,1245.0,1231.199951171875,1231.5999755859375,231.0,62.09000015258789,62.369998931884766,61.928001403808594,62.130001068115234,0.0,8478.099609375,8646.25,8470.5,8565.5498046875,196200.0,52.43000030517578,52.650001525878906,49.86000061035156,50.02000045776367,501701.0
2015-02-11,1233.300048828125,1237.4000244140625,1219.0,1219.0,102.0,62.34000015258789,62.5099983215332,62.099998474121094,62.34199905395508,0.0,8603.2998046875,8651.9501953125,8593.650390625,8627.400390625,161600.0,50.97999954223633,51.13999938964844,48.04999923706055,48.84000015258789,519272.0
2015-02-12,1217.9000244140625,1229.800048828125,1217.9000244140625,1220.0999755859375,99.0,62.362998962402344,62.529998779296875,62.11000061035156,62.38199996948242,0.0,8676.9501953125,8732.5498046875,8599.25,8711.5498046875,158800.0,49.41999816894531,51.599998474121094,49.13999938964844,51.209999084472656,563662.0
2015-02-13,1222.199951171875,1232.800048828125,1222.199951171875,1226.5,65.0,62.172000885009766,62.2400016784668,61.939998626708984,62.16999816894531,0.0,8741.5,8822.099609375,8729.650390625,8805.5,221900.0,51.349998474121094,53.43000030517578,51.029998779296875,52.779998779296875,437072.0
2015-02-18,1207.0999755859375,1210.199951171875,1197.800048828125,1199.699951171875,147.0,62.143001556396484,62.369998931884766,62.08000183105469,62.11199951171875,0.0,8811.5498046875,8894.2998046875,8808.900390625,8869.099609375,147600.0,53.2400016784668,53.40999984741211,50.31999969482422,52.13999938964844,257476.0
2015-02-19,1216.5,1220.0,1205.0,1207.0999755859375,65.0,62.07600021362305,62.189998626708984,62.04999923706055,62.07400131225586,0.0,8883.0498046875,8913.4501953125,8794.4501953125,8895.2998046875,213300.0,50.54999923706055,52.13999938964844,49.150001525878906,51.15999984741211,125210.0
2015-02-20,1206.5,1213.0999755859375,1199.0999755859375,1204.4000244140625,51.0,62.16400146484375,62.29999923706055,62.13999938964844,62.165000915527344,0.0,8895.5,8899.9501953125,8816.2998046875,8833.599609375,197600.0,51.2400016784668,51.849998474121094,49.90999984741211,50.34000015258789,366125.0
2015-02-23,1201.300048828125,1203.300048828125,1191.5999755859375,1200.300048828125,268.0,62.10100173950195,62.31800079345703,62.060001373291016,62.10100173950195,0.0,8856.849609375,8869.0,8736.099609375,8754.9501953125,139600.0,50.75,50.9900016784668,48.66999816894531,49.45000076293945,475383.0
2015-02-24,1203.4000244140625,1203.5,1193.800048828125,1196.9000244140625,151.0,62.16600036621094,62.35300064086914,62.029998779296875,62.17100143432617,0.0,8772.900390625,8800.5,8726.75,8762.099609375,149800.0,49.41999816894531,50.33000183105469,48.68000030517578,49.279998779296875,293101.0
2015-02-25,1204.300048828125,1204.5999755859375,1201.0,1201.0,570.0,62.233001708984375,62.233001708984375,61.86000061035156,62.233001708984375,0.0,8801.900390625,8840.650390625,8751.400390625,8767.25,135200.0,49.15999984741211,51.279998779296875,48.43000030517578,50.9900016784668,429524.0
2015-02-26,1204.800048828125,1219.0,1204.800048828125,1209.5999755859375,560.0,61.939998626708984,62.0099983215332,61.61000061035156,61.87699890136719,0.0,8779.0,8786.0498046875,8669.4501953125,8683.849609375,217500.0,51.0,51.220001220703125,47.79999923706055,48.16999816894531,459584.0
2015-02-27,1207.699951171875,1217.800048828125,1204.5,1212.5999755859375,195.0,61.75199890136719,61.893001556396484,61.27000045776367,61.75400161743164,0.0,8729.5,8856.9501953125,8717.4501953125,8844.599609375,249500.0,48.970001220703125,49.939998626708984,48.459999084472656,49.7599983215332,399494.0
2015-03-02,1214.300048828125,1222.699951171875,1204.9000244140625,1207.699951171875,124.0,61.6510009765625,61.99300003051758,61.630001068115234,61.6510009765625,0.0,8953.849609375,8972.349609375,8885.4501953125,8956.75,218100.0,49.45000076293945,51.040000915527344,48.709999084472656,49.59000015258789,427177.0
2015-03-03,1201.5,1212.0,1195.0,1204.0,51.0,61.882999420166016,61.970001220703125,61.79800033569336,61.9010009765625,0.0,8962.849609375,9008.400390625,8925.5498046875,8996.25,177800.0,49.79999923706055,50.83000183105469,49.45000076293945,50.52000045776367,370597.0
2015-03-04,1204.800048828125,1206.9000244140625,1198.0,1200.5999755859375,27.0,61.816001892089844,62.40999984741211,61.65299987792969,61.8129997253418,0.0,9109.150390625,9119.2001953125,8893.9501953125,8922.650390625,248400.0,50.61000061035156,51.9900016784668,49.599998474121094,51.529998779296875,463989.0
2015-03-05,1201.699951171875,1205.4000244140625,1195.9000244140625,1195.9000244140625,29.0,62.30400085449219,62.358001708984375,62.14799880981445,62.30500030517578,0.0,8929.400390625,8957.5498046875,8849.349609375,8937.75,160100.0,51.619998931884766,52.400001525878906,50.61000061035156,50.7599983215332,370953.0
2015-03-09,1169.4000244140625,1174.199951171875,1166.300048828125,1166.4000244140625,45.0,62.452999114990234,62.79999923706055,62.452999114990234,62.452999114990234,0.0,8891.150390625,8891.2998046875,8740.4501953125,8756.75,155500.0,49.599998474121094,50.790000915527344,49.25,50.0,409877.0
2015-03-10,1166.4000244140625,1168.4000244140625,1156.5,1160.0999755859375,94.0,62.689998626708984,62.91999816894531,62.599998474121094,62.67300033569336,0.0,8769.75,8778.0,8677.349609375,8712.0498046875,163800.0,50.08000183105469,50.36000061035156,48.20000076293945,48.290000915527344,395761.0
2015-03-11,1162.0,1162.0,1147.699951171875,1150.699951171875,74.0,62.869998931884766,62.939998626708984,62.69900131225586,62.7130012512207,0.0,8728.75,8755.599609375,8682.349609375,8699.9501953125,172800.0,48.77000045776367,49.04999923706055,47.33000183105469,48.16999816894531,404590.0
2015-03-12,1155.4000244140625,1160.5,1149.699951171875,1152.0999755859375,63.0,62.709999084472656,62.79999923706055,62.29999923706055,62.755001068115234,0.0,8740.650390625,8787.2001953125,8732.900390625,8776.0,173900.0,48.439998626708984,48.7599983215332,46.86000061035156,47.04999923706055,358381.0
2015-03-13,1158.199951171875,1159.199951171875,1152.5999755859375,1152.5999755859375,44.0,62.542999267578125,63.08000183105469,62.42300033569336,62.53499984741211,0.0,8844.0498046875,8849.75,8631.75,8647.75,179200.0,46.93000030517578,47.279998779296875,44.75,44.84000015258789,395722.0
2015-03-16,1159.699951171875,1162.300048828125,1150.0999755859375,1153.300048828125,56.0,63.07600021362305,63.07600021362305,62.68000030517578,63.07600021362305,0.0,8656.75,8663.5498046875,8612.0,8633.150390625,163300.0,44.810001373291016,45.0,42.849998474121094,43.880001068115234,367600.0
2015-03-17,1153.5999755859375,1158.199951171875,1144.300048828125,1148.300048828125,71.0,62.7400016784668,62.84299850463867,62.64699935913086,62.78900146484375,0.0,8689.099609375,8742.5498046875,8630.7998046875,8723.2998046875,177000.0,43.84000015258789,44.20000076293945,42.40999984741211,43.459999084472656,346310.0
2015-03-18,1148.699951171875,1174.300048828125,1147.0,1151.4000244140625,112.0,62.64099884033203,62.790000915527344,61.86000061035156,62.61600112915039,0.0,8742.900390625,8747.25,8664.0,8685.900390625,156400.0,42.5099983215332,45.34000015258789,42.029998779296875,44.65999984741211,220638.0
2015-03-19,1171.5999755859375,1171.5999755859375,1159.300048828125,1169.0999755859375,39.0,62.150001525878906,62.69300079345703,61.869998931884766,62.69300079345703,0.0,8749.4501953125,8788.2001953125,8614.650390625,8634.650390625,163500.0,44.599998474121094,44.709999084472656,42.75,43.959999084472656,106907.0
2015-03-20,1171.0,1185.4000244140625,1171.0,1184.800048828125,54.0,62.41999816894531,62.58000183105469,61.91999816894531,62.483001708984375,0.0,8627.900390625,8627.900390625,8553.0,8570.900390625,174600.0,43.9900016784668,46.529998779296875,43.310001373291016,45.720001220703125,379180.0
2015-03-23,1181.5999755859375,1188.0,1181.199951171875,1188.0,5.0,62.40299987792969,62.40299987792969,62.060001373291016,62.40299987792969,0.0,8591.5498046875,8608.349609375,8540.5498046875,8550.900390625,150700.0,46.40999984741211,47.61000061035156,45.33000183105469,47.45000076293945,292417.0
2015-03-24,1188.0,1193.0,1186.0,1191.699951171875,411.0,62.222999572753906,62.4119987487793,62.09000015258789,62.222999572753906,0.0,8537.0498046875,8627.75,8535.849609375,8542.9501953125,156700.0,47.459999084472656,48.560001373291016,46.66999816894531,47.5099983215332,309553.0
2015-03-25,1192.5,1199.199951171875,1192.5,1197.300048828125,11.0,62.3129997253418,62.428001403808594,62.09000015258789,62.27799987792969,0.0,8568.900390625,8573.75,8516.5498046875,8530.7998046875,161000.0,47.720001220703125,49.459999084472656,47.0,49.209999084472656,398795.0
2015-03-26,1198.199951171875,1213.699951171875,1198.199951171875,1205.0999755859375,68.0,62.43299865722656,62.86000061035156,62.38999938964844,62.46200180053711,0.0,8474.9501953125,8499.4501953125,8325.349609375,8342.150390625,280100.0,49.02000045776367,52.47999954223633,48.72999954223633,51.43000030517578,515277.0
2015-03-27,1197.0,1199.800048828125,1196.300048828125,1199.800048828125,172260.0,62.83300018310547,62.84299850463867,62.31999969482422,62.82899856567383,0.0,8396.0,8413.2001953125,8269.150390625,8341.400390625,193000.0,51.0099983215332,51.380001068115234,48.209999084472656,48.869998931884766,384092.0
2015-03-30,1198.0,1198.5,1181.5999755859375,1184.800048828125,37990.0,62.560001373291016,62.68000030517578,62.31999969482422,62.51499938964844,0.0,8390.9501953125,8492.2998046875,8380.75,8492.2998046875,134700.0,48.56999969482422,49.15999984741211,47.61000061035156,48.68000030517578,355866.0
2015-03-31,1185.800048828125,1190.0999755859375,1178.199951171875,1183.0999755859375,3409.0,62.516998291015625,62.67300033569336,62.2400016784668,62.50899887084961,0.0,8527.599609375,8550.4501953125,8454.150390625,8491.0,167200.0,48.72999954223633,48.72999954223633,47.279998779296875,47.599998474121094,365748.0
2015-04-01,1182.9000244140625,1208.199951171875,1181.0,1208.0999755859375,1632.0,62.3129997253418,62.39500045776367,61.95000076293945,62.305999755859375,0.0,8483.7001953125,8603.400390625,8464.75,8586.25,125500.0,47.54999923706055,50.45000076293945,47.04999923706055,50.09000015258789,451104.0
2015-04-06,1209.9000244140625,1224.199951171875,1209.9000244140625,1218.5999755859375,343.0,62.060001373291016,62.220001220703125,61.790000915527344,62.060001373291016,0.0,8615.7998046875,8667.5498046875,8573.75,8659.900390625,146900.0,49.470001220703125,52.2400016784668,49.470001220703125,52.13999938964844,325282.0
2015-04-07,1214.800048828125,1214.800048828125,1208.199951171875,1210.5999755859375,406.0,62.060001373291016,62.417999267578125,62.060001373291016,62.060001373291016,0.0,8684.4501953125,8693.599609375,8586.849609375,8660.2998046875,148700.0,51.95000076293945,54.130001068115234,51.16999816894531,53.97999954223633,548870.0
2015-04-08,1208.9000244140625,1211.4000244140625,1197.5999755859375,1203.0999755859375,236.0,62.308998107910156,62.354000091552734,62.099998474121094,62.308998107910156,0.0,8698.9501953125,8730.5,8679.7998046875,8714.400390625,148200.0,53.18000030517578,53.22999954223633,50.369998931884766,50.41999816894531,552627.0
2015-04-09,1201.699951171875,1202.5,1193.0,1193.5999755859375,521.0,62.189998626708984,62.28300094604492,62.09000015258789,62.18199920654297,0.0,8756.2001953125,8785.5,8682.4501953125,8778.2998046875,152700.0,51.0,52.06999969482422,50.5099983215332,50.790000915527344,449531.0
2015-04-10,1195.800048828125,1209.5999755859375,1195.800048828125,1204.5999755859375,202.0,62.31399917602539,62.40299987792969,62.18000030517578,62.31399917602539,0.0,8774.349609375,8787.400390625,8733.599609375,8780.349609375,139000.0,50.72999954223633,51.93000030517578,50.08000183105469,51.63999938964844,395135.0
2015-04-13,1208.0999755859375,1208.0999755859375,1198.300048828125,1199.300048828125,424.0,62.26900100708008,62.5629997253418,62.16999816894531,62.26900100708008,0.0,8801.75,8841.650390625,8762.099609375,8834.0,121600.0,51.810001373291016,53.099998474121094,51.470001220703125,51.90999984741211,375534.0
2015-04-16,1204.300048828125,1208.5,1194.5999755859375,1198.0,199.0,62.354000091552734,62.393001556396484,62.209999084472656,62.38999938964844,0.0,8757.0498046875,8760.0,8645.650390625,8706.7001953125,142900.0,55.91999816894531,57.41999816894531,55.06999969482422,56.709999084472656,413134.0
2015-04-17,1200.199951171875,1206.0,1200.199951171875,1202.9000244140625,21.0,62.32400131225586,62.505001068115234,62.2599983215332,62.32600021362305,0.0,8698.0498046875,8699.849609375,8596.7001953125,8606.0,150400.0,56.560001373291016,56.880001068115234,55.310001373291016,55.7400016784668,230623.0
2015-04-20,1205.699951171875,1206.9000244140625,1191.0,1193.5,67.0,62.54999923706055,63.099998474121094,62.380001068115234,62.542999267578125,0.0,8618.7998046875,8619.9501953125,8422.75,8448.099609375,148900.0,56.15999984741211,57.16999816894531,54.849998474121094,56.380001068115234,112382.0
2015-04-21,1193.199951171875,1202.9000244140625,1192.800048828125,1202.9000244140625,33.0,63.143001556396484,63.150001525878906,62.74800109863281,63.14500045776367,0.0,8416.099609375,8469.349609375,8352.7001953125,8377.75,407800.0,56.40999984741211,56.90999984741211,55.0099983215332,55.2599983215332,354244.0
2015-04-22,1199.0999755859375,1202.5999755859375,1185.199951171875,1186.9000244140625,93.0,62.882999420166016,63.02000045776367,62.72800064086914,62.87799835205078,0.0,8400.400390625,8449.9501953125,8284.7001953125,8429.7001953125,171800.0,56.34000015258789,57.189998626708984,55.72999954223633,56.15999984741211,329631.0
2015-04-23,1187.199951171875,1197.0,1186.0999755859375,1194.4000244140625,331.0,62.94300079345703,63.40999984741211,62.86000061035156,62.935001373291016,0.0,8478.2001953125,8504.9501953125,8361.849609375,8398.2998046875,156000.0,56.279998779296875,58.40999984741211,55.7599983215332,57.7400016784668,415569.0
2015-04-24,1192.300048828125,1194.699951171875,1174.5999755859375,1175.199951171875,52.0,63.28300094604492,63.650001525878906,63.16999816894531,63.2869987487793,0.0,8405.7001953125,8413.2998046875,8273.349609375,8305.25,173600.0,57.529998779296875,57.95000076293945,56.5,57.150001525878906,328322.0
2015-04-27,1182.300048828125,1206.699951171875,1181.4000244140625,1203.300048828125,194.0,63.68000030517578,63.779998779296875,63.27000045776367,63.654998779296875,0.0,8330.5498046875,8334.4501953125,8202.349609375,8213.7998046875,171500.0,57.29999923706055,57.88999938964844,56.52000045776367,56.9900016784668,250558.0
2015-04-28,1199.699951171875,1214.0,1199.699951171875,1214.0,401.0,63.3390007019043,63.470001220703125,62.560001373291016,63.13999938964844,0.0,8215.5498046875,8308.0,8185.14990234375,8285.599609375,174600.0,56.650001525878906,57.83000183105469,56.06999969482422,57.060001373291016,281864.0
2015-04-29,1211.199951171875,1212.5999755859375,1201.9000244140625,1209.800048828125,114.0,63.03300094604492,63.452999114990234,63.029998779296875,63.03300094604492,0.0,8274.7998046875,8308.2001953125,8219.2001953125,8239.75,160400.0,56.93000030517578,59.33000183105469,56.540000915527344,58.58000183105469,411097.0
2015-04-30,1203.0999755859375,1205.9000244140625,1176.699951171875,1182.4000244140625,143.0,63.435001373291016,63.7400016784668,63.380001068115234,63.44200134277344,0.0,8224.5,8229.400390625,8144.75,8181.5,267700.0,58.54999923706055,59.849998474121094,58.380001068115234,59.630001068115234,340322.0
2015-05-04,1177.5,1189.4000244140625,1177.5,1186.800048828125,38.0,63.720001220703125,63.720001220703125,63.400001525878906,63.52299880981445,0.0,8230.0498046875,8346.0,8220.4501953125,8331.9501953125,131700.0,59.29999923706055,59.72999954223633,58.45000076293945,58.93000030517578,215046.0
2015-05-05,1187.5,1198.699951171875,1186.9000244140625,1193.199951171875,48.0,63.59299850463867,63.60599899291992,63.310001373291016,63.59299850463867,0.0,8338.400390625,8355.650390625,8280.599609375,8324.7998046875,155500.0,58.95000076293945,61.099998474121094,58.630001068115234,60.400001525878906,389743.0
2015-05-06,1194.5,1194.5999755859375,1189.9000244140625,1190.300048828125,14.0,63.34400177001953,63.650001525878906,62.83000183105469,63.34400177001953,0.0,8316.599609375,8331.9501953125,8083.0,8097.0,209600.0,60.720001220703125,62.58000183105469,60.540000915527344,60.93000030517578,423583.0
2015-05-07,1181.5,1186.0,1179.699951171875,1182.4000244140625,44.0,63.659000396728516,64.30999755859375,63.599998474121094,63.65999984741211,0.0,8077.0,8122.60009765625,7997.14990234375,8057.2998046875,161600.0,60.689998626708984,61.310001373291016,58.4900016784668,58.939998626708984,437022.0
2015-05-08,1183.300048828125,1189.0999755859375,1182.9000244140625,1189.0999755859375,51.0,64.0979995727539,64.21700286865234,63.27000045776367,64.08200073242188,0.0,8131.5,8224.9501953125,8123.4501953125,8191.5,183100.0,59.02000045776367,59.900001525878906,58.13999938964844,59.38999938964844,434575.0
2015-05-11,1189.699951171875,1190.5,1179.300048828125,1183.199951171875,26.0,63.689998626708984,64.0,63.400001525878906,63.70399856567383,0.0,8243.2001953125,8332.75,8224.650390625,8325.25,192000.0,59.43000030517578,59.849998474121094,58.75,59.25,332694.0
2015-05-12,1194.5999755859375,1194.800048828125,1189.699951171875,1192.5999755859375,10.0,64.01799774169922,64.41999816894531,63.992000579833984,64.0199966430664,0.0,8326.150390625,8326.650390625,8115.2998046875,8126.9501953125,173400.0,59.27000045776367,61.36000061035156,59.119998931884766,60.75,397345.0
2015-05-13,1192.699951171875,1218.4000244140625,1191.0,1218.4000244140625,34.0,64.21099853515625,64.26399993896484,63.84199905395508,64.21099853515625,0.0,8181.5498046875,8254.9501953125,8089.7998046875,8235.4501953125,169800.0,61.22999954223633,61.849998474121094,60.02000045776367,60.5,426835.0
2015-05-14,1214.5,1225.5999755859375,1214.5,1225.4000244140625,35.0,64.04499816894531,64.04499816894531,63.369998931884766,64.04399871826172,0.0,8232.4501953125,8236.25,8137.2998046875,8224.2001953125,134800.0,60.099998474121094,60.84000015258789,59.36000061035156,59.880001068115234,361432.0
2015-05-15,1218.5,1225.5,1214.800048828125,1225.5,12.0,63.409000396728516,63.65399932861328,63.31999969482422,63.40800094604492,0.0,8240.2998046875,8279.2001953125,8212.2001953125,8262.349609375,129800.0,59.66999816894531,59.970001220703125,58.41999816894531,59.689998626708984,222089.0
2015-05-18,1224.5,1228.0999755859375,1222.5999755859375,1227.800048828125,8.0,63.43299865722656,63.733001708984375,63.349998474121094,63.43299865722656,0.0,8284.9501953125,8384.599609375,8271.9501953125,8373.650390625,148700.0,59.849998474121094,60.880001068115234,59.060001373291016,59.43000030517578,144389.0
2015-05-19,1223.9000244140625,1223.9000244140625,1206.0,1206.9000244140625,9.0,63.73699951171875,63.86000061035156,63.5,63.729000091552734,0.0,8356.2001953125,8427.7998046875,8335.0,8365.650390625,140300.0,59.540000915527344,59.630001068115234,57.09000015258789,57.2599983215332,336779.0
2015-05-20,1205.0999755859375,1210.800048828125,1205.0999755859375,1208.9000244140625,11.0,63.78099822998047,63.87300109863281,63.400001525878906,63.78499984741211,0.0,8392.650390625,8440.349609375,8391.4501953125,8423.25,123600.0,58.31999969482422,59.040000915527344,58.099998474121094,58.97999954223633,287129.0
2015-05-21,1204.5,1204.5,1203.699951171875,1204.4000244140625,43.0,63.624000549316406,63.74300003051758,63.50299835205078,63.625,0.0,8434.5,8446.349609375,8382.5,8421.0,143800.0,58.810001373291016,60.939998626708984,58.689998626708984,60.720001220703125,329765.0
2015-05-22,1211.5999755859375,1211.9000244140625,1204.300048828125,1204.300048828125,8.0,63.630001068115234,63.67300033569336,63.38999938964844,63.625999450683594,0.0,8432.5,8489.5498046875,8420.599609375,8458.9501953125,187300.0,60.65999984741211,60.79999923706055,59.349998474121094,59.720001220703125,230307.0
2015-05-26,1193.5999755859375,1193.5999755859375,1186.0,1187.199951171875,40.0,63.606998443603516,64.01300048828125,63.470001220703125,63.57099914550781,0.0,8377.099609375,8378.900390625,8320.0498046875,8339.349609375,116800.0,60.04999923706055,60.25,57.709999084472656,58.029998779296875,330128.0
2015-05-27,1185.9000244140625,1185.9000244140625,1185.9000244140625,1185.9000244140625,200216.0,63.99100112915039,64.15299987792969,63.849998474121094,63.97600173950195,0.0,8302.75,8342.849609375,8277.9501953125,8334.599609375,165500.0,58.31999969482422,58.95000076293945,57.36000061035156,57.5099983215332,314917.0
2015-05-28,1187.0999755859375,1192.0,1179.5999755859375,1188.0999755859375,52705.0,63.875,64.0,63.70000076293945,63.874000549316406,0.0,8345.7001953125,8364.5,8270.150390625,8319.0,232300.0,57.630001068115234,58.06999969482422,56.5099983215332,57.68000030517578,340682.0
2015-05-29,1187.800048828125,1193.300048828125,1185.699951171875,1189.4000244140625,4748.0,63.82500076293945,63.93899917602539,63.65999984741211,63.82500076293945,0.0,8327.099609375,8443.900390625,8305.7001953125,8433.650390625,363900.0,57.970001220703125,60.70000076293945,57.720001220703125,60.29999923706055,452222.0
2015-06-01,1190.5999755859375,1204.0,1184.300048828125,1188.300048828125,1236.0,63.736000061035156,63.79999923706055,63.5,63.736000061035156,0.0,8417.25,8467.150390625,8405.400390625,8433.400390625,122200.0,60.290000915527344,60.63999938964844,59.33000183105469,60.20000076293945,292189.0
2015-06-02,1189.0,1194.300048828125,1186.0,1194.0999755859375,1003.0,63.612998962402344,63.95800018310547,63.60900115966797,63.61000061035156,0.0,8442.7998046875,8445.349609375,8226.0498046875,8236.4501953125,146800.0,60.18000030517578,61.58000183105469,60.09000015258789,61.2599983215332,344508.0
2015-06-03,1193.9000244140625,1193.9000244140625,1179.0999755859375,1184.699951171875,630.0,63.66299819946289,64.06300354003906,63.63999938964844,63.6619987487793,0.0,8232.4501953125,8236.7001953125,8094.14990234375,8135.10009765625,171400.0,61.02000045776367,61.43000030517578,59.34000015258789,59.63999938964844,371298.0
2015-06-04,1184.9000244140625,1185.300048828125,1173.0,1174.9000244140625,447.0,64.06300354003906,64.23999786376953,63.9379997253418,64.05899810791016,0.0,8155.14990234375,8160.0498046875,8056.75,8130.64990234375,154700.0,59.56999969482422,59.939998626708984,57.83000183105469,58.0,363345.0
2015-06-05,1176.4000244140625,1177.300048828125,1164.0,1167.800048828125,390.0,63.99800109863281,64.1500015258789,63.7400016784668,64.0009994506836,0.0,8119.14990234375,8191.0,8100.14990234375,8114.7001953125,162100.0,57.9900016784668,59.22999954223633,56.83000183105469,59.130001068115234,461016.0
2015-06-08,1169.5,1176.0999755859375,1169.0999755859375,1173.199951171875,173.0,63.762001037597656,64.16300201416016,63.762001037597656,63.762001037597656,0.0,8124.35009765625,8131.0,8030.5498046875,8044.14990234375,135900.0,58.959999084472656,59.130001068115234,57.86000061035156,58.13999938964844,339845.0
2015-06-09,1172.9000244140625,1180.300048828125,1172.699951171875,1177.300048828125,144.0,64.02200317382812,64.03099822998047,63.84299850463867,63.97600173950195,0.0,8026.5,8057.14990234375,8005.14990234375,8022.39990234375,136000.0,58.310001373291016,60.68000030517578,58.22999954223633,60.13999938964844,405486.0
2015-06-10,1176.0999755859375,1190.0999755859375,1175.5999755859375,1186.0999755859375,295.0,64.04399871826172,64.06300354003906,63.75,64.03800201416016,0.0,8024.14990234375,8152.25,8023.7998046875,8124.4501953125,136800.0,60.58000183105469,61.81999969482422,60.45000076293945,61.43000030517578,459765.0
2015-06-11,1183.199951171875,1183.199951171875,1174.4000244140625,1179.9000244140625,69.0,63.79999923706055,64.01300048828125,63.74300003051758,63.79899978637695,0.0,8157.2998046875,8163.0498046875,7958.25,7965.35009765625,166200.0,61.13999938964844,61.529998779296875,60.209999084472656,60.77000045776367,352421.0
2015-06-12,1180.4000244140625,1181.199951171875,1176.199951171875,1178.800048828125,141.0,63.999000549316406,64.18000030517578,63.880001068115234,63.999000549316406,0.0,7959.85009765625,7995.60009765625,7940.2998046875,7982.89990234375,136600.0,60.54999923706055,60.630001068115234,59.72999954223633,59.959999084472656,246898.0
2015-06-15,1179.9000244140625,1188.5,1172.699951171875,1185.300048828125,102.0,64.09200286865234,64.19000244140625,63.970001220703125,64.09200286865234,0.0,7986.60009765625,8057.7001953125,7944.85009765625,8013.89990234375,133000.0,59.900001525878906,59.97999954223633,58.72999954223633,59.52000045776367,275187.0
2015-06-16,1186.5,1186.5,1175.9000244140625,1180.5,29.0,64.052001953125,64.31500244140625,63.970001220703125,64.052001953125,0.0,8004.2001953125,8061.85009765625,7952.35009765625,8047.2998046875,124000.0,59.599998474121094,60.369998931884766,59.41999816894531,59.970001220703125,233935.0
2015-06-17,1177.5999755859375,1186.300048828125,1174.9000244140625,1176.4000244140625,168.0,64.18199920654297,64.27300262451172,63.88999938964844,64.18199920654297,0.0,8084.2001953125,8136.85009765625,8048.9501953125,8091.5498046875,152500.0,60.029998779296875,61.380001068115234,58.849998474121094,59.91999816894531,396155.0
2015-06-18,1183.4000244140625,1202.0,1183.4000244140625,1201.5,130.0,64.00299835205078,64.00299835205078,63.58000183105469,64.00299835205078,0.0,8113.7001953125,8186.89990234375,8101.7998046875,8174.60009765625,144800.0,59.779998779296875,60.88999938964844,59.25,60.45000076293945,181875.0
2015-06-19,1199.699951171875,1203.0999755859375,1199.699951171875,1201.5,142.0,63.67300033569336,63.858001708984375,63.41699981689453,63.64500045776367,0.0,8201.150390625,8250.7998046875,8195.650390625,8224.9501953125,147100.0,60.5,60.560001373291016,58.880001068115234,59.61000061035156,116656.0
2015-06-22,1197.800048828125,1197.800048828125,1182.699951171875,1183.699951171875,30.0,63.492000579833984,63.58000183105469,63.36000061035156,63.492000579833984,0.0,8259.2998046875,8369.4501953125,8257.400390625,8353.099609375,122700.0,59.439998626708984,60.29999923706055,58.93000030517578,59.68000030517578,255306.0
2015-06-23,1183.800048828125,1186.0,1176.199951171875,1176.199951171875,60.0,63.50699996948242,63.6870002746582,63.38999938964844,63.50699996948242,0.0,8377.4501953125,8398.4501953125,8334.9501953125,8381.5498046875,131700.0,60.209999084472656,61.4900016784668,59.54999923706055,61.0099983215332,336224.0
2015-06-24,1176.5999755859375,1176.5999755859375,1170.699951171875,1172.5999755859375,263.0,63.59299850463867,63.702999114990234,63.4900016784668,63.599998474121094,0.0,8399.400390625,8421.349609375,8338.900390625,8360.849609375,130100.0,61.13999938964844,61.56999969482422,59.79999923706055,60.27000045776367,312985.0
2015-06-25,1175.800048828125,1175.9000244140625,1171.5,1171.5,95.0,63.52299880981445,63.632999420166016,63.459999084472656,63.5620002746582,0.0,8336.25,8423.150390625,8329.5,8398.0,201200.0,60.220001220703125,60.459999084472656,59.43000030517578,59.70000076293945,222341.0
2015-06-26,1170.5,1172.9000244140625,1170.5,1172.9000244140625,308.0,63.51100158691406,63.63800048828125,63.4900016784668,63.51100158691406,0.0,8393.9501953125,8408.5498046875,8339.7001953125,8381.099609375,110600.0,59.65999984741211,59.959999084472656,58.7599983215332,59.630001068115234,231957.0
2015-06-29,1185.0999755859375,1186.0,1173.800048828125,1178.5,174.0,63.444000244140625,63.95000076293945,63.444000244140625,63.444000244140625,0.0,8247.0498046875,8329.4501953125,8195.650390625,8318.400390625,132000.0,58.84000015258789,59.27000045776367,58.040000915527344,58.33000183105469,286035.0
2015-06-30,1176.300048828125,1176.4000244140625,1166.5999755859375,1171.5,223.0,63.68299865722656,63.792999267578125,63.560001373291016,63.7239990234375,0.0,8316.349609375,8378.0,8298.9501953125,8368.5,158500.0,58.27000045776367,59.689998626708984,57.939998626708984,59.470001220703125,282475.0
2015-07-01,1173.0999755859375,1173.0999755859375,1166.5999755859375,1169.0,455.0,63.59000015258789,63.689998626708984,63.279998779296875,63.59000015258789,0.0,8376.25,8481.599609375,8370.150390625,8453.0498046875,131800.0,58.97999954223633,58.97999954223633,56.68000030517578,56.959999084472656,373405.0
2015-07-02,1166.4000244140625,1168.0999755859375,1155.5,1163.0,316.0,63.57899856567383,63.65299987792969,63.290000915527344,63.57400131225586,0.0,8471.9501953125,8479.25,8433.2001953125,8444.900390625,112000.0,56.869998931884766,57.95000076293945,56.5,56.93000030517578,297050.0
2015-07-06,1171.0999755859375,1173.0,1162.199951171875,1172.9000244140625,634.0,63.43000030517578,63.63999938964844,63.209999084472656,63.40399932861328,0.0,8386.150390625,8533.150390625,8386.150390625,8522.150390625,101500.0,54.900001525878906,55.34000015258789,52.40999984741211,52.529998779296875,540608.0
2015-07-07,1166.800048828125,1166.800048828125,1149.5,1152.4000244140625,469.0,63.34299850463867,63.58000183105469,63.25,63.3650016784668,0.0,8525.5,8561.349609375,8483.849609375,8510.7998046875,122200.0,52.75,53.43000030517578,50.58000183105469,52.33000183105469,527267.0
2015-07-08,1152.5999755859375,1163.300048828125,1146.4000244140625,1163.300048828125,65.0,63.518001556396484,63.643001556396484,63.400001525878906,63.518001556396484,0.0,8439.2001953125,8457.5,8341.400390625,8363.0498046875,188100.0,52.90999984741211,52.959999084472656,50.90999984741211,51.650001525878906,434752.0
2015-07-09,1154.800048828125,1163.5999755859375,1154.800048828125,1159.0,65.0,63.56100082397461,63.573001861572266,63.28300094604492,63.5620002746582,0.0,8364.849609375,8400.2998046875,8323.0,8328.5498046875,131300.0,51.83000183105469,53.540000915527344,51.47999954223633,52.779998779296875,382334.0
2015-07-10,1160.0999755859375,1161.4000244140625,1157.5,1157.699951171875,27.0,63.367000579833984,63.483001708984375,63.279998779296875,63.36399841308594,0.0,8365.7001953125,8377.099609375,8315.400390625,8360.5498046875,154100.0,52.47999954223633,53.88999938964844,51.959999084472656,52.7400016784668,349075.0
2015-07-13,1159.0,1159.0,1151.199951171875,1155.199951171875,14.0,63.35200119018555,63.58300018310547,63.290000915527344,63.35200119018555,0.0,8397.25,8471.650390625,8355.400390625,8459.650390625,117800.0,52.150001525878906,53.16999816894531,51.2599983215332,52.20000076293945,359477.0
2015-07-14,1157.199951171875,1157.199951171875,1153.0,1153.300048828125,39.0,63.500999450683594,63.58300018310547,63.25899887084961,63.513999938964844,0.0,8470.599609375,8480.25,8424.099609375,8454.099609375,101700.0,52.0,53.43000030517578,50.880001068115234,53.040000915527344,422756.0
2015-07-15,1154.0,1154.0,1144.800048828125,1147.199951171875,15.0,63.32500076293945,63.59299850463867,63.290000915527344,63.32400131225586,0.0,8463.400390625,8531.400390625,8462.9501953125,8523.7998046875,105500.0,53.400001525878906,53.5,51.209999084472656,51.40999984741211,334563.0
2015-07-16,1146.199951171875,1146.199951171875,1142.9000244140625,1143.800048828125,14.0,63.52299880981445,63.560001373291016,63.38999938964844,63.52399826049805,0.0,8546.150390625,8616.099609375,8542.900390625,8608.0498046875,116000.0,51.619998931884766,52.16999816894531,50.84000015258789,50.90999984741211,319167.0
2015-07-17,1144.0,1144.0,1130.199951171875,1131.800048828125,120.0,63.51100158691406,63.51499938964844,63.310001373291016,63.481998443603516,0.0,8623.650390625,8642.9501953125,8593.150390625,8609.849609375,105000.0,50.90999984741211,51.22999954223633,50.13999938964844,50.88999938964844,203485.0
2015-07-20,1130.4000244140625,1130.699951171875,1095.0999755859375,1106.699951171875,189.0,63.470001220703125,63.72999954223633,63.41999816894531,63.48400115966797,0.0,8623.900390625,8624.099609375,8559.0,8603.4501953125,90600.0,50.7599983215332,51.2599983215332,49.849998474121094,50.150001525878906,102597.0
2015-07-21,1097.0999755859375,1106.4000244140625,1097.0999755859375,1103.4000244140625,118.0,63.625,63.7599983215332,63.5,63.625,0.0,8601.5,8646.75,8517.900390625,8529.4501953125,164100.0,49.95000076293945,51.02000045776367,49.77000045776367,50.36000061035156,254321.0
2015-07-22,1093.0,1095.0,1086.0,1091.4000244140625,46.0,63.58000183105469,63.652000427246094,63.4900016784668,63.58300018310547,0.0,8512.25,8643.900390625,8498.650390625,8633.5,136800.0,50.709999084472656,50.709999084472656,49.040000915527344,49.189998626708984,347986.0
2015-07-23,1097.4000244140625,1097.5999755859375,1087.800048828125,1094.0,64.0,63.62300109863281,63.887001037597656,63.6150016784668,63.66400146484375,0.0,8643.9501953125,8654.75,8573.7998046875,8589.7998046875,132900.0,49.22999954223633,49.630001068115234,48.209999084472656,48.45000076293945,316060.0
2015-07-24,1078.5999755859375,1100.699951171875,1078.5999755859375,1085.5999755859375,52.0,63.84700012207031,64.16300201416016,63.84700012207031,63.847999572753906,0.0,8588.150390625,8589.150390625,8513.5,8521.5498046875,127400.0,48.790000915527344,49.029998779296875,47.720001220703125,48.13999938964844,278233.0
2015-07-27,1100.0,1102.5,1093.9000244140625,1096.5,19.0,64.0999984741211,64.26300048828125,63.939998626708984,64.0999984741211,0.0,8492.099609375,8492.2001953125,8351.5498046875,8361.0,136600.0,48.0,48.20000076293945,46.90999984741211,47.38999938964844,273614.0
2015-07-28,1097.199951171875,1097.699951171875,1096.300048828125,1096.300048828125,31.0,64.21499633789062,64.23999786376953,63.7400016784668,64.21700286865234,0.0,8371.099609375,8397.400390625,8321.75,8337.0,174600.0,47.02000045776367,48.439998626708984,46.68000030517578,47.97999954223633,338107.0
2015-07-29,1096.4000244140625,1096.9000244140625,1092.699951171875,1092.699951171875,159142.0,63.8380012512207,63.93299865722656,63.77000045776367,63.8390007019043,0.0,8365.599609375,8381.5,8338.4501953125,8375.0498046875,141000.0,47.810001373291016,49.52000045776367,47.38999938964844,48.790000915527344,366893.0
2015-07-30,1096.0999755859375,1097.5,1081.0,1088.4000244140625,49298.0,63.880001068115234,64.12999725341797,63.7599983215332,63.882999420166016,0.0,8417.0,8458.900390625,8408.2998046875,8421.7998046875,215200.0,48.83000183105469,49.36000061035156,48.34000015258789,48.52000045776367,247662.0
2015-07-31,1087.699951171875,1102.800048828125,1079.0999755859375,1094.9000244140625,5700.0,64.12000274658203,64.2030029296875,63.810001373291016,64.11799621582031,0.0,8456.099609375,8548.9501953125,8448.0,8532.849609375,203300.0,48.470001220703125,48.619998931884766,46.70000076293945,47.119998931884766,334474.0
2015-08-03,1095.5,1097.0999755859375,1085.0,1089.4000244140625,2418.0,63.97999954223633,64.06300354003906,63.88999938964844,63.97999954223633,0.0,8510.650390625,8563.9501953125,8508.099609375,8543.0498046875,156700.0,46.86000061035156,46.939998626708984,45.08000183105469,45.16999816894531,371085.0
2015-08-04,1085.0999755859375,1093.9000244140625,1080.5,1090.699951171875,1139.0,64.1240005493164,64.16999816894531,63.66999816894531,64.1240005493164,0.0,8564.099609375,8565.150390625,8448.25,8516.900390625,187400.0,45.349998474121094,46.22999954223633,45.290000915527344,45.7400016784668,285786.0
2015-08-05,1086.5,1090.5999755859375,1082.5,1085.699951171875,1207.0,63.819000244140625,63.93000030517578,63.470001220703125,63.819000244140625,0.0,8547.4501953125,8591.849609375,8545.849609375,8567.9501953125,132800.0,45.959999084472656,46.70000076293945,44.83000183105469,45.150001525878906,367326.0
2015-08-06,1084.4000244140625,1092.199951171875,1083.5999755859375,1090.199951171875,269.0,63.69599914550781,63.8129997253418,63.643001556396484,63.69599914550781,0.0,8585.7998046875,8606.2998046875,8551.5,8588.650390625,134900.0,45.15999984741211,45.27000045776367,44.20000076293945,44.65999984741211,360977.0
2015-08-07,1088.9000244140625,1098.300048828125,1081.699951171875,1094.0999755859375,614.0,63.731998443603516,63.952999114990234,63.720001220703125,63.733001708984375,0.0,8580.7998046875,8595.9501953125,8552.7001953125,8564.599609375,143700.0,44.81999969482422,45.15999984741211,43.70000076293945,43.869998931884766,400070.0
2015-08-10,1093.199951171875,1107.5999755859375,1089.5,1104.199951171875,900.0,63.7400016784668,63.90800094604492,63.61000061035156,63.733001708984375,0.0,8577.0,8621.5498046875,8497.7998046875,8525.599609375,123400.0,43.58000183105469,45.0099983215332,43.349998474121094,44.959999084472656,491433.0
2015-08-11,1103.800048828125,1116.699951171875,1094.0,1107.5999755859375,997.0,63.78799819946289,64.37699890136719,63.720001220703125,63.8380012512207,0.0,8548.4501953125,8556.25,8441.2998046875,8462.349609375,154400.0,44.810001373291016,45.34000015258789,42.689998626708984,43.08000183105469,538005.0
2015-08-12,1106.0,1124.5,1101.5,1123.199951171875,797.0,64.32599639892578,64.95999908447266,64.29900360107422,64.32599639892578,0.0,8445.7001953125,8446.9501953125,8337.9501953125,8349.4501953125,190000.0,43.27000045776367,43.869998931884766,42.79999923706055,43.29999923706055,492271.0
2015-08-13,1124.300048828125,1124.300048828125,1113.0,1115.699951171875,441.0,64.79900360107422,65.33000183105469,64.63300323486328,64.79900360107422,0.0,8384.4501953125,8429.5,8339.75,8355.849609375,189200.0,43.34000015258789,43.720001220703125,41.90999984741211,42.22999954223633,420146.0
2015-08-14,1113.9000244140625,1118.800048828125,1112.5,1112.9000244140625,908.0,65.26899719238281,65.37999725341797,64.91000366210938,65.26899719238281,0.0,8402.349609375,8530.099609375,8381.2001953125,8518.5498046875,155900.0,42.22999954223633,42.959999084472656,41.349998474121094,42.5,317211.0
2015-08-17,1113.800048828125,1122.0,1113.800048828125,1118.5999755859375,399.0,65.12200164794922,65.4469985961914,64.27999877929688,65.12200164794922,0.0,8530.5,8530.599609375,8428.0498046875,8477.2998046875,174700.0,42.18000030517578,42.689998626708984,41.63999938964844,41.869998931884766,314275.0
2015-08-18,1118.199951171875,1118.4000244140625,1110.0,1117.0999755859375,475.0,65.44300079345703,65.52999877929688,65.29000091552734,65.44300079345703,0.0,8505.849609375,8525.75,8433.599609375,8466.5498046875,153300.0,41.880001068115234,42.900001525878906,41.43000030517578,42.619998931884766,200185.0
2015-08-19,1117.0,1134.300048828125,1116.800048828125,1128.0999755859375,348.0,65.44599914550781,65.45999908447266,65.0999984741211,65.44599914550781,0.0,8468.0498046875,8520.4501953125,8425.9501953125,8495.150390625,130500.0,42.40999984741211,42.68000030517578,40.400001525878906,40.79999923706055,107578.0
2015-08-20,1132.800048828125,1153.300048828125,1132.800048828125,1153.0,409.0,65.06300354003906,65.69100189208984,65.06300354003906,65.05400085449219,0.0,8471.0498046875,8501.349609375,8359.75,8372.75,184100.0,40.58000183105469,41.47999954223633,40.209999084472656,41.13999938964844,380433.0
2015-08-21,1154.0999755859375,1166.5,1150.5,1159.5999755859375,261.0,65.46199798583984,66.23999786376953,65.37000274658203,65.46099853515625,0.0,8305.400390625,8322.2001953125,8225.0498046875,8299.9501953125,201300.0,41.029998779296875,41.400001525878906,39.86000061035156,40.45000076293945,377181.0
2015-08-24,1164.0,1169.0,1147.5,1153.4000244140625,299.0,66.0260009765625,67.05999755859375,66.0260009765625,66.0260009765625,0.0,8055.9501953125,8060.0498046875,7769.39990234375,7809.0,312400.0,40.29999923706055,40.470001220703125,37.75,38.2400016784668,468366.0
2015-08-25,1151.5,1155.5,1134.0,1138.199951171875,217.0,66.80699920654297,66.97000122070312,65.7699966430664,66.80699920654297,0.0,7895.39990234375,7925.39990234375,7667.25,7880.7001953125,299100.0,38.18000030517578,39.88999938964844,38.15999984741211,39.310001373291016,375650.0
2015-08-26,1139.199951171875,1143.0,1119.5999755859375,1124.5999755859375,116.0,66.28299713134766,66.37999725341797,65.97000122070312,66.28299713134766,0.0,7865.25,7930.0498046875,7777.10009765625,7791.85009765625,216600.0,39.689998626708984,39.86000061035156,38.52000045776367,38.599998474121094,368722.0
2015-08-27,1127.199951171875,1127.4000244140625,1118.4000244140625,1122.4000244140625,564.0,66.05599975585938,66.13800048828125,65.7699966430664,66.05599975585938,0.0,7921.60009765625,7963.60009765625,7862.2998046875,7948.9501953125,305000.0,38.959999084472656,42.86000061035156,38.95000076293945,42.560001373291016,533682.0
2015-08-28,1125.300048828125,1139.0,1123.5999755859375,1133.0999755859375,279.0,66.05500030517578,66.19300079345703,65.83000183105469,66.05500030517578,0.0,8053.7001953125,8091.7998046875,7961.64990234375,8001.9501953125,195600.0,42.68000030517578,45.900001525878906,41.779998779296875,45.220001220703125,666328.0
2015-08-31,1131.0999755859375,1134.0,1124.800048828125,1131.5999755859375,194.0,66.14299774169922,66.49299621582031,65.95999908447266,66.14299774169922,0.0,8009.25,8043.60009765625,7947.9501953125,7971.2998046875,198200.0,45.0,49.33000183105469,43.599998474121094,49.20000076293945,757503.0
2015-09-01,1133.5,1144.699951171875,1133.5,1138.699951171875,375.0,66.3499984741211,66.4530029296875,66.16999816894531,66.3499984741211,0.0,7907.9501953125,7929.10009765625,7746.5,7785.85009765625,184900.0,48.099998474121094,48.869998931884766,44.150001525878906,45.40999984741211,713418.0
2015-09-02,1137.300048828125,1140.4000244140625,1130.800048828125,1132.5,201.0,66.4219970703125,66.44999694824219,66.08000183105469,66.4229965209961,0.0,7856.64990234375,7862.5498046875,7699.25,7717.0,215300.0,44.2599983215332,46.77000045776367,43.209999084472656,46.25,689301.0
2015-09-03,1130.300048828125,1132.9000244140625,1120.300048828125,1123.699951171875,122.0,66.21299743652344,66.30999755859375,65.94999694824219,66.22599792480469,0.0,7774.4501953125,7845.60009765625,7754.0498046875,7823.0,155800.0,46.11000061035156,48.41999816894531,45.650001525878906,46.75,539450.0
2015-09-04,1123.4000244140625,1125.199951171875,1116.199951171875,1120.5999755859375,51.0,66.16000366210938,66.72100067138672,65.97000122070312,66.16000366210938,0.0,7803.39990234375,7804.89990234375,7626.85009765625,7655.0498046875,193600.0,46.68000030517578,47.22999954223633,45.61000061035156,46.04999923706055,385631.0
2015-09-08,1119.800048828125,1124.300048828125,1116.4000244140625,1120.4000244140625,138.0,66.8030014038086,66.90599822998047,66.33000183105469,66.8030014038086,0.0,7587.7001953125,7720.89990234375,7539.5,7688.25,172200.0,45.81999969482422,46.40999984741211,44.13999938964844,45.939998626708984,508815.0
2015-09-09,1123.5,1123.5,1102.0999755859375,1102.199951171875,150.0,66.40599822998047,66.55000305175781,66.22000122070312,66.40599822998047,0.0,7805.85009765625,7846.0498046875,7764.5498046875,7818.60009765625,208400.0,45.790000915527344,46.2599983215332,44.04999923706055,44.150001525878906,422735.0
2015-09-10,1107.300048828125,1113.5,1105.5,1109.5,56.0,66.59700012207031,66.76300048828125,66.36000061035156,66.59700012207031,0.0,7729.0498046875,7819.85009765625,7678.5,7788.10009765625,160300.0,44.15999984741211,46.040000915527344,43.36000061035156,45.91999816894531,498992.0
2015-09-11,1110.800048828125,1111.699951171875,1098.199951171875,1103.5,81.0,66.31900024414062,66.572998046875,66.27999877929688,66.31900024414062,0.0,7833.7998046875,7864.85009765625,7759.89990234375,7789.2998046875,136400.0,45.709999084472656,45.880001068115234,44.15999984741211,44.630001068115234,395838.0
2015-09-14,1107.800048828125,1108.5999755859375,1104.0999755859375,1107.699951171875,19.0,66.23400115966797,66.4800033569336,66.23400115966797,66.23400115966797,0.0,7811.10009765625,7879.9501953125,7761.85009765625,7872.25,122800.0,44.779998779296875,44.970001220703125,43.59000015258789,44.0,326269.0
2015-09-15,1104.5,1104.5,1102.800048828125,1102.800048828125,8.0,66.31500244140625,66.45800018310547,66.22000122070312,66.31500244140625,0.0,7867.35009765625,7880.0,7799.75,7829.10009765625,136500.0,44.11000061035156,45.25,43.91999816894531,44.59000015258789,335953.0
2015-09-16,1109.800048828125,1119.9000244140625,1109.800048828125,1119.199951171875,31.0,66.4280014038086,66.51300048828125,66.19000244140625,66.43000030517578,0.0,7886.85009765625,7913.89990234375,7853.2998046875,7899.14990234375,140000.0,45.15999984741211,47.349998474121094,44.81999969482422,47.150001525878906,421981.0
2015-09-18,1128.300048828125,1141.199951171875,1127.800048828125,1138.0999755859375,59.0,66.11599731445312,66.25299835205078,65.41000366210938,66.12200164794922,0.0,7967.4501953125,8055.0,7955.85009765625,7981.89990234375,241800.0,46.88999938964844,47.029998779296875,44.2400016784668,44.68000030517578,211301.0
2015-09-21,1137.5999755859375,1138.5,1130.800048828125,1133.0999755859375,17.0,65.88999938964844,65.98999786376953,65.30999755859375,65.86100006103516,0.0,7911.5,7987.89990234375,7908.35009765625,7977.10009765625,121800.0,44.970001220703125,46.7400016784668,44.689998626708984,46.68000030517578,104528.0
2015-09-22,1132.5999755859375,1135.0,1122.5,1125.0,43.0,65.74099731445312,65.9530029296875,65.48999786376953,65.73899841308594,0.0,8014.7998046875,8021.60009765625,7787.75,7812.0,168400.0,46.45000076293945,46.47999954223633,45.13999938964844,45.83000183105469,345875.0
2015-09-23,1128.5999755859375,1132.199951171875,1128.300048828125,1131.5999755859375,33.0,65.875,66.11299896240234,65.62999725341797,65.875,0.0,7737.35009765625,7882.89990234375,7723.25,7845.9501953125,146700.0,46.540000915527344,47.150001525878906,44.40999984741211,44.47999954223633,411957.0
2015-09-24,1133.0,1155.9000244140625,1133.0,1153.800048828125,37.0,66.16200256347656,66.37000274658203,66.02799987792969,66.16200256347656,0.0,7838.39990234375,7894.5,7804.10009765625,7868.5,202500.0,44.619998931884766,45.18000030517578,43.709999084472656,44.90999984741211,371976.0
2015-09-28,1133.199951171875,1133.199951171875,1132.0,1132.0,4346.0,66.16300201416016,66.20099639892578,65.79000091552734,66.16300201416016,0.0,7892.7998046875,7893.9501953125,7787.9501953125,7795.7001953125,136300.0,45.380001068115234,45.5,44.29999923706055,44.43000030517578,273906.0
2015-09-29,1132.199951171875,1134.4000244140625,1124.300048828125,1127.0999755859375,2417.0,66.26000213623047,66.43000030517578,65.75,66.26000213623047,0.0,7725.7001953125,7926.5498046875,7691.2001953125,7843.2998046875,240700.0,44.5,45.70000076293945,44.29999923706055,45.22999954223633,265176.0
2015-09-30,1124.300048828125,1126.0,1112.0999755859375,1115.5,865.0,65.91100311279297,65.91100311279297,65.45999908447266,65.91999816894531,0.0,7924.25,7957.7001953125,7874.5,7948.89990234375,210700.0,44.91999816894531,45.849998474121094,44.68000030517578,45.09000015258789,355853.0
2015-10-01,1115.199951171875,1119.0,1113.300048828125,1114.199951171875,1181.0,65.5479965209961,65.66300201416016,65.47000122070312,65.5270004272461,0.0,7992.0498046875,8008.25,7930.64990234375,7950.89990234375,156900.0,45.380001068115234,47.099998474121094,44.630001068115234,44.7400016784668,478979.0
2015-10-05,1137.0999755859375,1141.699951171875,1132.5,1138.0999755859375,226.0,65.35700225830078,65.35700225830078,65.08000183105469,65.35700225830078,0.0,8005.10009765625,8128.89990234375,8005.10009765625,8119.2998046875,183100.0,45.650001525878906,46.939998626708984,45.209999084472656,46.2599983215332,323061.0
2015-10-06,1136.300048828125,1150.0,1136.300048828125,1146.800048828125,145.0,65.14399719238281,65.4280014038086,65.12000274658203,65.12300109863281,0.0,8180.4501953125,8180.9501953125,8096.5,8152.89990234375,178500.0,46.20000076293945,49.08000183105469,45.72999954223633,48.529998779296875,453101.0
2015-10-07,1147.5999755859375,1152.9000244140625,1143.0,1149.0,104.0,65.18499755859375,65.36299896240234,64.7699966430664,65.18399810791016,0.0,8146.2001953125,8188.89990234375,8132.89990234375,8177.39990234375,193900.0,49.0,49.709999084472656,47.70000076293945,47.810001373291016,547488.0
2015-10-08,1142.699951171875,1146.699951171875,1138.699951171875,1144.699951171875,138.0,64.93900299072266,65.18000030517578,64.92400360107422,64.93900299072266,0.0,8196.75,8196.75,8105.85009765625,8129.35009765625,171700.0,48.11000061035156,50.06999969482422,47.7599983215332,49.43000030517578,509760.0
2015-10-09,1151.5999755859375,1157.199951171875,1151.5999755859375,1156.300048828125,22.0,64.99600219726562,64.99600219726562,64.58000183105469,64.99500274658203,0.0,8186.35009765625,8232.2001953125,8139.64990234375,8189.7001953125,199700.0,49.689998626708984,50.91999816894531,49.16999816894531,49.630001068115234,508680.0
2015-10-12,1155.9000244140625,1166.800048828125,1155.9000244140625,1164.9000244140625,40.0,64.55999755859375,64.87300109863281,64.55999755859375,64.77200317382812,0.0,8231.5,8244.5,8128.2001953125,8143.60009765625,199100.0,49.5099983215332,50.130001068115234,47.040000915527344,47.099998474121094,408663.0
2015-10-13,1163.5,1166.199951171875,1154.9000244140625,1165.800048828125,132.0,64.78199768066406,65.19000244140625,64.77999877929688,64.78199768066406,0.0,8121.9501953125,8150.25,8088.60009765625,8131.7001953125,145900.0,47.459999084472656,48.43000030517578,46.439998626708984,46.65999984741211,465388.0
2015-10-14,1172.4000244140625,1189.0,1167.300048828125,1180.0999755859375,143.0,65.08799743652344,65.16999816894531,64.75,65.08499908447266,0.0,8102.39990234375,8139.2998046875,8096.35009765625,8107.89990234375,138900.0,46.689998626708984,46.959999084472656,45.939998626708984,46.63999938964844,348241.0
2015-10-15,1184.199951171875,1188.300048828125,1177.800048828125,1187.9000244140625,143.0,64.87000274658203,64.90399932861328,64.56999969482422,64.8489990234375,0.0,8134.35009765625,8190.5498046875,8129.7998046875,8179.5,167200.0,46.279998779296875,47.02000045776367,45.22999954223633,46.380001068115234,370940.0
2015-10-16,1182.5,1184.0999755859375,1176.199951171875,1183.5999755859375,243.0,64.78199768066406,65.00800323486328,64.55000305175781,64.78399658203125,0.0,8193.650390625,8246.400390625,8147.64990234375,8238.150390625,156400.0,46.869998931884766,47.5,46.15999984741211,47.2599983215332,198127.0
2015-10-19,1176.5,1177.800048828125,1169.300048828125,1173.300048828125,62.0,64.5999984741211,64.91300201416016,64.5999984741211,64.69499969482422,0.0,8262.5498046875,8283.0498046875,8239.2001953125,8275.0498046875,124500.0,47.27000045776367,47.4900016784668,45.849998474121094,45.88999938964844,125840.0
2015-10-20,1168.699951171875,1179.0999755859375,1168.699951171875,1178.0,19.0,64.95899963378906,65.0530014038086,64.8499984741211,64.95099639892578,0.0,8280.2998046875,8294.0498046875,8229.2001953125,8261.650390625,155100.0,46.25,46.52000045776367,45.22999954223633,45.54999923706055,361314.0
2015-10-21,1175.9000244140625,1176.4000244140625,1164.9000244140625,1167.5999755859375,41.0,64.99400329589844,65.23999786376953,64.99299621582031,64.99400329589844,0.0,8258.349609375,8294.400390625,8217.150390625,8251.7001953125,144800.0,45.880001068115234,46.08000183105469,44.86000061035156,45.20000076293945,384288.0
2015-10-23,1166.199951171875,1178.699951171875,1163.300048828125,1163.300048828125,38.0,65.05000305175781,65.05000305175781,64.5999984741211,65.05000305175781,0.0,8308.25,8328.099609375,8280.75,8295.4501953125,152000.0,45.439998626708984,45.75,44.20000076293945,44.599998474121094,406577.0
2015-10-26,1165.0999755859375,1170.0,1163.800048828125,1167.0,176.0,64.94999694824219,65.0,64.69999694824219,64.88500213623047,0.0,8333.650390625,8336.2998046875,8252.0498046875,8260.5498046875,133900.0,44.7400016784668,44.939998626708984,43.63999938964844,43.97999954223633,302084.0
2015-10-27,1164.5,1166.800048828125,1162.0,1166.800048828125,302.0,64.89900207519531,65.06099700927734,64.87999725341797,64.9010009765625,0.0,8230.349609375,8241.9501953125,8217.0498046875,8232.900390625,156700.0,43.779998779296875,43.90999984741211,42.58000183105469,43.20000076293945,370825.0
2015-10-28,1175.0999755859375,1182.699951171875,1175.0999755859375,1177.0999755859375,217.0,65.072998046875,65.11000061035156,64.81999969482422,65.06700134277344,0.0,8188.89990234375,8209.099609375,8131.7998046875,8171.2001953125,188900.0,43.439998626708984,46.220001220703125,43.060001373291016,45.939998626708984,521518.0
2015-10-29,1158.0,1162.0,1144.9000244140625,1147.199951171875,329.0,64.94599914550781,65.41000366210938,64.94599914550781,64.94599914550781,0.0,8175.4501953125,8179.60009765625,8098.0,8111.75,217500.0,46.060001373291016,46.790000915527344,45.15999984741211,46.060001373291016,436513.0
2015-10-30,1147.5,1147.5999755859375,1139.199951171875,1141.5,249.0,65.44499969482422,65.44499969482422,65.10800170898438,65.44400024414062,0.0,8123.5498046875,8146.10009765625,8044.39990234375,8065.7998046875,199500.0,45.7400016784668,47.029998779296875,45.47999954223633,46.59000015258789,363307.0
2015-11-02,1137.9000244140625,1138.699951171875,1132.5999755859375,1135.800048828125,180.0,65.41500091552734,65.64299774169922,65.26000213623047,65.41500091552734,0.0,8054.5498046875,8060.7001953125,7995.60009765625,8050.7998046875,136100.0,46.43000030517578,46.72999954223633,45.560001373291016,46.13999938964844,305518.0
2015-11-03,1133.300048828125,1134.699951171875,1114.199951171875,1114.199951171875,185.0,65.52200317382812,65.77799987792969,65.41000366210938,65.54100036621094,0.0,8086.35009765625,8100.35009765625,8031.75,8060.7001953125,132500.0,46.11000061035156,48.36000061035156,45.959999084472656,47.900001525878906,434574.0
2015-11-04,1119.0,1121.9000244140625,1106.5,1106.5,141.0,65.54000091552734,65.63999938964844,65.27999877929688,65.53099822998047,0.0,8104.89990234375,8116.10009765625,8027.2998046875,8040.2001953125,122100.0,47.7400016784668,48.279998779296875,46.16999816894531,46.31999969482422,459307.0
2015-11-05,1107.9000244140625,1110.699951171875,1104.4000244140625,1104.4000244140625,84.0,65.58300018310547,65.93000030517578,65.51799774169922,65.58499908447266,0.0,8030.35009765625,8031.2001953125,7944.10009765625,7955.4501953125,132100.0,46.56999969482422,46.650001525878906,45.119998931884766,45.20000076293945,437646.0
2015-11-06,1105.199951171875,1109.5,1084.800048828125,1087.5999755859375,78.0,65.85299682617188,66.13999938964844,65.61000061035156,65.86000061035156,0.0,7956.5498046875,8002.64990234375,7926.14990234375,7954.2998046875,219500.0,45.40999984741211,45.63999938964844,44.11000061035156,44.290000915527344,448133.0
2015-11-09,1088.5999755859375,1088.5999755859375,1087.9000244140625,1087.9000244140625,5.0,66.51000213623047,66.55000305175781,66.31999969482422,66.13300323486328,0.0,7788.25,7937.75,7771.7001953125,7915.2001953125,211800.0,44.52000045776367,45.119998931884766,43.63999938964844,43.869998931884766,487992.0
2015-11-10,1090.0999755859375,1091.300048828125,1085.0,1088.199951171875,18.0,66.46800231933594,66.46800231933594,65.98999786376953,66.46800231933594,0.0,7877.60009765625,7885.10009765625,7772.85009765625,7783.35009765625,165200.0,44.099998474121094,44.7599983215332,43.56999969482422,44.209999084472656,445973.0
2015-11-13,1083.0999755859375,1085.9000244140625,1080.800048828125,1080.800048828125,23.0,66.0479965209961,66.22000122070312,65.94000244140625,66.0479965209961,0.0,7762.4501953125,7775.10009765625,7730.89990234375,7762.25,160900.0,41.61000061035156,42.84000015258789,40.220001220703125,40.7400016784668,480893.0
2015-11-16,1092.0,1092.4000244140625,1083.699951171875,1083.699951171875,11.0,66.0510025024414,66.23999786376953,65.73999786376953,66.0510025024414,0.0,7732.9501953125,7838.85009765625,7714.14990234375,7806.60009765625,149500.0,40.91999816894531,42.25,40.060001373291016,41.7400016784668,535179.0
2015-11-17,1075.5,1075.800048828125,1065.0999755859375,1068.699951171875,6.0,65.89700317382812,66.08300018310547,65.8499984741211,65.89700317382812,0.0,7848.75,7860.4501953125,7793.0,7837.5498046875,145000.0,41.959999084472656,42.029998779296875,40.58000183105469,40.66999816894531,363714.0
2015-11-18,1064.0,1071.9000244140625,1064.0,1068.800048828125,5.0,66.02100372314453,66.30999755859375,66.02100372314453,66.03700256347656,0.0,7823.14990234375,7843.39990234375,7725.0498046875,7731.7998046875,143600.0,41.11000061035156,41.54999923706055,39.90999984741211,40.75,251518.0
2015-11-19,1077.4000244140625,1082.4000244140625,1077.4000244140625,1078.0,10.0,66.0719985961914,66.2229995727539,65.7300033569336,66.07499694824219,0.0,7788.5,7854.89990234375,7765.4501953125,7842.75,132600.0,40.720001220703125,41.04999923706055,39.88999938964844,40.540000915527344,131356.0
2015-11-20,1082.9000244140625,1082.9000244140625,1076.4000244140625,1076.4000244140625,5.0,66.0770034790039,66.26300048828125,65.94999694824219,66.08499908447266,0.0,7841.89990234375,7906.9501953125,7817.7998046875,7856.5498046875,151900.0,40.540000915527344,40.9900016784668,38.9900016784668,40.38999938964844,432642.0
2015-11-23,1070.0,1071.5,1066.800048828125,1066.800048828125,57.0,66.0999984741211,66.47000122070312,66.05000305175781,66.05000305175781,0.0,7869.5,7877.5,7825.2001953125,7849.25,127000.0,41.4900016784668,42.75,40.40999984741211,41.75,516190.0
2015-11-24,1073.199951171875,1079.4000244140625,1073.199951171875,1074.300048828125,222.0,66.37000274658203,66.51000213623047,66.26000213623047,66.37100219726562,0.0,7837.0,7870.35009765625,7812.64990234375,7831.60009765625,130600.0,42.040000915527344,43.459999084472656,41.86000061035156,42.869998931884766,430304.0
2015-11-27,1070.699951171875,1074.199951171875,1051.0999755859375,1056.199951171875,52133.0,66.55799865722656,66.88999938964844,66.45999908447266,66.55799865722656,0.0,7910.60009765625,7959.2998046875,7879.4501953125,7942.7001953125,150300.0,43.25,43.29999923706055,41.66999816894531,41.709999084472656,316475.0
2015-11-30,1056.5,1068.4000244140625,1052.0999755859375,1065.800048828125,4601.0,66.66000366210938,66.91000366210938,66.44599914550781,66.9000015258789,0.0,7936.25,7966.0,7922.7998046875,7935.25,216300.0,41.77000045776367,42.61000061035156,41.5,41.650001525878906,369509.0
2015-12-01,1064.5999755859375,1074.5999755859375,1063.4000244140625,1063.800048828125,3441.0,66.50800323486328,66.58499908447266,66.29000091552734,66.50800323486328,0.0,7958.14990234375,7972.14990234375,7934.14990234375,7954.89990234375,138600.0,41.72999954223633,42.22999954223633,41.16999816894531,41.849998474121094,415537.0
2015-12-02,1068.699951171875,1069.5,1049.5999755859375,1054.199951171875,503.0,66.46099853515625,66.66500091552734,66.45800018310547,66.46099853515625,0.0,7976.7001953125,7979.2998046875,7910.7998046875,7931.35009765625,126300.0,41.689998626708984,41.970001220703125,39.84000015258789,39.939998626708984,545289.0
2015-12-03,1054.4000244140625,1064.5999755859375,1046.199951171875,1061.699951171875,1161.0,66.55699920654297,66.88400268554688,66.44000244140625,66.55699920654297,0.0,7902.2998046875,7912.2998046875,7853.2998046875,7864.14990234375,125700.0,40.150001525878906,41.779998779296875,40.06999969482422,41.08000183105469,496884.0
2015-12-04,1063.0,1088.800048828125,1058.699951171875,1084.5,889.0,66.78700256347656,66.9800033569336,66.52999877929688,66.8030014038086,0.0,7817.60009765625,7821.39990234375,7775.7001953125,7781.89990234375,152500.0,41.310001373291016,42.0,39.599998474121094,39.970001220703125,510758.0
2015-12-07,1084.9000244140625,1086.5,1067.4000244140625,1076.4000244140625,656.0,66.6500015258789,66.77999877929688,66.572998046875,66.63600158691406,0.0,7816.5498046875,7825.39990234375,7746.0498046875,7765.39990234375,137600.0,40.099998474121094,40.150001525878906,37.5,37.650001525878906,635413.0
2015-12-08,1071.0,1078.4000244140625,1069.5999755859375,1076.300048828125,306.0,66.7760009765625,66.86100006103516,66.61000061035156,66.76799774169922,0.0,7738.5,7771.25,7685.4501953125,7701.7001953125,135100.0,37.68000030517578,38.58000183105469,36.63999938964844,37.5099983215332,767184.0
2015-12-09,1075.0999755859375,1086.0,1070.5999755859375,1077.5999755859375,386.0,66.83300018310547,66.91500091552734,66.58999633789062,66.83300018310547,0.0,7695.5,7702.85009765625,7606.89990234375,7612.5,140000.0,37.86000061035156,38.9900016784668,36.869998931884766,37.15999984741211,646166.0
2015-12-10,1073.0,1076.300048828125,1071.699951171875,1073.0999755859375,226.0,66.89900207519531,66.9000015258789,65.95999908447266,66.88999938964844,0.0,7643.2998046875,7691.9501953125,7610.0,7683.2998046875,140800.0,37.27000045776367,37.540000915527344,36.380001068115234,36.7599983215332,513940.0
2015-12-11,1067.800048828125,1079.4000244140625,1064.4000244140625,1076.9000244140625,410.0,66.79000091552734,67.10600280761719,66.72000122070312,66.78600311279297,0.0,7699.60009765625,7703.0498046875,7575.2998046875,7610.4501953125,167800.0,36.630001068115234,36.84000015258789,35.15999984741211,35.619998931884766,505406.0
2015-12-14,1074.0,1076.699951171875,1060.0,1064.699951171875,509.0,67.14099884033203,67.1729965209961,66.93000030517578,67.14099884033203,0.0,7558.2001953125,7663.9501953125,7551.0498046875,7650.0498046875,148900.0,35.400001525878906,36.70000076293945,34.529998779296875,36.310001373291016,550476.0
2015-12-15,1064.5999755859375,1066.199951171875,1061.800048828125,1062.9000244140625,220.0,67.07499694824219,67.11000061035156,66.78099822998047,67.07099914550781,0.0,7659.14990234375,7705.0,7625.10009765625,7700.89990234375,134300.0,36.31999969482422,37.880001068115234,36.029998779296875,37.349998474121094,474159.0
2015-12-16,1064.800048828125,1078.699951171875,1064.300048828125,1078.0,81.0,66.89800262451172,66.93900299072266,66.55000305175781,66.90299987792969,0.0,7725.25,7776.60009765625,7715.75,7750.89990234375,154300.0,36.790000915527344,37.349998474121094,35.290000915527344,35.52000045776367,402967.0
2015-12-17,1072.5999755859375,1072.5999755859375,1050.5,1050.800048828125,56.0,66.48999786376953,66.66500091552734,66.22000122070312,66.4280014038086,0.0,7783.0498046875,7852.89990234375,7737.5498046875,7844.35009765625,175900.0,35.79999923706055,35.84000015258789,34.630001068115234,34.95000076293945,196227.0
2015-12-18,1053.699951171875,1070.300048828125,1052.699951171875,1066.199951171875,253.0,66.46499633789062,66.51300048828125,66.19999694824219,66.45899963378906,0.0,7828.89990234375,7836.14990234375,7753.35009765625,7761.9501953125,191400.0,34.869998931884766,35.56999969482422,34.290000915527344,34.72999954223633,116038.0
2015-12-21,1070.199951171875,1081.9000244140625,1070.199951171875,1081.9000244140625,26.0,66.24800109863281,66.36000061035156,66.02999877929688,66.24800109863281,0.0,7745.64990234375,7840.75,7733.4501953125,7834.4501953125,126300.0,34.58000183105469,34.86000061035156,33.97999954223633,34.7400016784668,298080.0
2015-12-22,1078.5999755859375,1078.5999755859375,1073.800048828125,1074.800048828125,106.0,66.12999725341797,66.3479995727539,66.12999725341797,66.26899719238281,0.0,7829.39990234375,7846.2998046875,7776.85009765625,7786.10009765625,125700.0,35.79999923706055,36.540000915527344,35.65999984741211,36.13999938964844,302263.0
2015-12-23,1074.5,1074.800048828125,1069.4000244140625,1069.4000244140625,202.0,66.24299621582031,66.27799987792969,66.02999877929688,66.24299621582031,0.0,7830.4501953125,7871.4501953125,7826.10009765625,7865.9501953125,117900.0,36.470001220703125,37.95000076293945,36.279998779296875,37.5,374658.0
2015-12-24,1074.300048828125,1077.800048828125,1073.5,1077.199951171875,24.0,66.09400177001953,66.09400177001953,65.66000366210938,66.15399932861328,0.0,7888.75,7888.75,7835.5,7861.0498046875,93500.0,37.86000061035156,38.279998779296875,37.380001068115234,38.099998474121094,205873.0
2015-12-28,1077.9000244140625,1098.800048828125,1070.5,1070.5,361.0,65.95999908447266,66.20800018310547,65.94000244140625,65.94000244140625,0.0,7863.2001953125,7937.2001953125,7863.0,7925.14990234375,122900.0,38.0,38.09000015258789,36.599998474121094,36.810001373291016,220644.0
2015-12-29,1079.0999755859375,1079.699951171875,1077.5,1077.5,252.0,66.14199829101562,66.40899658203125,66.0999984741211,66.13400268554688,0.0,7929.2001953125,7942.14990234375,7902.75,7928.9501953125,113000.0,36.70000076293945,37.939998626708984,36.65999984741211,37.869998931884766,241945.0
2015-12-30,1068.5999755859375,1070.199951171875,1059.699951171875,1060.0999755859375,71.0,66.26599884033203,66.46499633789062,66.13999938964844,66.26000213623047,0.0,7938.60009765625,7944.75,7889.85009765625,7896.25,106800.0,37.36000061035156,37.400001525878906,36.400001525878906,36.599998474121094,267912.0
2015-12-31,1061.9000244140625,1062.0,1058.5,1060.300048828125,10.0,66.44999694824219,66.46099853515625,66.01000213623047,66.45500183105469,0.0,7897.7998046875,7955.5498046875,7891.14990234375,7946.35009765625,150900.0,36.810001373291016,37.790000915527344,36.220001220703125,37.040000915527344,283623.0
2016-01-04,1063.4000244140625,1082.5,1063.199951171875,1075.0999755859375,143.0,66.19300079345703,66.62899780273438,66.02999877929688,66.19300079345703,0.0,7924.5498046875,7937.5498046875,7781.10009765625,7791.2998046875,134700.0,37.599998474121094,38.38999938964844,36.33000183105469,36.7599983215332,431985.0
2016-01-05,1075.5999755859375,1081.5,1075.300048828125,1078.4000244140625,82.0,66.5979995727539,66.64800262451172,66.4000015258789,66.60099792480469,0.0,7828.39990234375,7831.2001953125,7763.25,7784.64990234375,145200.0,36.900001525878906,37.099998474121094,35.7400016784668,35.970001220703125,410131.0
2016-01-06,1081.5999755859375,1093.699951171875,1081.5999755859375,1091.9000244140625,52.0,66.51000213623047,66.88800048828125,66.47000122070312,66.52400207519531,0.0,7788.0498046875,7800.9501953125,7721.2001953125,7741.0,147100.0,36.18000030517578,36.38999938964844,33.77000045776367,33.970001220703125,563811.0
2016-01-07,1091.5999755859375,1109.4000244140625,1091.5999755859375,1107.699951171875,122.0,66.73999786376953,66.95999908447266,66.5199966430664,66.7239990234375,0.0,7673.35009765625,7674.9501953125,7556.60009765625,7568.2998046875,188900.0,34.09000015258789,34.2599983215332,32.099998474121094,33.27000045776367,617409.0
2016-01-08,1111.0999755859375,1111.0999755859375,1093.0,1097.800048828125,98.0,66.89900207519531,66.90599822998047,66.47000122070312,66.9209976196289,0.0,7611.64990234375,7634.10009765625,7581.0498046875,7601.35009765625,157400.0,33.29999923706055,34.34000015258789,32.63999938964844,33.15999984741211,596496.0
2016-01-11,1105.699951171875,1107.9000244140625,1096.5,1096.5,43.0,66.83999633789062,66.91999816894531,66.52999877929688,66.83999633789062,0.0,7527.4501953125,7605.10009765625,7494.35009765625,7563.85009765625,189000.0,32.939998626708984,33.20000076293945,30.8799991607666,31.40999984741211,648640.0
2016-01-12,1093.800048828125,1098.5,1084.0,1085.5999755859375,87.0,66.80599975585938,66.98999786376953,66.5999984741211,66.79299926757812,0.0,7587.2001953125,7588.2998046875,7487.7998046875,7510.2998046875,163900.0,31.110000610351562,32.209999084472656,29.93000030517578,30.440000534057617,627218.0
2016-01-13,1081.5,1093.9000244140625,1081.5,1087.5,50.0,66.91999816894531,66.91999816894531,66.43000030517578,66.91999816894531,0.0,7557.89990234375,7590.9501953125,7425.7998046875,7562.39990234375,215200.0,30.540000915527344,31.709999084472656,30.100000381469727,30.479999542236328,637903.0
2016-01-14,1091.5,1091.5,1073.699951171875,1073.9000244140625,59.0,66.95899963378906,67.51000213623047,66.87999725341797,66.93599700927734,0.0,7467.39990234375,7604.7998046875,7443.7998046875,7536.7998046875,200800.0,30.600000381469727,31.770000457763672,30.280000686645508,31.200000762939453,537906.0
2016-01-15,1085.0,1095.800048828125,1081.800048828125,1091.5,44.0,67.30400085449219,67.76000213623047,67.22000122070312,67.30400085449219,0.0,7561.64990234375,7566.5,7427.2998046875,7437.7998046875,197500.0,31.18000030517578,31.18000030517578,29.1299991607666,29.420000076293945,329094.0
2016-01-19,1089.800048828125,1094.4000244140625,1084.9000244140625,1089.9000244140625,17.0,67.70999908447266,67.79000091552734,67.41000366210938,67.71099853515625,0.0,7381.7998046875,7462.75,7364.14990234375,7435.10009765625,188300.0,29.200000762939453,30.209999084472656,28.209999084472656,28.459999084472656,188026.0
2016-01-20,1099.800048828125,1109.800048828125,1099.800048828125,1107.0999755859375,30.0,67.76100158691406,68.14299774169922,67.62000274658203,67.76699829101562,0.0,7357.0,7470.89990234375,7241.5,7309.2998046875,225600.0,28.329999923706055,28.579999923706055,26.190000534057617,26.549999237060547,690039.0
2016-01-21,1103.5999755859375,1103.5999755859375,1094.0999755859375,1099.0999755859375,16.0,67.947998046875,68.11000061035156,67.5999984741211,67.9489974975586,0.0,7376.64990234375,7398.7001953125,7250.0,7276.7998046875,240700.0,28.350000381469727,30.25,27.8700008392334,29.530000686645508,694040.0
2016-01-22,1098.0,1103.199951171875,1097.199951171875,1097.199951171875,4.0,67.80799865722656,67.86100006103516,67.36000061035156,67.80799865722656,0.0,7355.7001953125,7433.39990234375,7327.60009765625,7422.4501953125,229200.0,29.84000015258789,32.349998474121094,29.530000686645508,32.189998626708984,636573.0
2016-01-25,1099.300048828125,1109.300048828125,1099.300048828125,1106.199951171875,8.0,67.54100036621094,67.83300018310547,67.4000015258789,67.54100036621094,0.0,7468.75,7487.14990234375,7421.2001953125,7436.14990234375,163200.0,32.04999923706055,32.7400016784668,29.68000030517578,30.34000015258789,606892.0
2016-01-27,1117.800048828125,1117.800048828125,1115.800048828125,1116.0999755859375,168706.0,67.7699966430664,68.11799621582031,67.75,67.7699966430664,0.0,7469.60009765625,7477.89990234375,7419.7001953125,7437.75,187600.0,30.549999237060547,32.84000015258789,30.139999389648438,32.29999923706055,738551.0
2016-01-28,1125.4000244140625,1125.699951171875,1109.800048828125,1115.5999755859375,52861.0,68.19100189208984,68.23500061035156,67.94999694824219,68.19599914550781,0.0,7426.5,7468.85009765625,7409.60009765625,7424.64990234375,274500.0,32.189998626708984,34.81999969482422,31.739999771118164,33.220001220703125,833378.0
2016-01-29,1114.4000244140625,1118.5999755859375,1108.800048828125,1116.4000244140625,6955.0,68.09300231933594,68.1729965209961,67.66999816894531,68.09300231933594,0.0,7413.35009765625,7575.64990234375,7402.7998046875,7563.5498046875,298700.0,33.70000076293945,34.400001525878906,32.650001525878906,33.619998931884766,618110.0
2016-02-01,1116.699951171875,1130.0,1115.300048828125,1127.9000244140625,1682.0,67.87000274658203,67.927001953125,67.58999633789062,67.87000274658203,0.0,7589.5,7600.4501953125,7541.25,7555.9501953125,200400.0,33.83000183105469,34.18000030517578,31.290000915527344,31.6200008392334,595612.0
2016-02-02,1128.300048828125,1131.4000244140625,1123.0,1127.300048828125,1230.0,67.86499786376953,68.02400207519531,67.69999694824219,67.88200378417969,0.0,7566.64990234375,7576.2998046875,7428.0498046875,7455.5498046875,230200.0,31.3700008392334,31.530000686645508,29.56999969482422,29.8799991607666,602564.0
2016-02-03,1128.5,1146.0,1125.0,1141.300048828125,1630.0,67.98600006103516,68.27999877929688,67.88999938964844,67.98600006103516,0.0,7392.4501953125,7419.39990234375,7350.2998046875,7361.7998046875,192000.0,29.75,32.75,29.399999618530273,32.279998779296875,811699.0
2016-02-04,1142.5,1157.5999755859375,1141.0,1157.5999755859375,771.0,67.78199768066406,67.88800048828125,67.30999755859375,67.927001953125,0.0,7411.4501953125,7457.0498046875,7365.9501953125,7404.0,222700.0,32.709999084472656,33.599998474121094,31.530000686645508,31.719999313354492,696721.0
2016-02-05,1155.5999755859375,1174.800048828125,1146.0,1157.800048828125,877.0,67.5739974975586,67.80000305175781,67.30999755859375,67.56400299072266,0.0,7418.25,7503.14990234375,7406.64990234375,7489.10009765625,249800.0,31.639999389648438,32.45000076293945,30.6299991607666,30.889999389648438,616531.0
2016-02-08,1173.5,1200.4000244140625,1165.0,1197.9000244140625,931.0,67.802001953125,68.03299713134766,67.58999633789062,67.802001953125,0.0,7489.7001953125,7512.5498046875,7363.2001953125,7387.25,171500.0,30.969999313354492,31.3799991607666,29.56999969482422,29.690000534057617,603646.0
2016-02-09,1188.699951171875,1199.199951171875,1186.699951171875,1198.699951171875,700.0,68.07499694824219,68.22000122070312,67.7699966430664,68.07599639892578,0.0,7303.9501953125,7323.4501953125,7275.14990234375,7298.2001953125,212100.0,30.170000076293945,30.610000610351562,27.739999771118164,27.940000534057617,738219.0
2016-02-10,1189.800048828125,1197.699951171875,1182.0999755859375,1194.699951171875,671.0,67.927001953125,67.97799682617188,67.75,67.9280014038086,0.0,7264.2998046875,7271.85009765625,7177.75,7215.7001953125,246900.0,28.360000610351562,29.219999313354492,27.239999771118164,27.450000762939453,781280.0
2016-02-11,1205.5999755859375,1260.800048828125,1204.5999755859375,1247.9000244140625,995.0,67.89600372314453,68.55000305175781,67.6500015258789,67.89299774169922,0.0,7203.60009765625,7208.64990234375,6959.9501953125,6976.35009765625,292300.0,27.34000015258789,27.479999542236328,26.049999237060547,26.209999084472656,795965.0
2016-02-12,1247.800048828125,1247.800048828125,1233.5,1239.0999755859375,250.0,68.46299743652344,68.48500061035156,68.0999984741211,68.4739990234375,0.0,7023.64990234375,7034.7998046875,6869.0,6980.9501953125,333900.0,27.299999237060547,29.65999984741211,26.950000762939453,29.440000534057617,675157.0
2016-02-16,1233.0999755859375,1233.5999755859375,1193.5999755859375,1207.9000244140625,422.0,68.1259994506836,68.4729995727539,67.94000244140625,68.13700103759766,0.0,7201.25,7204.64990234375,7037.7001953125,7048.25,253800.0,29.079999923706055,31.530000686645508,28.700000762939453,29.040000915527344,651956.0
2016-02-17,1196.5,1212.9000244140625,1196.5,1211.0999755859375,53.0,68.5199966430664,68.69000244140625,68.30999755859375,68.50599670410156,0.0,7058.85009765625,7123.7001953125,6960.64990234375,7108.4501953125,260000.0,29.139999389648438,31.489999771118164,28.729999542236328,30.65999984741211,578639.0
2016-02-18,1209.5999755859375,1239.199951171875,1201.5999755859375,1226.0999755859375,315.0,68.35600280761719,68.58300018310547,68.23999786376953,68.35600280761719,0.0,7177.39990234375,7215.10009765625,7127.85009765625,7191.75,246700.0,31.350000381469727,31.979999542236328,30.270000457763672,30.770000457763672,225497.0
2016-02-19,1230.800048828125,1232.800048828125,1221.800048828125,1230.4000244140625,76.0,68.56500244140625,68.83000183105469,68.43000030517578,68.56600189208984,0.0,7170.5498046875,7226.85009765625,7145.9501953125,7210.75,192300.0,30.600000381469727,30.729999542236328,29.049999237060547,29.639999389648438,103202.0
2016-02-22,1226.0999755859375,1226.0999755859375,1203.0,1209.5,280.0,68.4800033569336,68.69000244140625,68.37999725341797,68.53800201416016,0.0,7208.85009765625,7252.39990234375,7200.7001953125,7234.5498046875,154400.0,29.719999313354492,32.04999923706055,29.479999542236328,31.479999542236328,521016.0
2016-02-23,1207.4000244140625,1226.0999755859375,1207.4000244140625,1222.300048828125,351.0,68.572998046875,68.68000030517578,68.44000244140625,68.5739974975586,0.0,7240.2998046875,7241.7001953125,7090.7001953125,7109.5498046875,194400.0,33.34000015258789,33.529998779296875,31.219999313354492,31.8700008392334,539379.0
2016-02-24,1230.0,1250.0999755859375,1230.0,1238.699951171875,111.0,68.60299682617188,68.63600158691406,68.2699966430664,68.60299682617188,0.0,7075.0,7090.7998046875,7009.75,7018.7001953125,199700.0,31.280000686645508,32.400001525878906,30.559999465942383,32.150001525878906,652245.0
2016-02-25,1239.4000244140625,1241.5,1235.0,1238.199951171875,1349.0,68.39199829101562,68.9010009765625,68.37999725341797,68.3759994506836,0.0,7029.85009765625,7034.2001953125,6961.39990234375,6970.60009765625,283100.0,32.189998626708984,33.4900016784668,31.06999969482422,33.06999969482422,611874.0
2016-02-26,1232.4000244140625,1239.0999755859375,1212.199951171875,1219.800048828125,656.0,68.7969970703125,68.80999755859375,68.5199966430664,68.7969970703125,0.0,7039.2998046875,7052.89990234375,6985.10009765625,7029.75,206700.0,33.040000915527344,34.689998626708984,32.63999938964844,32.779998779296875,646294.0
2016-02-29,1218.5999755859375,1241.0,1218.5999755859375,1233.9000244140625,580.0,68.7300033569336,68.79000091552734,68.12000274658203,68.7300033569336,0.0,7050.4501953125,7094.60009765625,6825.7998046875,6987.0498046875,473400.0,32.720001220703125,33.97999954223633,32.31999969482422,33.75,512468.0
2016-03-01,1240.5,1248.4000244140625,1229.0,1230.300048828125,477.0,68.21800231933594,68.3290023803711,67.62000274658203,68.21800231933594,0.0,7038.25,7235.5,7035.10009765625,7222.2998046875,275100.0,33.900001525878906,34.7599983215332,33.369998931884766,34.400001525878906,566226.0
2016-03-02,1232.800048828125,1242.5999755859375,1226.0,1241.0999755859375,267.0,67.61499786376953,67.75299835205078,67.4219970703125,67.74600219726562,0.0,7321.7001953125,7380.35009765625,7308.14990234375,7368.85009765625,338500.0,33.88999938964844,35.16999816894531,33.54999923706055,34.65999984741211,597834.0
2016-03-03,1238.4000244140625,1267.9000244140625,1238.0,1257.4000244140625,123.0,67.38800048828125,67.44499969482422,67.16000366210938,67.38800048828125,0.0,7429.5498046875,7483.9501953125,7406.0498046875,7475.60009765625,278600.0,34.72999954223633,35.31999969482422,34.189998626708984,34.56999969482422,512962.0
2016-03-04,1263.0,1279.9000244140625,1250.9000244140625,1269.9000244140625,268.0,67.13999938964844,67.33999633789062,66.91999816894531,67.14299774169922,0.0,7505.39990234375,7505.89990234375,7444.10009765625,7485.35009765625,281700.0,34.65999984741211,36.34000015258789,34.400001525878906,35.91999816894531,578290.0
2016-03-08,1268.699951171875,1276.300048828125,1261.0,1262.0999755859375,43.0,67.05500030517578,67.4800033569336,66.91999816894531,67.0459976196289,0.0,7486.39990234375,7527.14990234375,7442.14990234375,7485.2998046875,257000.0,37.939998626708984,38.38999938964844,36.119998931884766,36.5,706933.0
2016-03-09,1254.5,1260.0,1244.800048828125,1256.5999755859375,79.0,67.35700225830078,67.52999877929688,67.05799865722656,67.35700225830078,0.0,7436.10009765625,7539.0,7424.2998046875,7531.7998046875,245100.0,36.36000061035156,38.5099983215332,36.2400016784668,38.290000915527344,740632.0
2016-03-10,1250.0,1273.0,1237.5,1272.0,119.0,67.1449966430664,67.22799682617188,66.77999877929688,67.1449966430664,0.0,7545.35009765625,7547.10009765625,7447.39990234375,7486.14990234375,224700.0,38.16999816894531,38.47999954223633,37.209999084472656,37.84000015258789,701435.0
2016-03-11,1270.0,1280.699951171875,1249.4000244140625,1258.699951171875,87.0,67.31900024414062,67.31900024414062,66.927001953125,67.30899810791016,0.0,7484.85009765625,7543.9501953125,7460.60009765625,7510.2001953125,198700.0,37.9900016784668,39.02000045776367,37.91999816894531,38.5,564791.0
2016-03-14,1256.0,1258.0,1234.5,1244.4000244140625,58.0,66.91300201416016,67.18199920654297,66.81999969482422,66.91300201416016,0.0,7542.60009765625,7583.7001953125,7515.0498046875,7538.75,166900.0,38.16999816894531,38.77000045776367,36.68000030517578,37.18000030517578,489938.0
2016-03-15,1228.300048828125,1236.0,1228.0,1230.4000244140625,37.0,67.17500305175781,67.41999816894531,67.05000305175781,67.17400360107422,0.0,7535.85009765625,7545.2001953125,7452.7998046875,7460.60009765625,193700.0,37.369998931884766,37.400001525878906,35.959999084472656,36.34000015258789,446100.0
2016-03-16,1229.5,1263.800048828125,1228.9000244140625,1229.300048828125,45.0,67.36499786376953,67.43499755859375,67.19999694824219,67.35900115966797,0.0,7457.0498046875,7508.0,7405.14990234375,7498.75,195400.0,36.7400016784668,38.630001068115234,36.61000061035156,38.459999084472656,494174.0
2016-03-17,1261.5,1270.0999755859375,1255.9000244140625,1264.5,27.0,66.72000122070312,67.16500091552734,66.45999908447266,66.83000183105469,0.0,7557.39990234375,7585.2998046875,7479.39990234375,7512.5498046875,239600.0,38.59000015258789,40.36000061035156,38.470001220703125,40.20000076293945,298013.0
2016-03-18,1257.0999755859375,1264.4000244140625,1251.5,1253.800048828125,542.0,66.61199951171875,66.69000244140625,66.0999984741211,66.61199951171875,0.0,7534.64990234375,7613.60009765625,7517.89990234375,7604.35009765625,237400.0,40.25,41.20000076293945,39.150001525878906,39.439998626708984,130151.0
2016-03-21,1256.199951171875,1256.199951171875,1243.4000244140625,1243.800048828125,1061.0,66.3759994506836,66.56400299072266,66.2300033569336,66.3759994506836,0.0,7619.2001953125,7713.5498046875,7617.7001953125,7704.25,196800.0,39.060001373291016,40.29999923706055,38.61000061035156,39.90999984741211,479337.0
2016-03-22,1244.0,1252.4000244140625,1243.800048828125,1248.199951171875,20.0,66.5199966430664,66.8499984741211,66.44999694824219,66.5199966430664,0.0,7695.5498046875,7728.2001953125,7643.7998046875,7714.89990234375,208900.0,41.59000015258789,41.900001525878906,40.77000045776367,41.45000076293945,463693.0
2016-03-23,1247.699951171875,1247.699951171875,1218.5999755859375,1223.699951171875,28.0,66.76499938964844,66.93000030517578,66.61000061035156,66.76399993896484,0.0,7717.4501953125,7726.85009765625,7670.60009765625,7716.5,199600.0,41.189998626708984,41.34000015258789,39.66999816894531,39.790000915527344,492003.0
2016-03-28,1211.5,1222.199951171875,1210.0,1219.9000244140625,33.0,66.90699768066406,66.90699768066406,66.41999816894531,66.90699768066406,0.0,7741.0,7749.39990234375,7587.7001953125,7615.10009765625,242400.0,39.54999923706055,40.13999938964844,38.86000061035156,39.38999938964844,299775.0
2016-03-29,1217.800048828125,1235.5999755859375,1217.699951171875,1235.5999755859375,189732.0,66.90699768066406,66.90699768066406,66.41000366210938,66.90699768066406,0.0,7606.5498046875,7652.89990234375,7582.25,7597.0,216800.0,39.31999969482422,39.47999954223633,37.90999984741211,38.279998779296875,488032.0
2016-03-30,1241.4000244140625,1245.0,1223.4000244140625,1226.9000244140625,48248.0,66.36799621582031,66.48999786376953,66.0999984741211,66.36799621582031,0.0,7651.10009765625,7741.9501953125,7643.4501953125,7735.2001953125,232600.0,38.52000045776367,39.849998474121094,38.13999938964844,38.31999969482422,542469.0
2016-03-31,1225.5999755859375,1239.5999755859375,1224.5,1234.199951171875,3377.0,66.36799621582031,66.36799621582031,65.94000244140625,66.36799621582031,0.0,7727.64990234375,7777.60009765625,7702.0,7738.39990234375,380100.0,38.29999923706055,39.040000915527344,37.56999969482422,38.34000015258789,532152.0
2016-04-01,1232.300048828125,1235.199951171875,1209.199951171875,1222.199951171875,1602.0,66.24800109863281,66.48999786376953,66.12000274658203,66.24800109863281,0.0,7718.0498046875,7740.14990234375,7666.10009765625,7713.0498046875,183900.0,38.13999938964844,38.560001373291016,36.630001068115234,36.790000915527344,547190.0
2016-04-04,1221.699951171875,1222.300048828125,1215.0,1218.0,2038.0,66.35800170898438,66.37000274658203,66.01699829101562,66.35800170898438,0.0,7733.14990234375,7764.4501953125,7704.39990234375,7758.7998046875,155500.0,36.61000061035156,37.209999084472656,35.459999084472656,35.70000076293945,549477.0
2016-04-05,1215.4000244140625,1236.699951171875,1215.4000244140625,1228.4000244140625,477.0,66.13400268554688,66.5,65.61000061035156,66.13300323486328,0.0,7736.2998046875,7736.2998046875,7588.64990234375,7603.2001953125,203800.0,35.5,36.58000183105469,35.2400016784668,35.88999938964844,485543.0
2016-04-06,1230.4000244140625,1230.4000244140625,1217.5999755859375,1222.5,248.0,66.46800231933594,66.7300033569336,66.30999755859375,66.46800231933594,0.0,7636.0498046875,7638.64990234375,7591.75,7614.35009765625,165600.0,36.52000045776367,37.900001525878906,36.43000030517578,37.75,751048.0
2016-04-07,1224.800048828125,1242.9000244140625,1224.5999755859375,1236.199951171875,375.0,66.53299713134766,66.75,66.2699966430664,66.53299713134766,0.0,7630.39990234375,7630.75,7535.85009765625,7546.4501953125,234400.0,37.7599983215332,38.29999923706055,36.689998626708984,37.2599983215332,626749.0
2016-04-08,1241.0,1242.800048828125,1232.0,1242.5,409.0,66.77999877929688,66.77999877929688,66.37000274658203,66.77899932861328,0.0,7542.35009765625,7569.35009765625,7526.7001953125,7555.2001953125,143400.0,37.52000045776367,39.84000015258789,37.45000076293945,39.720001220703125,817230.0
2016-04-11,1241.5,1258.699951171875,1241.5,1256.699951171875,437.0,66.54399871826172,66.62000274658203,66.2699966430664,66.54399871826172,0.0,7577.7998046875,7678.7998046875,7516.85009765625,7671.39990234375,179800.0,39.720001220703125,40.75,39.25,40.36000061035156,679351.0
2016-04-12,1260.0,1261.699951171875,1253.699951171875,1259.4000244140625,185.0,66.29000091552734,66.54299926757812,66.26000213623047,66.29000091552734,0.0,7669.25,7717.39990234375,7663.35009765625,7708.9501953125,163400.0,40.349998474121094,42.25,40.09000015258789,42.16999816894531,796837.0
2016-04-13,1256.5,1256.9000244140625,1241.300048828125,1246.800048828125,203.0,66.31500244140625,66.64800262451172,66.2699966430664,66.31500244140625,0.0,7777.14990234375,7864.7998046875,7772.2001953125,7850.4501953125,220400.0,41.630001068115234,42.41999816894531,41.2400016784668,41.7599983215332,730437.0
2016-04-18,1238.699951171875,1241.0999755859375,1232.199951171875,1233.5999755859375,304.0,66.65299987792969,66.69000244140625,66.33999633789062,66.65299987792969,0.0,7908.14990234375,7920.60009765625,7842.75,7914.7001953125,184600.0,38.75,40.2400016784668,37.61000061035156,39.779998779296875,342463.0
2016-04-20,1256.0999755859375,1256.0999755859375,1243.0,1253.199951171875,180.0,66.22200012207031,66.33799743652344,65.91000366210938,66.22200012207031,0.0,7950.0498046875,7950.39990234375,7877.5498046875,7914.75,205300.0,40.79999923706055,42.90999984741211,39.849998474121094,42.630001068115234,796240.0
2016-04-21,1247.699951171875,1270.5999755859375,1247.5999755859375,1249.0,124.0,66.1989974975586,66.5,65.98999786376953,66.2040023803711,0.0,7953.64990234375,7978.4501953125,7884.10009765625,7912.0498046875,223700.0,43.970001220703125,44.4900016784668,43.04999923706055,43.18000030517578,671103.0
2016-04-22,1248.5,1248.5,1228.0,1228.699951171875,188.0,66.51200103759766,66.62999725341797,66.30999755859375,66.51200103759766,0.0,7891.7998046875,7923.35009765625,7873.35009765625,7899.2998046875,183300.0,43.41999816894531,44.45000076293945,43.11000061035156,43.72999954223633,575107.0
2016-04-25,1231.5999755859375,1240.9000244140625,1231.5999755859375,1238.9000244140625,442.0,66.65299987792969,66.74800109863281,66.56999969482422,66.65299987792969,0.0,7894.7998046875,7911.0,7827.0,7855.0498046875,146300.0,43.75,44.040000915527344,42.58000183105469,42.63999938964844,606383.0
2016-04-26,1239.800048828125,1244.199951171875,1233.0,1242.199951171875,97.0,66.70500183105469,66.8499984741211,66.37000274658203,66.70500183105469,0.0,7828.14990234375,7974.5,7822.5498046875,7962.64990234375,202400.0,42.959999084472656,44.83000183105469,42.5,44.040000915527344,564392.0
2016-04-27,1248.5999755859375,1249.5,1248.5999755859375,1249.199951171875,547.0,66.45500183105469,66.58300018310547,66.33999633789062,66.45700073242188,0.0,7942.0,7991.0,7940.5498046875,7979.89990234375,206800.0,44.63999938964844,45.619998931884766,43.77000045776367,45.33000183105469,648028.0
2016-04-28,1245.9000244140625,1270.0999755859375,1238.5,1265.5,887.0,66.35600280761719,66.55000305175781,65.87999725341797,66.3550033569336,0.0,7967.39990234375,7992.0,7834.4501953125,7847.25,292500.0,45.29999923706055,46.13999938964844,44.939998626708984,46.029998779296875,487412.0
2016-04-29,1267.300048828125,1295.5,1267.199951171875,1289.199951171875,464.0,66.43800354003906,66.55999755859375,66.2699966430664,66.43800354003906,0.0,7844.25,7889.0498046875,7788.7001953125,7849.7998046875,243700.0,45.900001525878906,46.779998779296875,45.2400016784668,45.91999816894531,598439.0
2016-05-02,1292.0999755859375,1304.4000244140625,1290.4000244140625,1294.699951171875,192.0,66.41799926757812,66.447998046875,66.01000213623047,66.41799926757812,0.0,7822.7001953125,7829.7998046875,7777.2998046875,7805.89990234375,146300.0,45.900001525878906,46.150001525878906,44.540000915527344,44.779998779296875,464027.0
2016-05-03,1292.699951171875,1301.5,1284.5,1290.699951171875,151.0,66.37100219726562,66.53700256347656,66.12999725341797,66.37100219726562,0.0,7824.7998046875,7890.25,7735.14990234375,7747.0,186500.0,44.91999816894531,45.349998474121094,43.31999969482422,43.650001525878906,625551.0
2016-05-04,1286.9000244140625,1290.0,1273.0,1273.300048828125,109.0,66.59300231933594,66.68000030517578,66.44000244140625,66.59200286865234,0.0,7724.14990234375,7749.0,7697.25,7706.5498046875,199700.0,43.849998474121094,44.880001068115234,43.220001220703125,43.779998779296875,711125.0
2016-05-05,1282.9000244140625,1286.0,1270.800048828125,1271.4000244140625,330.0,66.62000274658203,66.65499877929688,66.4000015258789,66.62000274658203,0.0,7731.0,7777.5498046875,7706.85009765625,7735.5,185100.0,44.040000915527344,46.06999969482422,43.959999084472656,44.31999969482422,746159.0
2016-05-06,1278.5999755859375,1295.5999755859375,1276.9000244140625,1292.9000244140625,305.0,66.5979995727539,66.70800018310547,66.26000213623047,66.60199737548828,0.0,7717.64990234375,7738.89990234375,7678.35009765625,7733.4501953125,163600.0,44.52000045776367,45.34000015258789,43.540000915527344,44.65999984741211,695306.0
2016-05-09,1286.5,1286.5,1262.300048828125,1265.5999755859375,341.0,66.59400177001953,66.72000122070312,66.37000274658203,66.59400177001953,0.0,7755.25,7873.64990234375,7753.5498046875,7866.0498046875,160600.0,45.0,45.939998626708984,43.2400016784668,43.439998626708984,767568.0
2016-05-10,1265.0999755859375,1267.4000244140625,1258.699951171875,1263.9000244140625,23.0,66.72200012207031,66.77300262451172,66.43000030517578,66.72100067138672,0.0,7873.5498046875,7896.89990234375,7837.7001953125,7887.7998046875,162000.0,43.25,44.790000915527344,43.029998779296875,44.65999984741211,709415.0
2016-05-11,1266.9000244140625,1279.199951171875,1266.9000244140625,1274.5999755859375,50.0,66.66600036621094,66.83999633789062,66.52999877929688,66.66600036621094,0.0,7804.64990234375,7893.10009765625,7780.89990234375,7848.85009765625,214100.0,44.599998474121094,46.36000061035156,43.959999084472656,46.22999954223633,869957.0
2016-05-12,1267.0,1281.199951171875,1264.0,1270.300048828125,101.0,66.59100341796875,66.73300170898438,66.44000244140625,66.59100341796875,0.0,7871.4501953125,7916.0498046875,7849.64990234375,7900.39990234375,152700.0,46.0,47.02000045776367,45.61000061035156,46.70000076293945,715102.0
2016-05-13,1271.4000244140625,1275.699951171875,1264.5999755859375,1271.9000244140625,66.0,66.7509994506836,66.98999786376953,66.66000366210938,66.7509994506836,0.0,7881.0,7881.0,7784.2001953125,7814.89990234375,179500.0,46.40999984741211,46.4900016784668,45.75,46.209999084472656,519363.0
2016-05-16,1272.800048828125,1287.800048828125,1272.800048828125,1273.4000244140625,44.0,66.84700012207031,66.9000015258789,66.69999694824219,66.9000015258789,0.0,7831.2001953125,7873.89990234375,7772.14990234375,7860.75,205200.0,46.279998779296875,47.97999954223633,46.150001525878906,47.720001220703125,550863.0
2016-05-17,1272.5,1281.5999755859375,1270.800048828125,1276.199951171875,16.0,66.88099670410156,66.9000015258789,66.4800033569336,66.875,0.0,7896.85009765625,7940.10009765625,7879.7001953125,7890.75,183400.0,47.900001525878906,48.7599983215332,47.529998779296875,48.310001373291016,470440.0
2016-05-18,1276.4000244140625,1276.4000244140625,1256.800048828125,1273.699951171875,17.0,66.83999633789062,67.03800201416016,66.75,66.86799621582031,0.0,7846.75,7882.0498046875,7810.75,7870.14990234375,156400.0,48.529998779296875,48.95000076293945,47.75,48.189998626708984,343184.0
2016-05-19,1248.0,1255.5,1247.5,1254.199951171875,69.0,67.16100311279297,67.61000061035156,67.06999969482422,67.16000366210938,0.0,7875.5,7876.2001953125,7766.7998046875,7783.39990234375,170400.0,47.869998931884766,48.279998779296875,46.72999954223633,48.15999984741211,108816.0
2016-05-20,1256.5999755859375,1256.5999755859375,1252.4000244140625,1252.4000244140625,44.0,67.47699737548828,67.55000305175781,67.25,67.47699737548828,0.0,7792.2001953125,7812.39990234375,7735.75,7749.7001953125,157000.0,48.20000076293945,48.790000915527344,47.439998626708984,47.75,538047.0
2016-05-23,1251.5999755859375,1251.5999755859375,1247.5,1251.0999755859375,56.0,67.4229965209961,67.58300018310547,67.2300033569336,67.4229965209961,0.0,7813.9501953125,7820.60009765625,7722.2001953125,7731.0498046875,172000.0,48.459999084472656,48.5,47.400001525878906,48.08000183105469,475453.0
2016-05-24,1240.0,1240.0,1228.199951171875,1228.9000244140625,20.0,67.4540023803711,67.77999877929688,67.4540023803711,67.447998046875,0.0,7738.0498046875,7761.5498046875,7715.7998046875,7748.85009765625,147000.0,48.08000183105469,49.27000045776367,47.63999938964844,48.619998931884766,475965.0
2016-05-25,1219.300048828125,1223.5,1218.5999755859375,1223.5,5.0,67.6510009765625,67.69999694824219,67.23999786376953,67.6510009765625,0.0,7811.7998046875,7941.2001953125,7809.2998046875,7934.89990234375,176200.0,49.09000015258789,49.75,48.650001525878906,49.560001373291016,550501.0
2016-05-26,1232.5999755859375,1232.5999755859375,1220.0999755859375,1220.0999755859375,199778.0,67.30400085449219,67.4000015258789,66.83000183105469,67.30400085449219,0.0,7974.4501953125,8083.0,7948.5,8069.64990234375,264300.0,49.70000076293945,50.209999084472656,49.220001220703125,49.47999954223633,488465.0
2016-05-27,1220.300048828125,1223.199951171875,1206.4000244140625,1213.800048828125,63739.0,66.9540023803711,67.12300109863281,66.83999633789062,66.9540023803711,0.0,8081.9501953125,8164.2001953125,8077.0498046875,8156.64990234375,260900.0,49.310001373291016,49.599998474121094,48.689998626708984,49.33000183105469,406386.0
2016-05-31,1212.5,1217.5999755859375,1199.0,1214.800048828125,6432.0,67.13300323486328,67.3030014038086,66.9000015258789,67.13300323486328,0.0,8209.849609375,8213.599609375,8134.2998046875,8160.10009765625,471000.0,49.540000915527344,50.099998474121094,48.810001373291016,49.099998474121094,476988.0
2016-06-01,1215.699951171875,1219.800048828125,1205.4000244140625,1211.9000244140625,2717.0,67.19300079345703,67.50499725341797,67.10800170898438,67.23100280761719,0.0,8179.2001953125,8215.349609375,8171.0498046875,8179.9501953125,194400.0,48.81999969482422,49.25,47.75,49.0099983215332,568839.0
2016-06-02,1212.4000244140625,1217.0,1209.5999755859375,1209.800048828125,1627.0,67.4260025024414,67.44200134277344,67.20800018310547,67.4260025024414,0.0,8156.89990234375,8229.5,8154.75,8218.9501953125,181700.0,48.900001525878906,49.470001220703125,47.970001220703125,49.16999816894531,564846.0
2016-06-03,1209.0999755859375,1244.5,1206.4000244140625,1240.0999755859375,1622.0,67.29199981689453,67.35800170898438,66.79000091552734,67.29199981689453,0.0,8246.2001953125,8262.0,8209.849609375,8220.7998046875,379000.0,49.040000915527344,49.40999984741211,48.33000183105469,48.619998931884766,481034.0
2016-06-06,1244.4000244140625,1247.300048828125,1240.0,1244.5999755859375,1135.0,66.99199676513672,67.04000091552734,66.7699966430664,66.99199676513672,0.0,8228.75,8234.7001953125,8186.0498046875,8201.0498046875,171600.0,48.880001068115234,49.900001525878906,48.709999084472656,49.689998626708984,450472.0
2016-06-07,1244.0,1244.9000244140625,1236.5,1244.4000244140625,281.0,66.8010025024414,66.91999816894531,66.55999755859375,66.8010025024414,0.0,8235.5498046875,8294.9501953125,8216.400390625,8266.4501953125,241900.0,49.709999084472656,50.529998779296875,49.439998626708984,50.36000061035156,542254.0
2016-06-08,1247.5999755859375,1264.0,1247.300048828125,1259.800048828125,406.0,66.76300048828125,66.8030014038086,66.37000274658203,66.76300048828125,0.0,8285.5,8288.900390625,8252.0498046875,8273.0498046875,174300.0,50.40999984741211,51.619998931884766,50.31999969482422,51.22999954223633,656416.0
2016-06-09,1262.5,1271.4000244140625,1258.0999755859375,1270.199951171875,381.0,66.51000213623047,66.77799987792969,66.51000213623047,66.51000213623047,0.0,8273.349609375,8273.349609375,8184.60009765625,8203.599609375,174900.0,51.45000076293945,51.66999816894531,50.22999954223633,50.560001373291016,560723.0
2016-06-10,1267.5999755859375,1278.0,1265.300048828125,1273.4000244140625,397.0,66.74099731445312,66.87300109863281,66.66000366210938,66.74099731445312,0.0,8180.25,8265.599609375,8162.85009765625,8170.0498046875,182200.0,50.470001220703125,50.72999954223633,48.79999923706055,49.06999969482422,596119.0
2016-06-13,1276.199951171875,1287.300048828125,1273.0,1284.4000244140625,328.0,66.94499969482422,67.177001953125,66.94499969482422,66.94499969482422,0.0,8102.25,8125.25,8063.89990234375,8110.60009765625,169700.0,48.849998474121094,49.279998779296875,48.15999984741211,48.880001068115234,506036.0
2016-06-14,1281.800048828125,1289.699951171875,1277.800048828125,1285.5999755859375,554.0,67.15299987792969,67.38800048828125,66.95999908447266,67.15399932861328,0.0,8134.39990234375,8134.9501953125,8069.5,8108.85009765625,145500.0,48.52000045776367,48.689998626708984,47.84000015258789,48.4900016784668,456144.0
2016-06-15,1284.5999755859375,1296.199951171875,1278.800048828125,1285.800048828125,162.0,67.2979965209961,67.3499984741211,66.97000122070312,67.2979965209961,0.0,8139.39990234375,8213.2001953125,8123.14990234375,8206.599609375,169800.0,47.900001525878906,48.720001220703125,47.279998779296875,48.0099983215332,527870.0
2016-06-16,1296.300048828125,1316.4000244140625,1281.0999755859375,1296.0999755859375,251.0,67.072998046875,67.44300079345703,67.0,67.072998046875,0.0,8180.64990234375,8180.64990234375,8074.4501953125,8140.75,189200.0,47.45000076293945,47.75,45.90999984741211,46.209999084472656,507910.0
2016-06-17,1280.300048828125,1300.0999755859375,1280.300048828125,1292.5,129.0,67.29499816894531,67.2979965209961,66.88999938964844,67.30699920654297,0.0,8176.64990234375,8195.25,8135.7998046875,8170.2001953125,166600.0,45.9900016784668,48.290000915527344,45.83000183105469,47.97999954223633,226653.0
2016-06-20,1288.9000244140625,1291.199951171875,1280.300048828125,1290.0,153.0,67.5999984741211,67.62000274658203,67.13999938964844,67.06600189208984,0.0,8115.75,8244.150390625,8107.35009765625,8238.5,168600.0,48.290000915527344,49.41999816894531,48.13999938964844,49.369998931884766,98293.0
2016-06-21,1293.9000244140625,1293.9000244140625,1266.300048828125,1270.5,134.0,67.54299926757812,67.74800109863281,67.36499786376953,67.12999725341797,0.0,8255.400390625,8257.25,8202.150390625,8219.900390625,137000.0,49.13999938964844,49.31999969482422,48.15999984741211,48.849998474121094,475407.0
2016-06-22,1267.0,1269.199951171875,1264.9000244140625,1268.0,53.0,67.60700225830078,67.69000244140625,67.33499908447266,67.60600280761719,0.0,8213.650390625,8238.349609375,8153.25,8203.7001953125,136100.0,50.220001220703125,50.540000915527344,48.400001525878906,49.130001068115234,569939.0
2016-06-23,1263.4000244140625,1270.5,1255.199951171875,1261.199951171875,218.0,67.40799713134766,67.4800033569336,67.05000305175781,67.4219970703125,0.0,8201.150390625,8285.599609375,8188.2998046875,8270.4501953125,154100.0,49.08000183105469,50.22999954223633,49.08000183105469,50.11000061035156,401885.0
2016-06-24,1253.699951171875,1355.5999755859375,1253.699951171875,1320.0,694.0,67.23999786376953,68.2030029296875,67.23999786376953,67.24199676513672,0.0,8029.10009765625,8100.7001953125,7927.0498046875,8088.60009765625,297600.0,50.29999923706055,50.45000076293945,46.70000076293945,47.63999938964844,649446.0
2016-06-27,1330.0,1331.699951171875,1320.0,1322.5,92.0,67.7300033569336,68.13999938964844,67.68000030517578,67.87699890136719,0.0,8039.35009765625,8120.64990234375,8039.35009765625,8094.7001953125,162500.0,47.810001373291016,47.959999084472656,45.83000183105469,46.33000183105469,504613.0
2016-06-28,1314.800048828125,1315.5999755859375,1314.0999755859375,1315.300048828125,1072.0,67.91999816894531,67.98999786376953,67.71800231933594,67.9209976196289,0.0,8096.0498046875,8146.35009765625,8086.85009765625,8127.85009765625,170400.0,46.59000015258789,48.18000030517578,46.540000915527344,47.849998474121094,498851.0
2016-06-29,1311.5999755859375,1327.4000244140625,1311.5999755859375,1323.9000244140625,414.0,67.7040023803711,67.83999633789062,67.37000274658203,67.70500183105469,0.0,8173.10009765625,8212.400390625,8157.64990234375,8204.0,147000.0,48.060001373291016,50.0,47.97999954223633,49.880001068115234,511476.0
2016-06-30,1315.800048828125,1323.5,1314.5,1318.4000244140625,560.0,67.41600036621094,67.70800018310547,67.33000183105469,67.41600036621094,0.0,8260.25,8308.150390625,8242.099609375,8287.75,279400.0,49.54999923706055,49.619998931884766,48.16999816894531,48.33000183105469,508736.0
2016-07-01,1324.5,1344.199951171875,1321.9000244140625,1336.699951171875,137.0,67.5009994506836,67.5009994506836,67.05999755859375,67.5009994506836,0.0,8313.0498046875,8356.75,8308.650390625,8328.349609375,165500.0,48.380001068115234,49.29999923706055,47.900001525878906,48.9900016784668,405187.0
2016-07-05,1342.199951171875,1356.800048828125,1339.699951171875,1356.4000244140625,90.0,67.23699951171875,67.52999877929688,67.1500015258789,67.23699951171875,0.0,8379.2998046875,8381.4501953125,8319.9501953125,8335.9501953125,139000.0,49.11000061035156,49.349998474121094,46.33000183105469,46.599998474121094,609194.0
2016-07-07,1366.800048828125,1368.5999755859375,1350.5,1360.0999755859375,207.0,67.4010009765625,67.49800109863281,67.27999877929688,67.4010009765625,0.0,8342.0,8361.9501953125,8317.7001953125,8337.900390625,155500.0,47.880001068115234,48.25,44.869998931884766,45.13999938964844,710893.0
2016-07-08,1361.300048828125,1365.800048828125,1335.0,1356.5999755859375,249.0,67.51000213623047,67.51000213623047,66.80000305175781,67.49700164794922,0.0,8350.0,8353.2998046875,8287.5498046875,8323.2001953125,137900.0,45.189998626708984,45.970001220703125,44.77000045776367,45.40999984741211,583078.0
2016-07-11,1371.699951171875,1371.800048828125,1353.0,1355.0,26.0,67.13200378417969,67.20800018310547,66.87999725341797,67.13200378417969,0.0,8413.349609375,8475.25,8407.0498046875,8467.900390625,149800.0,45.06999969482422,45.77000045776367,44.41999816894531,44.7599983215332,533657.0
2016-07-12,1353.5999755859375,1356.0,1330.300048828125,1334.0999755859375,252.0,67.1449966430664,67.197998046875,66.91999816894531,67.1449966430664,0.0,8502.599609375,8526.599609375,8479.2001953125,8521.0498046875,183600.0,44.58000183105469,46.93000030517578,44.5099983215332,46.79999923706055,658257.0
2016-07-13,1341.5,1342.4000244140625,1336.699951171875,1342.4000244140625,7.0,66.96800231933594,67.20999908447266,66.83000183105469,66.87000274658203,0.0,8540.4501953125,8550.25,8493.5498046875,8519.5,195500.0,46.58000183105469,46.709999084472656,44.560001373291016,44.75,686245.0
2016-07-14,1341.4000244140625,1341.4000244140625,1322.699951171875,1331.300048828125,20.0,67.00700378417969,67.03399658203125,66.63999938964844,67.00599670410156,0.0,8515.75,8571.400390625,8500.7001953125,8565.0,153900.0,45.13999938964844,45.79999923706055,44.95000076293945,45.68000030517578,573761.0
2016-07-15,1333.699951171875,1333.699951171875,1322.9000244140625,1326.5,52.0,66.83799743652344,67.13300323486328,66.83000183105469,66.83799743652344,0.0,8565.4501953125,8594.7998046875,8510.0498046875,8541.400390625,221700.0,45.52000045776367,46.33000183105469,45.04999923706055,45.95000076293945,430256.0
2016-07-18,1327.5,1335.0,1326.199951171875,1328.4000244140625,54.0,67.13300323486328,67.20999908447266,66.95999908447266,67.13300323486328,0.0,8564.0498046875,8587.099609375,8494.349609375,8508.7001953125,164300.0,46.119998931884766,46.13999938964844,44.86000061035156,45.2400016784668,211393.0
2016-07-19,1328.5,1333.199951171875,1326.4000244140625,1331.5,322.0,67.13500213623047,67.22000122070312,67.0199966430664,67.13899993896484,0.0,8514.2998046875,8540.0498046875,8476.7001953125,8528.5498046875,167900.0,45.22999954223633,45.66999816894531,44.529998779296875,44.650001525878906,128127.0
2016-07-20,1331.0,1337.5,1315.5,1318.800048828125,751.0,67.18900299072266,67.25,66.9800033569336,67.20600128173828,0.0,8515.4501953125,8569.900390625,8512.5498046875,8565.849609375,160300.0,44.59000015258789,45.25,43.689998626708984,44.939998626708984,541014.0
2016-07-21,1312.800048828125,1330.5,1312.800048828125,1330.5,318.0,67.16400146484375,67.26000213623047,67.12000274658203,67.16400146484375,0.0,8582.7001953125,8585.25,8503.4501953125,8510.099609375,150000.0,45.650001525878906,46.09000015258789,44.52000045776367,44.75,432972.0
2016-07-22,1330.699951171875,1330.699951171875,1320.4000244140625,1323.0999755859375,55.0,67.15399932861328,67.19999694824219,67.0,67.15399932861328,0.0,8519.650390625,8548.9501953125,8489.7998046875,8541.2001953125,143200.0,44.599998474121094,44.970001220703125,43.7400016784668,44.189998626708984,428407.0
2016-07-25,1315.699951171875,1319.300048828125,1313.800048828125,1319.300048828125,548.0,67.14600372314453,67.47000122070312,67.01000213623047,67.14600372314453,0.0,8519.9501953125,8641.150390625,8517.2001953125,8635.650390625,150000.0,44.20000076293945,44.369998931884766,42.970001220703125,43.130001068115234,389837.0
2016-07-26,1315.199951171875,1320.699951171875,1315.199951171875,1320.699951171875,63.0,67.40699768066406,67.41600036621094,67.16999816894531,67.40499877929688,0.0,8633.75,8644.900390625,8577.150390625,8590.650390625,154800.0,43.06999969482422,43.38999938964844,42.36000061035156,42.91999816894531,461324.0
2016-07-27,1326.0,1326.5999755859375,1326.0,1326.5999755859375,215388.0,67.28399658203125,67.35700225830078,67.0999984741211,67.28399658203125,0.0,8599.400390625,8665.0,8572.0498046875,8615.7998046875,184100.0,42.65999984741211,43.20000076293945,41.68000030517578,41.91999816894531,537390.0
2016-07-28,1339.5,1344.300048828125,1330.0999755859375,1332.300048828125,56908.0,67.06400299072266,67.0999984741211,66.83000183105469,67.06300354003906,0.0,8636.9501953125,8674.7001953125,8625.25,8666.2998046875,233500.0,41.93000030517578,42.220001220703125,41.040000915527344,41.13999938964844,447913.0
2016-07-29,1333.199951171875,1353.300048828125,1325.800048828125,1349.0,6076.0,67.00700378417969,67.11000061035156,66.5999984741211,67.00700378417969,0.0,8668.2998046875,8670.349609375,8631.150390625,8638.5,157000.0,41.119998931884766,41.66999816894531,40.56999969482422,41.599998474121094,478763.0
2016-08-01,1348.800048828125,1353.5,1345.5999755859375,1351.4000244140625,1257.0,66.64800262451172,66.77300262451172,66.62000274658203,66.64800262451172,0.0,8654.2998046875,8711.2998046875,8590.5,8636.5498046875,188400.0,41.349998474121094,41.880001068115234,39.81999969482422,40.060001373291016,533020.0
2016-08-02,1352.0999755859375,1366.0,1346.5999755859375,1364.4000244140625,2941.0,66.7509994506836,66.80000305175781,66.52999877929688,66.7509994506836,0.0,8647.4501953125,8687.2001953125,8611.400390625,8622.900390625,169400.0,40.08000183105469,40.90999984741211,39.2599983215332,39.5099983215332,534512.0
2016-08-03,1362.4000244140625,1364.699951171875,1353.300048828125,1356.0999755859375,715.0,66.6760025024414,67.00299835205078,66.67500305175781,66.6760025024414,0.0,8635.2001953125,8635.4501953125,8529.599609375,8544.849609375,163000.0,39.70000076293945,41.20000076293945,39.189998626708984,40.83000183105469,655186.0
2016-08-04,1354.4000244140625,1361.5999755859375,1347.0,1358.800048828125,381.0,66.76000213623047,66.9800033569336,66.72000122070312,66.76000213623047,0.0,8599.9501953125,8601.400390625,8518.150390625,8551.099609375,164700.0,41.15999984741211,42.08000183105469,40.43000030517578,41.93000030517578,598836.0
2016-08-05,1357.5999755859375,1360.800048828125,1333.699951171875,1336.4000244140625,1107.0,66.83200073242188,66.88400268554688,66.58000183105469,66.84100341796875,0.0,8600.2001953125,8689.400390625,8590.150390625,8683.150390625,157900.0,41.84000015258789,42.099998474121094,41.060001373291016,41.79999923706055,550189.0
2016-08-08,1330.0,1335.4000244140625,1327.800048828125,1333.4000244140625,587.0,66.83499908447266,66.8499984741211,66.69000244140625,66.83499908447266,0.0,8712.849609375,8723.5,8697.599609375,8711.349609375,172600.0,41.9900016784668,43.38999938964844,41.810001373291016,43.02000045776367,562530.0
2016-08-09,1331.800048828125,1339.4000244140625,1328.5,1339.0,620.0,66.79900360107422,66.96800231933594,66.72000122070312,66.79399871826172,0.0,8727.7998046875,8728.349609375,8638.2001953125,8678.25,200100.0,42.83000183105469,43.52000045776367,42.470001220703125,42.77000045776367,624703.0
2016-08-10,1344.800048828125,1354.199951171875,1344.300048828125,1344.300048828125,110.0,66.78299713134766,66.79900360107422,66.6050033569336,66.78299713134766,0.0,8686.7001953125,8690.099609375,8564.599609375,8575.2998046875,173600.0,42.7400016784668,43.38999938964844,41.41999816894531,41.709999084472656,676148.0
2016-08-11,1341.5999755859375,1350.4000244140625,1334.800048828125,1342.5,666.0,66.75199890136719,66.91999816894531,66.69999694824219,66.75800323486328,0.0,8572.7998046875,8601.150390625,8540.0498046875,8592.150390625,189200.0,41.47999954223633,43.86000061035156,41.099998474121094,43.4900016784668,682235.0
2016-08-16,1342.199951171875,1355.0,1341.0,1350.5,338.0,66.89450073242188,66.91799926757812,66.68000030517578,66.86489868164062,0.0,8670.25,8682.349609375,8600.4501953125,8642.5498046875,224800.0,45.59000015258789,46.72999954223633,45.34000015258789,46.58000183105469,550440.0
2016-08-17,1345.5,1347.300048828125,1338.5999755859375,1342.699951171875,135.0,66.85430145263672,66.98999786376953,66.8499984741211,66.85769653320312,0.0,8639.7998046875,8667.099609375,8603.599609375,8624.0498046875,174100.0,46.369998931884766,46.95000076293945,45.84000015258789,46.790000915527344,563354.0
2016-08-18,1351.300048828125,1354.4000244140625,1348.199951171875,1351.199951171875,140.0,66.89360046386719,66.90560150146484,66.74800109863281,66.90550231933594,0.0,8648.849609375,8690.7001953125,8645.0498046875,8673.25,164300.0,46.900001525878906,48.380001068115234,46.630001068115234,48.220001220703125,229277.0
2016-08-19,1350.0999755859375,1350.0999755859375,1338.5999755859375,1340.4000244140625,197.0,66.81749725341797,67.19290161132812,66.81749725341797,66.81999969482422,0.0,8694.2998046875,8696.599609375,8647.099609375,8666.900390625,191900.0,48.33000183105469,48.75,47.93000030517578,48.52000045776367,162438.0
2016-08-22,1334.4000244140625,1337.699951171875,1333.300048828125,1337.699951171875,117.0,67.12860107421875,67.23999786376953,67.05999755859375,67.12750244140625,0.0,8667.0,8684.849609375,8614.0,8629.150390625,152300.0,48.400001525878906,48.400001525878906,46.75,47.04999923706055,515256.0
2016-08-23,1337.0,1341.199951171875,1334.300048828125,1340.5999755859375,551.0,67.197998046875,67.197998046875,67.01000213623047,67.1874008178711,0.0,8628.349609375,8642.150390625,8580.0,8632.599609375,187500.0,47.38999938964844,48.31999969482422,46.59000015258789,48.099998474121094,623904.0
2016-08-24,1337.199951171875,1337.199951171875,1322.9000244140625,1324.4000244140625,262.0,67.14099884033203,67.16130065917969,67.04460144042969,67.12999725341797,0.0,8648.5,8661.0498046875,8620.900390625,8650.2998046875,149600.0,47.59000015258789,47.7400016784668,46.45000076293945,46.77000045776367,603495.0
2016-08-25,1321.4000244140625,1324.0,1317.0,1320.0999755859375,58.0,67.0999984741211,67.13300323486328,67.0,67.16000366210938,0.0,8668.849609375,8683.0498046875,8583.650390625,8592.2001953125,213100.0,46.79999923706055,47.459999084472656,46.41999816894531,47.33000183105469,458816.0
2016-08-26,1323.800048828125,1340.5,1320.0999755859375,1321.5,141.0,67.00250244140625,67.06500244140625,66.80000305175781,67.00559997558594,0.0,8614.349609375,8622.9501953125,8547.5498046875,8572.5498046875,147500.0,47.369998931884766,48.459999084472656,46.939998626708984,47.63999938964844,558344.0
2016-08-29,1315.0,1323.0,1315.0,1322.9000244140625,437.0,67.12650299072266,67.19300079345703,67.08000183105469,67.12899780273438,0.0,8583.75,8622.0,8543.75,8607.4501953125,129700.0,47.220001220703125,47.279998779296875,46.619998931884766,46.97999954223633,309254.0
2016-08-30,1322.0,1322.0999755859375,1308.0,1311.699951171875,705.0,67.08319854736328,67.1500015258789,66.9905014038086,67.08999633789062,0.0,8646.75,8750.599609375,8642.25,8744.349609375,150200.0,46.97999954223633,47.4900016784668,46.209999084472656,46.349998474121094,464449.0
2016-08-31,1310.300048828125,1313.699951171875,1306.300048828125,1306.9000244140625,214.0,67.13410186767578,67.1500015258789,66.87999725341797,67.12660217285156,0.0,8754.0498046875,8819.2001953125,8754.0498046875,8786.2001953125,362200.0,46.2400016784668,46.40999984741211,44.5099983215332,44.70000076293945,549007.0
2016-09-01,1305.300048828125,1313.0999755859375,1301.5,1312.199951171875,225.0,66.96399688720703,67.08699798583984,66.83000183105469,66.97470092773438,0.0,8793.599609375,8813.25,8759.9501953125,8774.650390625,238900.0,44.849998474121094,45.08000183105469,43.0,43.15999984741211,605003.0
2016-09-02,1309.5999755859375,1326.699951171875,1309.199951171875,1322.0999755859375,55.0,66.7969970703125,66.85299682617188,66.5199966430664,66.79299926757812,0.0,8796.349609375,8824.099609375,8768.2001953125,8809.650390625,191500.0,43.54999923706055,44.66999816894531,43.15999984741211,44.439998626708984,576915.0
2016-09-06,1323.300048828125,1349.4000244140625,1323.199951171875,1349.4000244140625,46.0,66.42500305175781,66.55799865722656,66.24430084228516,66.45999908447266,0.0,8852.7001953125,8950.849609375,8848.4501953125,8943.0,195600.0,44.150001525878906,46.529998779296875,43.84000015258789,44.83000183105469,932145.0
2016-09-07,1348.4000244140625,1350.5,1343.9000244140625,1344.300048828125,14.0,66.23680114746094,66.43550109863281,66.23680114746094,66.25520324707031,0.0,8968.7001953125,8968.7001953125,8913.349609375,8917.9501953125,290100.0,44.849998474121094,46.16999816894531,44.54999923706055,45.5,572884.0
2016-09-08,1344.800048828125,1345.4000244140625,1335.699951171875,1336.800048828125,30.0,66.46929931640625,66.52999877929688,66.35900115966797,66.47160339355469,0.0,8915.5,8960.349609375,8896.0,8952.5,217200.0,46.119998931884766,47.75,45.77000045776367,47.619998931884766,761943.0
2016-09-09,1338.5,1338.5,1328.0,1330.0999755859375,35.0,66.06999969482422,66.88500213623047,66.06999969482422,66.44999694824219,0.0,8934.2998046875,8939.150390625,8858.7001953125,8866.7001953125,175900.0,47.36000061035156,47.36000061035156,45.560001373291016,45.880001068115234,688191.0
2016-09-12,1327.0,1329.300048828125,1319.9000244140625,1321.0,177.0,66.89700317382812,67.0,66.7688980102539,66.77799987792969,0.0,8732.9501953125,8746.9501953125,8699.400390625,8715.599609375,184500.0,45.56999969482422,46.5099983215332,44.720001220703125,46.290000915527344,745016.0
2016-09-14,1319.199951171875,1322.300048828125,1319.199951171875,1321.5,73.0,67.07050323486328,67.12120056152344,66.7699966430664,66.99500274658203,0.0,8710.650390625,8739.849609375,8688.900390625,8726.599609375,184300.0,45.0,45.33000183105469,43.41999816894531,43.58000183105469,705861.0
2016-09-15,1320.699951171875,1320.699951171875,1310.800048828125,1313.5,37.0,66.77200317382812,67.08999633789062,66.76360321044922,66.75810241699219,0.0,8743.849609375,8751.9501953125,8704.349609375,8742.5498046875,145400.0,43.70000076293945,44.34000015258789,43.2599983215332,43.90999984741211,537185.0
2016-09-16,1312.199951171875,1312.5999755859375,1305.800048828125,1305.800048828125,4.0,66.8499984741211,67.11000061035156,66.68000030517578,66.85030364990234,0.0,8780.849609375,8847.650390625,8750.5,8779.849609375,265800.0,43.709999084472656,43.75,42.7400016784668,43.029998779296875,231191.0
2016-09-19,1313.5,1313.5,1313.5,1313.5,20.0,67.06549835205078,67.06559753417969,66.8499984741211,67.06529998779297,0.0,8788.4501953125,8824.2998046875,8774.2001953125,8808.400390625,131700.0,43.18000030517578,44.150001525878906,43.119998931884766,43.29999923706055,129857.0
2016-09-20,1313.699951171875,1313.699951171875,1313.699951171875,1313.699951171875,97.0,66.96199798583984,67.06999969482422,66.91000366210938,66.9552001953125,0.0,8816.099609375,8816.4501953125,8759.2998046875,8775.900390625,136500.0,43.130001068115234,44.04999923706055,42.54999923706055,43.439998626708984,694130.0
2016-09-21,1326.300048828125,1326.9000244140625,1324.0,1326.9000244140625,76.0,66.9800033569336,67.1500015258789,66.91999816894531,66.9749984741211,0.0,8790.2998046875,8826.849609375,8757.2998046875,8777.150390625,148800.0,44.5,45.650001525878906,44.5,45.34000015258789,585987.0
2016-09-22,1338.5999755859375,1340.4000244140625,1338.199951171875,1340.4000244140625,23.0,66.76380157470703,66.89199829101562,66.5199966430664,66.76119995117188,0.0,8873.349609375,8893.349609375,8837.7998046875,8867.4501953125,172800.0,45.619998931884766,46.52000045776367,45.52000045776367,46.31999969482422,521680.0
2016-09-23,1337.199951171875,1337.199951171875,1337.199951171875,1337.199951171875,40.0,66.62999725341797,66.72000122070312,66.55000305175781,66.62259674072266,0.0,8880.75,8885.2001953125,8820.2998046875,8831.5498046875,185900.0,46.06999969482422,46.54999923706055,44.220001220703125,44.47999954223633,718395.0
2016-09-26,1335.199951171875,1341.800048828125,1335.199951171875,1339.699951171875,24.0,66.69750213623047,66.79499816894531,66.55000305175781,66.69650268554688,0.0,8807.900390625,8809.5498046875,8715.099609375,8723.0498046875,164000.0,44.619998931884766,46.20000076293945,44.43000030517578,45.93000030517578,527119.0
2016-09-27,1328.0,1328.699951171875,1325.9000244140625,1325.9000244140625,48.0,66.6073989868164,66.68699645996094,66.41000366210938,66.60649871826172,0.0,8748.900390625,8768.5,8690.5,8706.400390625,151400.0,45.619998931884766,45.959999084472656,44.189998626708984,44.66999816894531,630757.0
2016-09-28,1319.4000244140625,1319.4000244140625,1319.4000244140625,1319.4000244140625,10551.0,66.44629669189453,66.53710174560547,66.41000366210938,66.44129943847656,0.0,8711.2001953125,8767.0498046875,8703.150390625,8745.150390625,165500.0,44.959999084472656,47.45000076293945,44.349998474121094,47.04999923706055,1008434.0
2016-09-29,1321.199951171875,1325.0,1314.699951171875,1321.699951171875,6108.0,66.3324966430664,66.94300079345703,66.3324966430664,66.33280181884766,0.0,8792.7001953125,8800.650390625,8558.25,8591.25,372900.0,47.20000076293945,48.31999969482422,46.599998474121094,47.83000183105469,702649.0
2016-09-30,1320.5999755859375,1327.699951171875,1312.9000244140625,1313.300048828125,868.0,66.81330108642578,66.86599731445312,66.44000244140625,66.81629943847656,0.0,8581.5,8637.150390625,8555.2001953125,8611.150390625,181700.0,47.7599983215332,48.29999923706055,47.040000915527344,48.2400016784668,496515.0
2016-10-03,1313.5,1316.800048828125,1308.199951171875,1309.0,299.0,66.54550170898438,66.58499908447266,66.41999816894531,66.54650115966797,0.0,8666.150390625,8745.2001953125,8635.0,8738.099609375,137300.0,48.040000915527344,49.02000045776367,47.779998779296875,48.810001373291016,458021.0
2016-10-04,1307.5999755859375,1310.199951171875,1266.300048828125,1266.300048828125,1893.0,66.4834976196289,66.5999984741211,66.3499984741211,66.38030242919922,0.0,8770.0,8783.650390625,8736.099609375,8769.150390625,184300.0,48.650001525878906,49.2599983215332,48.2599983215332,48.689998626708984,513710.0
2016-10-05,1272.0999755859375,1274.0,1261.300048828125,1265.199951171875,246.0,66.57820129394531,66.6500015258789,66.49800109863281,66.5780029296875,0.0,8806.349609375,8806.9501953125,8731.400390625,8743.9501953125,157200.0,49.2599983215332,49.970001220703125,49.099998474121094,49.83000183105469,520070.0
2016-10-06,1265.300048828125,1265.300048828125,1249.800048828125,1249.800048828125,114.0,66.56999969482422,66.78800201416016,66.51000213623047,66.56320190429688,0.0,8768.7001953125,8781.150390625,8684.650390625,8709.5498046875,163600.0,49.650001525878906,50.630001068115234,49.33000183105469,50.439998626708984,547915.0
2016-10-07,1253.9000244140625,1263.5999755859375,1248.9000244140625,1248.9000244140625,169.0,66.69000244140625,66.87000274658203,66.53350067138672,66.68710327148438,0.0,8721.7001953125,8723.7001953125,8663.7998046875,8697.599609375,150400.0,50.59000015258789,50.7400016784668,49.400001525878906,49.810001373291016,618809.0
2016-10-13,1258.699951171875,1259.0,1255.0,1255.0,315.0,66.81950378417969,66.9800033569336,66.72000122070312,66.81809997558594,0.0,8671.5,8681.5498046875,8541.349609375,8573.349609375,212300.0,50.0,50.59000015258789,49.36000061035156,50.439998626708984,740676.0
2016-10-14,1253.9000244140625,1253.9000244140625,1250.5999755859375,1253.0999755859375,311.0,66.78500366210938,66.9000015258789,66.64469909667969,66.78399658203125,0.0,8594.0,8604.4501953125,8549.7998046875,8583.400390625,162800.0,50.58000183105469,51.13999938964844,49.900001525878906,50.349998474121094,519431.0
2016-10-17,1249.9000244140625,1255.0,1249.9000244140625,1254.4000244140625,41.0,66.70999908447266,66.88749694824219,66.66000366210938,66.7052993774414,0.0,8612.9501953125,8615.400390625,8506.150390625,8520.400390625,197400.0,50.22999954223633,50.58000183105469,49.470001220703125,49.939998626708984,418723.0
2016-10-18,1260.9000244140625,1261.699951171875,1260.800048828125,1260.800048828125,11.0,66.79000091552734,66.83100128173828,66.5999984741211,66.78359985351562,0.0,8556.0498046875,8685.099609375,8555.900390625,8677.900390625,216600.0,50.040000915527344,50.779998779296875,49.7599983215332,50.290000915527344,192803.0
2016-10-19,1262.9000244140625,1271.5,1262.9000244140625,1267.9000244140625,219.0,66.73370361328125,66.76000213623047,66.61000061035156,66.73799896240234,0.0,8697.5,8698.75,8636.7001953125,8659.099609375,172100.0,50.77000045776367,51.93000030517578,50.689998626708984,51.599998474121094,132427.0
2016-10-20,1270.0,1270.5,1265.5,1265.5999755859375,415.0,66.64199829101562,66.86000061035156,66.63500213623047,66.63639831542969,0.0,8693.349609375,8727.0,8678.2998046875,8699.400390625,161000.0,51.400001525878906,51.58000183105469,50.25,50.43000030517578,548947.0
2016-10-21,1265.9000244140625,1265.9000244140625,1265.9000244140625,1265.9000244140625,224.0,66.8499984741211,66.99250030517578,66.81999969482422,66.84130096435547,0.0,8708.599609375,8709.099609375,8652.0498046875,8693.0498046875,157300.0,50.65999984741211,51.02000045776367,50.209999084472656,50.849998474121094,551300.0
2016-10-24,1269.199951171875,1269.199951171875,1261.800048828125,1262.0,42.0,66.91799926757812,66.91799926757812,66.78800201416016,66.91120147705078,0.0,8709.849609375,8736.9501953125,8684.150390625,8708.9501953125,157100.0,50.849998474121094,50.97999954223633,49.619998931884766,50.52000045776367,623398.0
2016-10-25,1264.0999755859375,1274.0999755859375,1264.0999755859375,1271.9000244140625,61.0,66.83799743652344,66.9280014038086,66.75,66.83399963378906,0.0,8721.7001953125,8722.650390625,8663.4501953125,8691.2998046875,189800.0,50.4900016784668,50.93000030517578,49.27000045776367,49.959999084472656,553778.0
2016-10-26,1274.0,1274.0,1264.800048828125,1264.800048828125,279.0,66.78630065917969,66.86000061035156,66.74800109863281,66.78130340576172,0.0,8657.2998046875,8657.2998046875,8596.599609375,8615.25,219300.0,49.310001373291016,50.099998474121094,48.869998931884766,49.18000030517578,679320.0
2016-10-27,1269.4000244140625,1269.4000244140625,1267.9000244140625,1267.9000244140625,338.0,66.85399627685547,66.94499969482422,66.78600311279297,66.86399841308594,0.0,8607.099609375,8624.849609375,8550.25,8615.25,242800.0,49.220001220703125,50.060001373291016,49.0,49.720001220703125,543173.0
2016-10-28,1270.300048828125,1281.5,1262.0,1275.5,560.0,66.89600372314453,66.92430114746094,66.75,66.90299987792969,0.0,8625.0,8653.75,8581.75,8638.0,175500.0,49.61000061035156,49.810001373291016,48.41999816894531,48.70000076293945,550081.0
2016-11-01,1279.300048828125,1290.699951171875,1279.0,1286.4000244140625,49.0,66.66500091552734,66.7699966430664,66.66500091552734,66.66549682617188,0.0,8653.150390625,8669.599609375,8614.5,8626.25,165000.0,46.77000045776367,47.349998474121094,46.20000076293945,46.66999816894531,834989.0
2016-11-02,1288.300048828125,1307.0,1288.300048828125,1306.800048828125,30.0,66.68499755859375,66.85800170898438,66.62830352783203,66.67849731445312,0.0,8542.7998046875,8549.5,8504.849609375,8514.0,155300.0,46.31999969482422,46.470001220703125,44.959999084472656,45.34000015258789,674322.0
2016-11-03,1296.4000244140625,1303.0999755859375,1287.300048828125,1302.0999755859375,73.0,66.78500366210938,66.78600311279297,66.63999938964844,66.77749633789062,0.0,8499.849609375,8537.650390625,8476.150390625,8484.9501953125,170500.0,45.47999954223633,45.900001525878906,44.369998931884766,44.65999984741211,540439.0
2016-11-04,1300.0,1303.300048828125,1296.699951171875,1303.300048828125,11.0,66.68499755859375,66.79000091552734,66.6500015258789,66.68450164794922,0.0,8503.599609375,8504.0,8400.25,8433.75,224800.0,44.630001068115234,44.869998931884766,43.56999969482422,44.06999969482422,736685.0
2016-11-07,1292.0,1294.5,1278.300048828125,1278.300048828125,34.0,66.7853012084961,66.79000091552734,66.69000244140625,66.7853012084961,0.0,8535.75,8535.849609375,8481.4501953125,8497.0498046875,172800.0,44.45000076293945,45.0099983215332,44.11000061035156,44.88999938964844,605733.0
2016-11-08,1284.0999755859375,1289.4000244140625,1273.199951171875,1273.4000244140625,50.0,66.73500061035156,66.73799896240234,66.37999725341797,66.73500061035156,0.0,8540.0,8559.400390625,8480.099609375,8543.5498046875,195700.0,44.970001220703125,45.38999938964844,44.40999984741211,44.97999954223633,669639.0
2016-11-09,1272.199951171875,1318.5999755859375,1270.0,1272.5999755859375,108.0,66.20500183105469,66.95999908447266,66.20500183105469,66.22949981689453,0.0,8067.5,8476.2001953125,8002.25,8432.0,314300.0,44.81999969482422,45.95000076293945,43.06999969482422,45.27000045776367,946512.0
2016-11-10,1274.4000244140625,1287.5,1253.300048828125,1265.5,63.0,66.54499816894531,67.16999816894531,66.33000183105469,66.50749969482422,0.0,8555.599609375,8598.4501953125,8510.7001953125,8525.75,263100.0,45.310001373291016,45.63999938964844,44.25,44.65999984741211,686338.0
2016-11-15,1224.300048828125,1226.0,1222.5,1224.0,20.0,67.8499984741211,67.87999725341797,67.5479965209961,67.77549743652344,0.0,8284.849609375,8288.5498046875,8093.2001953125,8108.4501953125,359200.0,43.7599983215332,46.09000015258789,43.54999923706055,45.810001373291016,706177.0
2016-11-16,1229.300048828125,1229.300048828125,1223.0,1223.4000244140625,66.0,67.72799682617188,68.11000061035156,67.60800170898438,67.74800109863281,0.0,8205.650390625,8210.0498046875,8089.39990234375,8111.60009765625,269500.0,45.77000045776367,46.40999984741211,45.029998779296875,45.56999969482422,658169.0
2016-11-17,1224.5999755859375,1225.0,1211.0,1216.5,1139.0,67.9749984741211,67.98999786376953,67.76000213623047,67.98149871826172,0.0,8105.10009765625,8151.25,8060.2998046875,8079.9501953125,191300.0,45.369998931884766,46.58000183105469,44.880001068115234,45.41999816894531,284874.0
2016-11-18,1211.9000244140625,1211.9000244140625,1207.199951171875,1208.5,607.0,67.9749984741211,68.25,67.9384994506836,67.97480010986328,0.0,8097.5498046875,8128.9501953125,8048.2998046875,8074.10009765625,161200.0,44.93000030517578,45.77000045776367,44.54999923706055,45.689998626708984,155651.0
2016-11-21,1209.5999755859375,1209.5999755859375,1209.5999755859375,1209.5999755859375,19.0,68.16850280761719,68.26000213623047,68.01300048828125,68.16999816894531,0.0,8102.10009765625,8102.4501953125,7916.39990234375,7929.10009765625,218800.0,45.83000183105469,47.79999923706055,45.77000045776367,47.4900016784668,665326.0
2016-11-22,1210.4000244140625,1211.0999755859375,1207.5999755859375,1211.0,19.0,68.21549987792969,68.4800033569336,67.94999694824219,68.21549987792969,0.0,7989.14990234375,8019.0498046875,7938.14990234375,8002.2998046875,210200.0,48.369998931884766,49.20000076293945,47.16999816894531,48.029998779296875,826208.0
2016-11-23,1212.800048828125,1213.800048828125,1186.800048828125,1189.0999755859375,309.0,68.38500213623047,68.8949966430664,68.33000183105469,68.385498046875,0.0,8051.2001953125,8055.2001953125,7973.10009765625,8033.2998046875,181000.0,47.939998626708984,48.43000030517578,47.400001525878906,47.959999084472656,556861.0
2016-11-25,1177.0,1189.300048828125,1177.0,1178.199951171875,14.0,68.74500274658203,68.74800109863281,68.33999633789062,68.74549865722656,0.0,8007.9501953125,8122.25,7976.75,8114.2998046875,177900.0,47.970001220703125,48.2599983215332,45.880001068115234,46.060001373291016,465977.0
2016-11-28,1188.0,1190.5999755859375,1188.0,1190.5999755859375,189914.0,68.50849914550781,68.80000305175781,68.06500244140625,68.50849914550781,0.0,8080.64990234375,8146.5,8066.5,8126.89990234375,189700.0,45.43000030517578,47.650001525878906,45.13999938964844,47.08000183105469,734381.0
2016-11-29,1193.199951171875,1194.800048828125,1179.4000244140625,1187.9000244140625,42124.0,68.55549621582031,68.760498046875,68.52999877929688,68.55549621582031,0.0,8131.5498046875,8197.349609375,8128.7001953125,8142.14990234375,189700.0,46.880001068115234,46.97999954223633,44.81999969482422,45.22999954223633,732818.0
2016-11-30,1187.0999755859375,1193.300048828125,1167.9000244140625,1170.800048828125,7158.0,68.6050033569336,68.67549896240234,68.35800170898438,68.60800170898438,0.0,8172.14990234375,8234.25,8139.25,8224.5,248000.0,45.2400016784668,49.900001525878906,45.220001220703125,49.439998626708984,1311000.0
2016-12-01,1172.699951171875,1174.5999755859375,1160.0,1166.9000244140625,1588.0,68.58499908447266,68.58799743652344,68.26499938964844,68.58799743652344,0.0,8244.0,8250.7998046875,8185.0498046875,8192.900390625,157700.0,49.06999969482422,51.79999923706055,48.97999954223633,51.060001373291016,974805.0
2016-12-02,1172.300048828125,1177.300048828125,1166.4000244140625,1175.0999755859375,1521.0,68.21800231933594,68.37000274658203,68.01000213623047,68.21649932861328,0.0,8153.5498046875,8159.2998046875,8070.0498046875,8086.7998046875,171500.0,51.0099983215332,51.72999954223633,50.18000030517578,51.68000030517578,667099.0
2016-12-05,1181.800048828125,1186.699951171875,1157.0,1174.0,358.0,68.0114974975586,68.25800323486328,68.0114974975586,68.0114974975586,0.0,8088.75,8141.89990234375,8056.85009765625,8128.75,126500.0,51.459999084472656,52.41999816894531,50.93000030517578,51.790000915527344,600782.0
2016-12-06,1170.9000244140625,1174.5,1167.0999755859375,1167.5999755859375,652.0,68.0,68.10800170898438,67.66549682617188,68.01249694824219,0.0,8153.14990234375,8178.7001953125,8130.85009765625,8143.14990234375,115300.0,50.970001220703125,51.599998474121094,50.279998779296875,50.93000030517578,642746.0
2016-12-07,1167.699951171875,1178.5,1166.4000244140625,1175.0,182.0,67.73300170898438,67.97000122070312,67.5354995727539,67.72200012207031,0.0,8168.39990234375,8190.4501953125,8077.5,8102.0498046875,169800.0,50.93000030517578,51.20000076293945,49.720001220703125,49.77000045776367,816879.0
2016-12-08,1173.800048828125,1177.800048828125,1169.0999755859375,1169.800048828125,322.0,67.37999725341797,67.55999755859375,67.30799865722656,67.43150329589844,0.0,8152.10009765625,8256.25,8151.75,8246.849609375,142500.0,49.880001068115234,50.97999954223633,49.61000061035156,50.84000015258789,780062.0
2016-12-09,1166.5999755859375,1168.800048828125,1156.0,1159.4000244140625,365.0,67.40399932861328,67.62300109863281,67.37999725341797,67.40599822998047,0.0,8271.7001953125,8274.9501953125,8241.9501953125,8261.75,149700.0,50.91999816894531,51.65999984741211,50.86000061035156,51.5,652040.0
2016-12-12,1158.300048828125,1163.9000244140625,1153.0,1163.5,331.0,67.46179962158203,67.63999938964844,67.37999725341797,67.46050262451172,0.0,8230.650390625,8230.650390625,8154.4501953125,8170.7998046875,108100.0,52.58000183105469,54.5099983215332,52.18000030517578,52.83000183105469,847025.0
2016-12-13,1163.5,1164.0,1155.4000244140625,1156.699951171875,637.0,67.41500091552734,67.59729766845703,67.37989807128906,67.41799926757812,0.0,8196.150390625,8228.849609375,8155.7998046875,8221.7998046875,184000.0,52.5099983215332,53.40999984741211,52.349998474121094,52.97999954223633,638396.0
2016-12-14,1159.800048828125,1164.0,1142.0,1161.300048828125,487.0,67.3864974975586,67.57499694824219,67.3864974975586,67.3864974975586,0.0,8229.349609375,8229.400390625,8165.10009765625,8182.4501953125,144600.0,52.45000076293945,52.779998779296875,50.66999816894531,51.040000915527344,677957.0
2016-12-15,1139.800048828125,1143.300048828125,1123.9000244140625,1127.800048828125,244.0,67.7699966430664,67.9000015258789,67.46800231933594,67.81999969482422,0.0,8128.39990234375,8225.900390625,8121.9501953125,8153.60009765625,181800.0,50.790000915527344,51.47999954223633,49.95000076293945,50.900001525878906,551759.0
2016-12-16,1126.9000244140625,1140.9000244140625,1126.9000244140625,1135.300048828125,146.0,67.8499984741211,67.87000274658203,67.7300033569336,67.84500122070312,0.0,8178.2001953125,8178.7001953125,8127.4501953125,8139.4501953125,203000.0,51.099998474121094,52.08000183105469,50.5,51.900001525878906,252567.0
2016-12-19,1139.4000244140625,1140.699951171875,1137.9000244140625,1140.5,249.0,67.83499908447266,67.87999725341797,67.69999694824219,67.83499908447266,0.0,8126.0,8132.5,8094.85009765625,8104.35009765625,107400.0,52.150001525878906,52.52000045776367,51.5099983215332,52.119998931884766,129990.0
2016-12-20,1133.5,1133.5,1126.5,1131.5,46.0,67.84030151367188,68.09870147705078,67.7979965209961,67.84020233154297,0.0,8110.60009765625,8124.10009765625,8062.75,8082.39990234375,128000.0,52.11000061035156,52.70000076293945,51.849998474121094,52.22999954223633,416592.0
2016-12-21,1136.0999755859375,1136.0999755859375,1130.0,1131.0999755859375,50.0,67.7699966430664,68.02549743652344,67.7699966430664,67.89700317382812,0.0,8105.85009765625,8112.5498046875,8053.25,8061.2998046875,123700.0,53.560001373291016,53.790000915527344,52.31999969482422,52.4900016784668,471993.0
2016-12-22,1131.199951171875,1132.800048828125,1128.300048828125,1128.800048828125,104.0,67.83300018310547,68.02790069580078,67.81999969482422,67.82550048828125,0.0,8043.85009765625,8046.4501953125,7964.9501953125,7979.10009765625,122600.0,52.52000045776367,53.189998626708984,52.08000183105469,52.95000076293945,393487.0
2016-12-23,1130.9000244140625,1132.800048828125,1130.300048828125,1131.9000244140625,70.0,67.83550262451172,67.94000244140625,67.7300033569336,67.83799743652344,0.0,7972.5,8022.60009765625,7942.0498046875,7985.75,124100.0,52.68000030517578,53.279998779296875,52.2599983215332,53.02000045776367,285166.0
2016-12-27,1134.300048828125,1142.199951171875,1134.300048828125,1137.300048828125,84.0,67.80999755859375,68.06300354003906,67.73999786376953,67.77200317382812,0.0,7915.0498046875,8044.64990234375,7903.7001953125,8032.85009765625,118800.0,53.290000915527344,54.099998474121094,53.029998779296875,53.900001525878906,277306.0
2016-12-28,1141.199951171875,1141.199951171875,1138.0,1139.4000244140625,1570.0,67.96499633789062,68.24909973144531,67.94499969482422,67.96800231933594,0.0,8047.5498046875,8100.5498046875,8028.39990234375,8034.85009765625,126700.0,53.93000030517578,54.369998931884766,53.560001373291016,54.060001373291016,322535.0
2016-12-29,1143.800048828125,1158.800048828125,1143.5999755859375,1156.4000244140625,950.0,68.19999694824219,68.24549865722656,67.94999694824219,68.20500183105469,0.0,8030.60009765625,8111.10009765625,8020.7998046875,8103.60009765625,178500.0,53.65999984741211,54.209999084472656,53.459999084472656,53.77000045776367,360194.0
2016-12-30,1162.0,1162.0,1150.0,1150.0,16.0,67.93049621582031,67.98999786376953,67.83999633789062,67.93299865722656,0.0,8119.64990234375,8197.0,8114.75,8185.7998046875,127600.0,53.869998931884766,54.09000015258789,53.40999984741211,53.720001220703125,271094.0
2017-01-03,1155.199951171875,1160.800048828125,1146.5,1160.4000244140625,52.0,68.13500213623047,68.43000030517578,68.03800201416016,68.13390350341797,0.0,8196.0498046875,8219.099609375,8148.60009765625,8192.25,127300.0,54.20000076293945,55.2400016784668,52.11000061035156,52.33000183105469,727793.0
2017-01-04,1156.300048828125,1165.0,1156.300048828125,1163.800048828125,36.0,68.2699966430664,68.27999877929688,67.93450164794922,68.2697982788086,0.0,8202.650390625,8218.5,8180.89990234375,8190.5,132400.0,52.4900016784668,53.43000030517578,52.150001525878906,53.2599983215332,512641.0
2017-01-05,1172.0,1183.300048828125,1171.5,1179.699951171875,500.0,67.88500213623047,67.9905014038086,67.71499633789062,67.885498046875,0.0,8226.650390625,8282.650390625,8223.7001953125,8273.7998046875,159100.0,53.38999938964844,54.119998931884766,52.790000915527344,53.7599983215332,517362.0
2017-01-06,1176.5,1176.5,1171.9000244140625,1171.9000244140625,16.0,67.73799896240234,68.10199737548828,67.7334976196289,67.73300170898438,0.0,8281.849609375,8306.849609375,8233.25,8243.7998046875,139400.0,53.72999954223633,54.31999969482422,53.31999969482422,53.9900016784668,528333.0
2017-01-09,1173.9000244140625,1183.5999755859375,1173.0,1183.5,62.0,68.13259887695312,68.27300262451172,68.08999633789062,68.1426010131836,0.0,8259.349609375,8263.0,8227.75,8236.0498046875,99100.0,53.75,53.83000183105469,51.7599983215332,51.959999084472656,564893.0
2017-01-10,1184.300048828125,1188.9000244140625,1182.300048828125,1184.199951171875,8.0,68.09439849853516,68.26399993896484,67.97799682617188,68.09700012207031,0.0,8262.7001953125,8293.7998046875,8261.0,8288.599609375,142900.0,51.83000183105469,52.369998931884766,50.709999084472656,50.81999969482422,632573.0
2017-01-11,1187.5,1197.0,1176.5,1195.5999755859375,20.0,68.31500244140625,68.49299621582031,68.16799926757812,68.31800079345703,0.0,8327.7998046875,8389.0,8322.25,8380.650390625,186500.0,50.810001373291016,52.779998779296875,50.75,52.25,815846.0
2017-01-12,1192.699951171875,1204.300048828125,1192.300048828125,1198.9000244140625,110.0,68.13999938964844,68.18800354003906,67.94999694824219,68.13999938964844,0.0,8391.0498046875,8417.2001953125,8382.2998046875,8407.2001953125,172600.0,52.369998931884766,53.5,52.119998931884766,53.0099983215332,660703.0
2017-01-13,1195.699951171875,1196.0,1187.699951171875,1195.300048828125,65.0,68.12999725341797,68.2699966430664,68.06999969482422,68.12950134277344,0.0,8457.650390625,8461.0498046875,8373.150390625,8400.349609375,185300.0,53.04999923706055,53.16999816894531,52.27000045776367,52.369998931884766,477986.0
2017-01-17,1205.5,1214.5999755859375,1200.800048828125,1212.0,79.0,68.09500122070312,68.14800262451172,67.90299987792969,68.09459686279297,0.0,8415.0498046875,8440.900390625,8378.2998046875,8398.0,122000.0,52.54999923706055,53.52000045776367,52.119998931884766,52.47999954223633,606023.0
2017-01-18,1213.5999755859375,1214.699951171875,1203.0999755859375,1211.300048828125,114.0,67.8905029296875,68.11000061035156,67.87999725341797,67.89949798583984,0.0,8403.849609375,8460.2998046875,8397.400390625,8417.0,163800.0,52.52000045776367,52.790000915527344,50.90999984741211,51.08000183105469,236238.0
2017-01-19,1200.5,1204.0,1195.800048828125,1200.9000244140625,26.0,68.22550201416016,68.29000091552734,68.08000183105469,68.197998046875,0.0,8418.400390625,8445.150390625,8404.0498046875,8435.099609375,165900.0,51.38999938964844,51.869998931884766,51.02000045776367,51.369998931884766,122593.0
2017-01-20,1202.800048828125,1212.0999755859375,1202.800048828125,1204.300048828125,38.0,68.08999633789062,68.2699966430664,68.01000213623047,68.09030151367188,0.0,8404.349609375,8423.650390625,8340.9501953125,8349.349609375,202600.0,51.45000076293945,52.900001525878906,51.38999938964844,52.41999816894531,567231.0
2017-01-23,1212.0,1215.0,1210.0,1215.0,16.0,68.07219696044922,68.21299743652344,67.98999786376953,68.07720184326172,0.0,8329.599609375,8404.150390625,8327.2001953125,8391.5,195000.0,53.33000183105469,53.470001220703125,52.209999084472656,52.75,455333.0
2017-01-24,1219.0,1219.0,1207.699951171875,1210.300048828125,24.0,68.05549621582031,68.16999816894531,68.0353012084961,68.05139923095703,0.0,8407.0498046875,8480.9501953125,8398.150390625,8475.7998046875,179200.0,52.86000061035156,53.560001373291016,52.66999816894531,53.18000030517578,520285.0
2017-01-25,1202.0,1202.800048828125,1194.9000244140625,1197.300048828125,403.0,68.16470336914062,68.18299865722656,68.02999877929688,68.16449737548828,0.0,8499.4501953125,8612.599609375,8493.9501953125,8602.75,292500.0,52.95000076293945,53.470001220703125,52.560001373291016,52.75,589709.0
2017-01-27,1187.9000244140625,1188.300048828125,1187.9000244140625,1188.0999755859375,234352.0,68.14550018310547,68.2249984741211,68.00800323486328,68.14900207519531,0.0,8610.5,8672.7001953125,8606.900390625,8641.25,275400.0,53.7400016784668,54.08000183105469,52.58000183105469,53.16999816894531,495556.0
2017-01-30,1191.699951171875,1198.5,1187.0999755859375,1193.199951171875,50503.0,68.10990142822266,68.10990142822266,67.7300033569336,68.11000061035156,0.0,8635.5498046875,8662.599609375,8617.75,8632.75,304700.0,53.150001525878906,53.459999084472656,52.40999984741211,52.630001068115234,486309.0
2017-01-31,1194.9000244140625,1214.699951171875,1193.5,1208.5999755859375,3212.0,67.82550048828125,67.89299774169922,67.31999969482422,67.82099914550781,0.0,8629.4501953125,8631.75,8552.400390625,8561.2998046875,521000.0,52.599998474121094,53.560001373291016,52.2400016784668,52.810001373291016,586676.0
2017-02-01,1211.9000244140625,1211.9000244140625,1197.9000244140625,1205.5999755859375,1145.0,67.46939849853516,67.6780014038086,67.4052963256836,67.50160217285156,0.0,8570.349609375,8722.400390625,8537.5,8716.400390625,327700.0,52.7599983215332,53.90999984741211,52.63999938964844,53.880001068115234,577243.0
2017-02-02,1209.699951171875,1224.199951171875,1208.9000244140625,1216.699951171875,1512.0,67.3949966430664,67.49800109863281,67.16829681396484,67.39540100097656,0.0,8724.75,8757.599609375,8685.7998046875,8734.25,283500.0,53.56999969482422,54.34000015258789,53.349998474121094,53.540000915527344,492553.0
2017-02-03,1214.9000244140625,1220.5999755859375,1206.199951171875,1218.5,865.0,67.2656021118164,67.41999816894531,67.02999877929688,67.2656021118164,0.0,8735.150390625,8748.25,8707.75,8740.9501953125,191000.0,53.68000030517578,54.220001220703125,53.400001525878906,53.83000183105469,462616.0
2017-02-06,1221.9000244140625,1235.4000244140625,1218.5,1230.0,908.0,67.16819763183594,67.23999786376953,67.11000061035156,67.15730285644531,0.0,8785.4501953125,8814.099609375,8770.2001953125,8801.0498046875,194400.0,53.810001373291016,54.130001068115234,52.90999984741211,53.0099983215332,425085.0
2017-02-07,1234.199951171875,1236.199951171875,1228.5,1234.199951171875,1177.0,67.19499969482422,67.44999694824219,67.1946029663086,67.19529724121094,0.0,8805.7001953125,8809.2998046875,8741.0498046875,8768.2998046875,226300.0,53.13999938964844,53.2400016784668,51.630001068115234,52.16999816894531,624057.0
2017-02-08,1232.0999755859375,1243.9000244140625,1231.0,1237.5999755859375,288.0,67.3499984741211,67.38999938964844,66.93499755859375,67.34049987792969,0.0,8774.5498046875,8791.25,8715.0,8769.0498046875,218700.0,51.63999938964844,52.66999816894531,51.220001220703125,52.34000015258789,767379.0
2017-02-09,1239.4000244140625,1243.5,1226.9000244140625,1235.0999755859375,885.0,66.95500183105469,67.06500244140625,66.6500015258789,66.96430206298828,0.0,8795.5498046875,8821.400390625,8724.099609375,8778.400390625,187500.0,52.369998931884766,53.209999084472656,52.369998931884766,53.0,610196.0
2017-02-10,1227.5999755859375,1234.4000244140625,1221.5,1234.4000244140625,391.0,66.73500061035156,66.9749984741211,66.73500061035156,66.74530029296875,0.0,8812.349609375,8822.099609375,8771.2001953125,8793.5498046875,225900.0,53.150001525878906,54.130001068115234,52.900001525878906,53.86000061035156,596449.0
2017-02-13,1230.5,1231.0999755859375,1219.0,1224.4000244140625,398.0,66.8406982421875,67.03299713134766,66.81999969482422,66.84369659423828,0.0,8819.7998046875,8826.900390625,8754.2001953125,8805.0498046875,204900.0,53.79999923706055,53.95000076293945,52.77000045776367,52.93000030517578,586034.0
2017-02-14,1225.9000244140625,1233.5,1222.0999755859375,1223.9000244140625,159.0,66.94170379638672,66.9749984741211,66.76000213623047,66.91539764404297,0.0,8819.900390625,8820.4501953125,8772.5,8792.2998046875,188300.0,52.90999984741211,53.720001220703125,52.86000061035156,53.20000076293945,493022.0
2017-02-15,1225.5,1231.699951171875,1217.300048828125,1231.699951171875,175.0,66.7750015258789,66.97830200195312,66.7750015258789,66.7759017944336,0.0,8778.9501953125,8807.900390625,8712.849609375,8724.7001953125,216100.0,53.0,53.5099983215332,52.72999954223633,53.11000061035156,463638.0
2017-02-16,1234.5,1240.699951171875,1233.199951171875,1240.0,87.0,66.875,67.07499694824219,66.8499984741211,66.8655014038086,0.0,8739.0,8783.9501953125,8719.599609375,8778.0,184600.0,53.0099983215332,53.59000015258789,52.68000030517578,53.36000061035156,343363.0
2017-02-17,1240.699951171875,1241.199951171875,1234.800048828125,1237.5999755859375,301.0,67.16500091552734,67.16500091552734,66.9800033569336,67.16480255126953,0.0,8883.7001953125,8896.4501953125,8804.25,8821.7001953125,298300.0,53.470001220703125,53.52000045776367,52.880001068115234,53.400001525878906,195352.0
2017-02-21,1237.300048828125,1237.5,1228.0999755859375,1237.5,119.0,66.97000122070312,67.00499725341797,66.91999816894531,66.96499633789062,0.0,8890.75,8920.7998046875,8860.9501953125,8907.849609375,175700.0,53.47999954223633,54.68000030517578,53.349998474121094,54.060001373291016,665310.0
2017-02-22,1236.0999755859375,1238.5999755859375,1231.800048828125,1232.0,36.0,66.96499633789062,67.00499725341797,66.87000274658203,66.96510314941406,0.0,8931.599609375,8960.75,8905.25,8926.900390625,247100.0,54.2599983215332,54.599998474121094,53.349998474121094,53.59000015258789,499480.0
2017-02-23,1236.0999755859375,1250.300048828125,1236.0999755859375,1250.199951171875,112.0,66.8949966430664,66.97000122070312,66.63999938964844,66.91429901123047,0.0,8956.400390625,8982.150390625,8927.5498046875,8939.5,377200.0,53.90999984741211,54.939998626708984,53.869998931884766,54.45000076293945,529880.0
2017-02-27,1254.699951171875,1263.0999755859375,1250.4000244140625,1257.4000244140625,544.0,66.63500213623047,66.76300048828125,66.63500213623047,66.63500213623047,0.0,8943.7001953125,8951.7998046875,8888.650390625,8896.7001953125,189900.0,54.02000045776367,54.61000061035156,53.939998626708984,54.04999923706055,394380.0
2017-02-28,1253.5999755859375,1257.300048828125,1247.199951171875,1252.5999755859375,721.0,66.73500061035156,66.80799865722656,66.58999633789062,66.69319915771484,0.0,8898.9501953125,8914.75,8867.599609375,8879.599609375,293600.0,54.040000915527344,54.22999954223633,53.18000030517578,54.0099983215332,593909.0
2017-03-01,1247.800048828125,1248.9000244140625,1236.9000244140625,1248.9000244140625,138.0,66.70500183105469,66.88999938964844,66.70459747314453,66.7051010131836,0.0,8904.400390625,8960.7998046875,8898.599609375,8945.7998046875,205900.0,53.95000076293945,54.439998626708984,53.630001068115234,53.83000183105469,491289.0
2017-03-02,1247.199951171875,1247.5999755859375,1230.699951171875,1231.9000244140625,79.0,66.69000244140625,66.85800170898438,66.66999816894531,66.85800170898438,0.0,8982.849609375,8992.5,8879.7998046875,8899.75,218800.0,53.689998626708984,53.79999923706055,52.540000915527344,52.61000061035156,638390.0
2017-03-03,1231.699951171875,1235.199951171875,1222.9000244140625,1225.5,121.0,66.84500122070312,66.88500213623047,66.73999786376953,66.84510040283203,0.0,8883.5,8907.099609375,8860.099609375,8897.5498046875,202600.0,52.58000183105469,53.38999938964844,52.54999923706055,53.33000183105469,436360.0
2017-03-06,1235.199951171875,1235.199951171875,1224.5,1224.5,29.0,66.70999908447266,66.77999877929688,66.5999984741211,66.77300262451172,0.0,8915.099609375,8967.7998046875,8914.0,8963.4501953125,174800.0,53.189998626708984,53.560001373291016,52.7599983215332,53.20000076293945,503692.0
2017-03-07,1224.300048828125,1225.4000244140625,1213.699951171875,1215.0999755859375,53.0,66.6449966430664,66.69499969482422,66.58000183105469,66.66470336914062,0.0,8977.75,8977.849609375,8932.7998046875,8946.900390625,173400.0,53.16999816894531,53.79999923706055,52.709999084472656,53.13999938964844,494677.0
2017-03-08,1212.199951171875,1212.199951171875,1206.699951171875,1208.5,24.0,66.625,66.83000183105469,66.61299896240234,66.61620330810547,0.0,8950.7001953125,8957.0498046875,8891.9501953125,8924.2998046875,177800.0,52.790000915527344,52.91999816894531,50.04999923706055,50.279998779296875,963392.0
2017-03-09,1204.5,1205.5999755859375,1202.300048828125,1202.4000244140625,37.0,66.81500244140625,66.85299682617188,66.5999984741211,66.76499938964844,0.0,8914.5,8945.7998046875,8899.5,8927.0,171500.0,50.220001220703125,50.84000015258789,48.59000015258789,49.279998779296875,1073506.0
2017-03-10,1196.199951171875,1203.300048828125,1196.199951171875,1200.699951171875,3.0,66.70999908447266,66.7699966430664,66.53980255126953,66.68049621582031,0.0,8953.7001953125,8975.7001953125,8903.9501953125,8934.5498046875,152700.0,49.61000061035156,50.11000061035156,48.310001373291016,48.4900016784668,796960.0
2017-03-14,1203.0999755859375,1205.9000244140625,1196.800048828125,1201.9000244140625,22.0,66.15750122070312,66.23999786376953,65.72750091552734,66.17009735107422,0.0,9091.650390625,9122.75,9060.5,9087.0,270300.0,48.45000076293945,48.790000915527344,47.09000015258789,47.720001220703125,857711.0
2017-03-15,1198.199951171875,1221.199951171875,1197.699951171875,1200.0999755859375,36.0,65.76499938964844,65.78170013427734,65.4000015258789,65.77510070800781,0.0,9086.849609375,9106.5498046875,9075.5,9084.7998046875,240600.0,48.7599983215332,49.040000915527344,48.15999984741211,48.86000061035156,655788.0
2017-03-16,1222.199951171875,1231.4000244140625,1222.199951171875,1226.5,47.0,65.62049865722656,65.62850189208984,65.20999908447266,65.62049865722656,0.0,9129.650390625,9158.4501953125,9128.5498046875,9153.7001953125,208600.0,49.0099983215332,49.619998931884766,48.45000076293945,48.75,516853.0
2017-03-17,1227.0999755859375,1230.9000244140625,1227.0999755859375,1229.800048828125,26.0,65.36499786376953,65.64299774169922,65.3499984741211,65.40450286865234,0.0,9207.7998046875,9218.400390625,9147.599609375,9160.0498046875,286700.0,48.790000915527344,49.20000076293945,48.599998474121094,48.779998779296875,172340.0
2017-03-20,1229.300048828125,1234.4000244140625,1229.300048828125,1233.5999755859375,23.0,65.46810150146484,65.47000122070312,65.30000305175781,65.46810150146484,0.0,9166.9501953125,9167.599609375,9116.2998046875,9126.849609375,332100.0,48.70000076293945,48.7400016784668,47.84000015258789,48.220001220703125,142258.0
2017-03-21,1226.4000244140625,1246.0999755859375,1226.4000244140625,1246.0999755859375,11.0,65.30500030517578,65.44000244140625,65.18000030517578,65.33529663085938,0.0,9133.9501953125,9147.75,9087.2001953125,9121.5,247700.0,47.93000030517578,48.72999954223633,47.22999954223633,47.34000015258789,628119.0
2017-03-22,1247.9000244140625,1249.5,1247.699951171875,1249.300048828125,3.0,65.55999755859375,65.58499908447266,65.33699798583984,65.49500274658203,0.0,9047.2001953125,9072.900390625,9019.2998046875,9030.4501953125,232300.0,48.15999984741211,48.31999969482422,47.0099983215332,48.040000915527344,680849.0
2017-03-23,1246.4000244140625,1247.5,1244.800048828125,1246.9000244140625,16.0,65.37000274658203,65.55000305175781,65.36499786376953,65.36499786376953,0.0,9048.75,9099.0498046875,9048.599609375,9086.2998046875,191800.0,48.150001525878906,48.47999954223633,47.58000183105469,47.70000076293945,499878.0
2017-03-24,1248.0,1248.300048828125,1247.5999755859375,1248.199951171875,3.0,65.42500305175781,65.50499725341797,65.33999633789062,65.44439697265625,0.0,9104.0,9133.5498046875,9089.400390625,9108.0,203700.0,47.66999816894531,48.20000076293945,47.540000915527344,47.970001220703125,421027.0
2017-03-27,1255.800048828125,1257.699951171875,1253.800048828125,1255.4000244140625,72.0,65.41799926757812,65.41799926757812,64.93000030517578,65.39309692382812,0.0,9093.4501953125,9094.849609375,9024.650390625,9045.2001953125,202700.0,48.119998931884766,48.279998779296875,47.08000183105469,47.72999954223633,466176.0
2017-03-28,1255.9000244140625,1255.9000244140625,1255.300048828125,1255.300048828125,19.0,64.98799896240234,65.13999938964844,64.98799896240234,65.04499816894531,0.0,9081.5,9110.400390625,9079.7998046875,9100.7998046875,183300.0,47.88999938964844,48.7400016784668,47.79999923706055,48.369998931884766,502377.0
2017-03-29,1252.199951171875,1253.4000244140625,1252.0999755859375,1253.4000244140625,190678.0,65.13999938964844,65.13999938964844,64.80999755859375,65.11000061035156,0.0,9128.7001953125,9153.150390625,9109.099609375,9143.7998046875,243400.0,48.470001220703125,49.630001068115234,48.380001068115234,49.5099983215332,548615.0
2017-03-30,1253.0999755859375,1253.5999755859375,1241.0999755859375,1245.0,51328.0,64.85800170898438,64.9800033569336,64.73999786376953,64.77999877929688,0.0,9142.599609375,9183.150390625,9136.349609375,9173.75,323400.0,49.599998474121094,50.470001220703125,49.27000045776367,50.349998474121094,580668.0
2017-03-31,1242.0999755859375,1248.800048828125,1238.699951171875,1247.300048828125,8223.0,64.85050201416016,64.96800231933594,64.76499938964844,64.79000091552734,0.0,9158.900390625,9191.7001953125,9152.099609375,9173.75,190900.0,50.31999969482422,50.849998474121094,49.900001525878906,50.599998474121094,527607.0
2017-04-03,1247.5,1252.4000244140625,1243.5999755859375,1250.800048828125,1160.0,64.85299682617188,65.08000183105469,64.7300033569336,64.79669952392578,0.0,9220.599609375,9245.349609375,9192.400390625,9237.849609375,139100.0,50.689998626708984,50.83000183105469,50.119998931884766,50.2400016784668,440724.0
2017-04-05,1255.4000244140625,1255.4000244140625,1243.0,1245.4000244140625,907.0,65.07029724121094,65.19000244140625,64.86499786376953,65.05000305175781,0.0,9264.400390625,9273.900390625,9215.400390625,9265.150390625,184800.0,51.18000030517578,51.880001068115234,50.7400016784668,51.150001525878906,651398.0
2017-04-06,1256.0999755859375,1257.5,1249.0,1250.300048828125,169.0,65.01000213623047,65.09500122070312,64.50499725341797,65.04000091552734,0.0,9245.7998046875,9267.9501953125,9218.849609375,9261.9501953125,186100.0,50.79999923706055,51.81999969482422,50.77000045776367,51.70000076293945,473019.0
2017-04-07,1249.5,1269.0999755859375,1249.5,1254.300048828125,445.0,64.59629821777344,64.80500030517578,64.1500015258789,64.58000183105469,0.0,9223.7001953125,9250.5,9188.099609375,9198.2998046875,190000.0,51.70000076293945,52.939998626708984,51.4900016784668,52.2400016784668,796437.0
2017-04-10,1252.699951171875,1255.199951171875,1246.800048828125,1251.0999755859375,182.0,64.26029968261719,64.58999633789062,64.26000213623047,64.26000213623047,0.0,9225.599609375,9225.650390625,9174.849609375,9181.4501953125,135800.0,52.310001373291016,53.18000030517578,52.290000915527344,53.08000183105469,565439.0
2017-04-11,1254.5,1273.5,1254.5,1271.199951171875,401.0,64.58529663085938,64.72000122070312,64.41000366210938,64.57499694824219,0.0,9184.5498046875,9242.7001953125,9172.849609375,9237.0,200100.0,53.130001068115234,53.45000076293945,52.70000076293945,53.400001525878906,598003.0
2017-04-12,1275.0,1285.0999755859375,1272.0,1275.300048828125,492.0,64.62999725341797,64.73999786376953,64.52799987792969,64.62999725341797,0.0,9242.5,9246.400390625,9161.7998046875,9203.4501953125,161800.0,53.400001525878906,53.7599983215332,52.709999084472656,53.11000061035156,629805.0
2017-04-13,1285.300048828125,1287.5999755859375,1282.0,1285.9000244140625,915.0,64.5,64.56999969482422,64.25499725341797,64.5,0.0,9202.5,9202.650390625,9144.9501953125,9150.7998046875,166500.0,52.849998474121094,53.38999938964844,52.81999969482422,53.18000030517578,480835.0
2017-04-17,1291.800048828125,1294.800048828125,1284.300048828125,1289.4000244140625,73.0,64.43550109863281,64.48829650878906,64.30000305175781,64.45369720458984,0.0,9144.75,9160.0,9120.25,9139.2998046875,0.0,52.970001220703125,53.209999084472656,52.54999923706055,52.650001525878906,326340.0
2017-04-18,1283.9000244140625,1291.699951171875,1278.5999755859375,1291.699951171875,394.0,64.41000366210938,64.63999938964844,64.23999786376953,64.4083023071289,0.0,9163.0,9217.900390625,9095.4501953125,9105.150390625,174200.0,52.75,52.849998474121094,52.099998474121094,52.40999984741211,202043.0
2017-04-19,1288.0,1288.0,1274.0,1281.4000244140625,194.0,64.58830261230469,64.66000366210938,64.50499725341797,64.56999969482422,0.0,9112.2001953125,9120.5,9075.150390625,9103.5,173700.0,52.36000061035156,52.650001525878906,50.09000015258789,50.439998626708984,133173.0
2017-04-20,1279.699951171875,1281.9000244140625,1276.199951171875,1281.9000244140625,127.0,64.64029693603516,64.72000122070312,64.55799865722656,64.64669799804688,0.0,9108.099609375,9143.900390625,9102.650390625,9136.400390625,170300.0,50.630001068115234,50.970001220703125,50.18000030517578,50.27000045776367,606263.0
2017-04-21,1279.800048828125,1287.4000244140625,1279.199951171875,1287.4000244140625,474.0,64.61299896240234,64.69999694824219,64.54299926757812,64.66000366210938,0.0,9179.099609375,9183.650390625,9088.75,9119.400390625,155200.0,50.709999084472656,50.93000030517578,49.20000076293945,49.619998931884766,687474.0
2017-04-24,1275.0,1276.4000244140625,1265.0,1275.800048828125,605.0,64.64029693603516,64.64299774169922,64.37999725341797,64.63999938964844,0.0,9135.349609375,9225.400390625,9130.5498046875,9217.9501953125,167700.0,49.68000030517578,50.220001220703125,49.029998779296875,49.22999954223633,517897.0
2017-04-25,1275.5999755859375,1276.9000244140625,1262.0999755859375,1265.5999755859375,356.0,64.48300170898438,64.48300170898438,64.19999694824219,64.38999938964844,0.0,9273.0498046875,9309.2001953125,9250.349609375,9306.599609375,168700.0,49.220001220703125,49.83000183105469,48.869998931884766,49.560001373291016,587240.0
2017-04-26,1266.0,1266.0,1262.0999755859375,1262.0999755859375,1156.0,64.31999969482422,64.36329650878906,63.928001403808594,64.3499984741211,0.0,9336.2001953125,9367.0,9301.349609375,9351.849609375,185700.0,49.36000061035156,50.20000076293945,48.939998626708984,49.619998931884766,655717.0
2017-04-27,1266.699951171875,1267.199951171875,1262.199951171875,1263.699951171875,206.0,64.0199966430664,64.16000366210938,63.96799850463867,64.0199966430664,0.0,9359.150390625,9367.150390625,9322.650390625,9342.150390625,209400.0,49.220001220703125,49.43000030517578,48.20000076293945,48.970001220703125,771189.0
2017-04-28,1265.9000244140625,1267.199951171875,1264.699951171875,1266.0999755859375,85.0,64.08999633789062,64.3550033569336,64.05000305175781,64.05999755859375,0.0,9340.9501953125,9342.650390625,9282.25,9304.0498046875,162200.0,49.27000045776367,49.7599983215332,48.79999923706055,49.33000183105469,633992.0
2017-05-02,1256.199951171875,1256.199951171875,1251.199951171875,1255.0999755859375,90.0,64.24549865722656,64.25,64.08999633789062,64.18000030517578,0.0,9339.849609375,9352.5498046875,9269.900390625,9313.7998046875,161600.0,48.779998779296875,49.279998779296875,47.349998474121094,47.65999984741211,702375.0
2017-05-03,1255.0999755859375,1255.800048828125,1238.699951171875,1246.4000244140625,195.0,64.15799713134766,64.18499755859375,64.05999755859375,64.06999969482422,0.0,9344.7001953125,9346.2998046875,9298.400390625,9311.9501953125,151600.0,48.119998931884766,48.22999954223633,47.29999923706055,47.81999969482422,691319.0
2017-05-04,1239.800048828125,1239.800048828125,1224.199951171875,1226.5,72.0,64.15799713134766,64.25,64.1500015258789,64.20999908447266,0.0,9360.9501953125,9365.650390625,9323.25,9359.900390625,269600.0,47.599998474121094,47.75,45.290000915527344,45.52000045776367,943959.0
2017-05-05,1227.0,1233.699951171875,1224.800048828125,1224.800048828125,16.0,64.20469665527344,64.38999938964844,64.16000366210938,64.16999816894531,0.0,9374.5498046875,9377.099609375,9272.0,9285.2998046875,231900.0,45.5099983215332,46.68000030517578,43.7599983215332,46.220001220703125,1021610.0
2017-05-08,1224.0,1234.0,1224.0,1225.300048828125,43.0,64.30799865722656,64.3499984741211,64.18000030517578,64.30799865722656,0.0,9311.4501953125,9338.7001953125,9297.9501953125,9314.0498046875,174300.0,46.349998474121094,46.97999954223633,45.72999954223633,46.43000030517578,785055.0
2017-05-09,1226.0999755859375,1226.199951171875,1214.0,1214.300048828125,55.0,64.35299682617188,64.69000244140625,64.3499984741211,64.41179656982422,0.0,9337.349609375,9338.9501953125,9307.7001953125,9316.849609375,132300.0,46.4900016784668,46.779998779296875,45.529998779296875,45.880001068115234,701944.0
2017-05-10,1219.800048828125,1220.199951171875,1217.300048828125,1217.300048828125,23.0,64.66529846191406,64.67500305175781,64.5199966430664,64.63999938964844,0.0,9339.650390625,9414.75,9336.0,9407.2998046875,152700.0,46.18000030517578,47.779998779296875,46.0099983215332,47.33000183105469,819796.0
2017-05-11,1218.5,1222.699951171875,1218.300048828125,1222.699951171875,13.0,64.52749633789062,64.58000183105469,64.32499694824219,64.55000305175781,0.0,9448.599609375,9450.650390625,9411.2998046875,9422.400390625,171100.0,47.38999938964844,48.220001220703125,47.34000015258789,47.83000183105469,661783.0
2017-05-12,1228.0,1229.5,1226.0999755859375,1226.199951171875,29.0,64.38999938964844,64.3949966430664,64.12000274658203,64.36000061035156,0.0,9436.650390625,9437.75,9372.5498046875,9400.900390625,154300.0,47.810001373291016,48.06999969482422,47.349998474121094,47.84000015258789,537490.0
2017-05-15,1227.5,1232.699951171875,1227.5,1228.5999755859375,13.0,64.23600006103516,64.23600006103516,64.0199966430664,64.16549682617188,0.0,9433.5498046875,9449.25,9423.099609375,9445.400390625,140800.0,47.849998474121094,49.65999984741211,47.75,48.849998474121094,687153.0
2017-05-16,1230.4000244140625,1237.300048828125,1230.4000244140625,1235.0,20.0,64.03829956054688,64.14299774169922,63.9900016784668,64.03829956054688,0.0,9461.0,9517.2001953125,9456.349609375,9512.25,166500.0,48.81999969482422,49.380001068115234,48.16999816894531,48.65999984741211,589212.0
2017-05-17,1241.0,1259.199951171875,1240.699951171875,1257.5,26.0,64.0354995727539,64.18000030517578,63.880001068115234,63.900001525878906,0.0,9517.599609375,9532.599609375,9486.099609375,9525.75,205500.0,48.22999954223633,49.5,48.029998779296875,49.06999969482422,650107.0
2017-05-18,1254.800048828125,1260.0,1245.800048828125,1251.699951171875,43.0,64.2300033569336,65.13999938964844,64.22000122070312,64.2300033569336,0.0,9453.2001953125,9489.099609375,9418.099609375,9429.4501953125,193300.0,48.93000030517578,49.599998474121094,48.04999923706055,49.349998474121094,242754.0
2017-05-19,1252.699951171875,1252.699951171875,1252.699951171875,1252.699951171875,14.0,64.87049865722656,65.01000213623047,64.52999877929688,64.87110137939453,0.0,9469.900390625,9505.75,9390.75,9427.900390625,252100.0,49.279998779296875,50.529998779296875,49.279998779296875,50.33000183105469,146452.0
2017-05-22,1251.699951171875,1260.699951171875,1251.699951171875,1260.699951171875,14.0,64.44879913330078,64.5999984741211,64.44000244140625,64.44850158691406,0.0,9480.25,9498.650390625,9427.900390625,9438.25,196800.0,50.599998474121094,51.060001373291016,50.439998626708984,50.72999954223633,564310.0
2017-05-23,1261.5,1261.5999755859375,1250.5999755859375,1254.800048828125,20.0,64.50029754638672,64.88800048828125,64.50019836425781,64.50019836425781,0.0,9445.0498046875,9448.0498046875,9370.0,9386.150390625,224400.0,51.040000915527344,51.790000915527344,50.56999969482422,51.470001220703125,584139.0
2017-05-24,1251.9000244140625,1257.800048828125,1249.699951171875,1252.4000244140625,14.0,64.885498046875,64.947998046875,64.6895980834961,64.88520050048828,0.0,9410.900390625,9431.900390625,9341.650390625,9360.5498046875,211800.0,51.439998626708984,51.880001068115234,51.029998779296875,51.36000061035156,736341.0
2017-05-25,1257.0999755859375,1258.300048828125,1255.800048828125,1255.800048828125,11.0,64.760498046875,64.760498046875,64.44999694824219,64.76010131835938,0.0,9384.0498046875,9523.2998046875,9379.2001953125,9509.75,289200.0,51.25,52.0,48.45000076293945,48.900001525878906,1147389.0
2017-05-26,1267.5999755859375,1267.5999755859375,1267.5999755859375,1267.5999755859375,271457.0,64.54550170898438,64.62999725341797,64.41000366210938,64.54540252685547,0.0,9507.75,9604.900390625,9495.400390625,9595.099609375,218800.0,48.75,49.939998626708984,48.18000030517578,49.79999923706055,763920.0
2017-05-30,1267.4000244140625,1270.0,1258.4000244140625,1262.0999755859375,129819.0,64.53050231933594,64.68800354003906,64.50859832763672,64.50859832763672,0.0,9590.650390625,9635.2998046875,9581.2001953125,9624.5498046875,193900.0,49.93000030517578,50.279998779296875,49.029998779296875,49.65999984741211,663486.0
2017-05-31,1262.4000244140625,1273.199951171875,1258.5,1272.0,2712.0,64.61530303955078,64.61650085449219,64.36000061035156,64.61859893798828,0.0,9636.5498046875,9649.599609375,9609.25,9621.25,414300.0,49.650001525878906,49.709999084472656,47.72999954223633,48.31999969482422,779144.0
2017-06-01,1268.0,1269.199951171875,1260.800048828125,1267.0,825.0,64.50050354003906,64.52999877929688,64.38400268554688,64.5000991821289,0.0,9603.5498046875,9634.650390625,9589.900390625,9616.099609375,176100.0,48.630001068115234,49.16999816894531,47.900001525878906,48.36000061035156,774478.0
2017-06-02,1265.199951171875,1279.0,1259.0,1276.800048828125,1732.0,64.47100067138672,64.49500274658203,64.22000122070312,64.37229919433594,0.0,9657.150390625,9673.5,9637.4501953125,9653.5,162200.0,48.040000915527344,48.189998626708984,46.7400016784668,47.65999984741211,802662.0
2017-06-05,1279.199951171875,1282.0,1277.0,1279.300048828125,433.0,64.40550231933594,64.40550231933594,64.25,64.40499877929688,0.0,9656.2998046875,9687.2001953125,9640.7001953125,9675.099609375,127700.0,47.709999084472656,48.41999816894531,46.86000061035156,47.400001525878906,710199.0
2017-06-06,1279.4000244140625,1295.199951171875,1279.4000244140625,1294.4000244140625,942.0,64.34500122070312,64.5,64.28489685058594,64.34400177001953,0.0,9704.25,9709.2998046875,9630.2001953125,9637.150390625,145900.0,47.400001525878906,48.400001525878906,46.939998626708984,48.189998626708984,825056.0
2017-06-07,1291.5999755859375,1293.0999755859375,1284.300048828125,1290.0999755859375,641.0,64.4229965209961,64.5,64.2979965209961,64.42050170898438,0.0,9663.9501953125,9678.5498046875,9630.5498046875,9663.900390625,160700.0,47.97999954223633,48.22999954223633,45.650001525878906,45.720001220703125,1182327.0
2017-06-08,1285.4000244140625,1287.5999755859375,1268.0999755859375,1276.300048828125,319.0,64.42549896240234,64.44499969482422,64.19999694824219,64.41829681396484,0.0,9682.400390625,9688.7001953125,9641.5,9647.25,155400.0,45.849998474121094,46.18000030517578,45.20000076293945,45.63999938964844,927695.0
2017-06-09,1277.9000244140625,1277.9000244140625,1264.5999755859375,1268.5,467.0,64.2405014038086,64.36000061035156,64.16799926757812,64.243896484375,0.0,9638.5498046875,9676.25,9608.150390625,9668.25,159000.0,45.709999084472656,46.18000030517578,45.27000045776367,45.83000183105469,735933.0
2017-06-12,1266.4000244140625,1269.300048828125,1263.199951171875,1266.0999755859375,255.0,64.37699890136719,64.48500061035156,64.23799896240234,64.37699890136719,0.0,9646.7001953125,9647.0498046875,9598.5,9616.400390625,141400.0,45.79999923706055,46.709999084472656,45.65999984741211,46.08000183105469,666765.0
2017-06-13,1264.0999755859375,1266.9000244140625,1259.699951171875,1265.800048828125,150.0,64.47000122070312,64.48999786376953,64.3280029296875,64.46910095214844,0.0,9615.5498046875,9654.150390625,9595.400390625,9606.900390625,129700.0,46.0099983215332,46.56999969482422,45.560001373291016,46.459999084472656,783320.0
2017-06-14,1269.4000244140625,1278.0,1256.800048828125,1272.800048828125,336.0,64.34030151367188,64.37259674072266,64.0199966430664,64.35749816894531,0.0,9621.5498046875,9627.400390625,9580.4501953125,9618.150390625,181800.0,45.939998626708984,46.4900016784668,44.540000915527344,44.72999954223633,924408.0
2017-06-15,1263.199951171875,1264.199951171875,1250.300048828125,1252.199951171875,743.0,64.22799682617188,64.7300033569336,64.1500015258789,64.16580200195312,0.0,9617.900390625,9621.400390625,9560.7998046875,9578.0498046875,171100.0,44.689998626708984,44.810001373291016,44.220001220703125,44.459999084472656,500938.0
2017-06-16,1252.800048828125,1255.300048828125,1251.300048828125,1254.0,34.0,64.5552978515625,64.76000213623047,64.39800262451172,64.55999755859375,0.0,9595.4501953125,9615.849609375,9565.5,9588.0498046875,213200.0,44.25,44.939998626708984,44.2400016784668,44.7400016784668,191824.0
2017-06-19,1252.0999755859375,1252.199951171875,1241.9000244140625,1244.199951171875,108.0,64.45449829101562,64.47000122070312,64.33999633789062,64.3949966430664,0.0,9626.400390625,9673.2998046875,9614.900390625,9657.5498046875,141700.0,44.68000030517578,45.060001373291016,44.04999923706055,44.20000076293945,123943.0
2017-06-20,1242.199951171875,1245.5,1240.5,1241.0,75.0,64.4854965209961,64.6500015258789,64.41300201416016,64.48760223388672,0.0,9670.5,9676.5,9643.75,9653.5,159500.0,44.11000061035156,44.400001525878906,42.75,43.22999954223633,894104.0
2017-06-21,1244.0999755859375,1245.0,1240.0,1243.4000244140625,205.0,64.53299713134766,64.68000030517578,64.4800033569336,64.53050231933594,0.0,9648.099609375,9650.4501953125,9608.599609375,9633.599609375,144000.0,43.380001068115234,44.20000076293945,42.04999923706055,42.529998779296875,1071747.0
2017-06-22,1251.0,1252.699951171875,1246.300048828125,1247.5999755859375,156.0,64.54029846191406,64.62000274658203,64.447998046875,64.5416030883789,0.0,9642.650390625,9698.849609375,9617.75,9630.0,198800.0,42.54999923706055,43.31999969482422,42.2599983215332,42.7400016784668,668830.0
2017-06-23,1250.0,1273.5999755859375,1249.800048828125,1256.199951171875,269.0,64.59500122070312,64.5999984741211,64.41999816894531,64.59100341796875,0.0,9643.25,9647.650390625,9565.2998046875,9574.9501953125,175200.0,42.79999923706055,43.20000076293945,42.529998779296875,43.0099983215332,690906.0
2017-06-27,1251.5999755859375,1251.800048828125,1245.9000244140625,1246.4000244140625,111.0,64.42549896240234,64.52799987792969,64.4000015258789,64.42130279541016,0.0,9594.0498046875,9615.400390625,9473.4501953125,9511.400390625,203300.0,43.4900016784668,44.439998626708984,43.31999969482422,44.2400016784668,759115.0
2017-06-28,1248.5,1248.5,1248.0,1248.0,370.0,64.46800231933594,64.6500015258789,64.46800231933594,64.5248031616211,0.0,9520.2001953125,9522.5,9474.349609375,9491.25,172400.0,43.70000076293945,44.900001525878906,43.66999816894531,44.7400016784668,753375.0
2017-06-29,1248.199951171875,1250.699951171875,1238.0999755859375,1244.199951171875,540.0,64.5155029296875,64.7300033569336,64.40499877929688,64.51190185546875,0.0,9522.9501953125,9575.7998046875,9493.7998046875,9504.099609375,259300.0,44.88999938964844,45.45000076293945,44.650001525878906,44.93000030517578,768946.0
2017-06-30,1243.699951171875,1243.699951171875,1239.0999755859375,1240.699951171875,43.0,64.65299987792969,64.83999633789062,64.57150268554688,64.78510284423828,0.0,9478.5,9535.7998046875,9448.75,9520.900390625,179600.0,44.88999938964844,46.349998474121094,44.880001068115234,46.040000915527344,677408.0
2017-07-03,1236.0,1236.0,1217.9000244140625,1217.9000244140625,33.0,64.6104965209961,64.88999938964844,64.6050033569336,64.60679626464844,0.0,9587.9501953125,9624.0,9543.5498046875,9615.0,183000.0,46.279998779296875,47.099998474121094,45.91999816894531,47.06999969482422,517621.0
2017-07-05,1222.5,1225.0,1217.0999755859375,1220.4000244140625,40.0,64.78050231933594,64.9000015258789,64.66799926757812,64.7688980102539,0.0,9619.75,9643.650390625,9607.349609375,9637.599609375,130800.0,47.040000915527344,47.31999969482422,44.5099983215332,45.130001068115234,1173581.0
2017-07-06,1225.0999755859375,1225.0999755859375,1222.199951171875,1222.199951171875,5.0,64.79049682617188,64.80000305175781,64.68000030517578,64.79139709472656,0.0,9653.599609375,9700.7001953125,9639.9501953125,9674.5498046875,147400.0,45.650001525878906,46.529998779296875,45.18000030517578,45.52000045776367,969676.0
2017-07-07,1219.0999755859375,1220.4000244140625,1208.5999755859375,1208.5999755859375,116.0,64.71549987792969,64.76000213623047,64.5,64.71330261230469,0.0,9670.349609375,9684.25,9642.650390625,9665.7998046875,141800.0,45.349998474121094,45.41999816894531,43.779998779296875,44.22999954223633,975914.0
2017-07-10,1211.4000244140625,1212.0999755859375,1209.5999755859375,1212.0999755859375,28.0,64.6155014038086,64.6155014038086,64.41000366210938,64.61170196533203,0.0,9719.2998046875,9782.150390625,9646.4501953125,9771.0498046875,37500.0,44.349998474121094,44.84000015258789,43.650001525878906,44.400001525878906,848570.0
2017-07-12,1218.300048828125,1219.4000244140625,1217.9000244140625,1218.0999755859375,7.0,64.55549621582031,64.56999969482422,64.3499984741211,64.52559661865234,0.0,9807.2998046875,9824.9501953125,9787.7001953125,9816.099609375,145500.0,45.7400016784668,46.47999954223633,45.11000061035156,45.4900016784668,963505.0
2017-07-13,1221.4000244140625,1221.4000244140625,1216.300048828125,1216.300048828125,7.0,64.46800231933594,64.48419952392578,64.33999633789062,64.36499786376953,0.0,9855.7998046875,9897.25,9853.4501953125,9891.7001953125,181300.0,45.439998626708984,46.279998779296875,44.9900016784668,46.08000183105469,748971.0
2017-07-14,1214.9000244140625,1227.5,1214.800048828125,1226.5999755859375,23.0,64.45050048828125,64.4749984741211,64.22750091552734,64.42579650878906,0.0,9913.2998046875,9913.2998046875,9845.4501953125,9886.349609375,159600.0,46.08000183105469,46.7400016784668,45.79999923706055,46.540000915527344,742895.0
2017-07-17,1229.9000244140625,1233.4000244140625,1229.9000244140625,1232.800048828125,7.0,64.41600036621094,64.41600036621094,64.25499725341797,64.26730346679688,0.0,9908.150390625,9928.2001953125,9894.7001953125,9915.9501953125,163500.0,46.68000030517578,46.880001068115234,45.88999938964844,46.02000045776367,560633.0
2017-07-18,1236.199951171875,1241.199951171875,1236.199951171875,1241.0999755859375,29.0,64.32980346679688,64.36299896240234,64.25749969482422,64.33000183105469,0.0,9832.7001953125,9885.349609375,9792.0498046875,9827.150390625,293900.0,45.9900016784668,46.91999816894531,45.810001373291016,46.400001525878906,208420.0
2017-07-19,1240.4000244140625,1241.199951171875,1240.0999755859375,1241.199951171875,3.0,64.30899810791016,64.33999633789062,64.256103515625,64.3062973022461,0.0,9855.9501953125,9905.0498046875,9851.650390625,9899.599609375,200200.0,46.25,47.2599983215332,46.13999938964844,47.119998931884766,140677.0
2017-07-20,1236.5999755859375,1244.800048828125,1236.5999755859375,1244.800048828125,5.0,64.260498046875,64.447998046875,64.26000213623047,64.26329803466797,0.0,9920.2001953125,9922.5498046875,9863.4501953125,9873.2998046875,161100.0,47.09000015258789,47.54999923706055,46.65999984741211,46.790000915527344,720621.0
2017-07-21,1250.699951171875,1254.300048828125,1250.5,1254.300048828125,16.0,64.3655014038086,64.44000244140625,64.29000091552734,64.32499694824219,0.0,9899.599609375,9924.7001953125,9838.0,9915.25,187500.0,46.90999984741211,47.209999084472656,45.540000915527344,45.77000045776367,769438.0
2017-07-24,1256.0,1256.0,1253.9000244140625,1253.9000244140625,8.0,64.37799835205078,64.4800033569336,64.3030014038086,64.46109771728516,0.0,9936.7998046875,9982.0498046875,9919.599609375,9966.400390625,174500.0,45.619998931884766,46.529998779296875,45.400001525878906,46.34000015258789,707910.0
2017-07-25,1252.699951171875,1253.5999755859375,1249.199951171875,1251.699951171875,18.0,64.36530303955078,64.44000244140625,64.33799743652344,64.36509704589844,0.0,10010.5498046875,10011.2998046875,9949.099609375,9964.5498046875,185500.0,46.459999084472656,48.65999984741211,46.380001068115234,47.88999938964844,885700.0
2017-07-26,1244.800048828125,1249.0,1244.800048828125,1249.0,7.0,64.37799835205078,64.44999694824219,64.30999755859375,64.4469985961914,0.0,9983.650390625,10025.9501953125,9965.9501953125,10020.650390625,197600.0,48.5099983215332,48.869998931884766,47.86000061035156,48.75,887864.0
2017-07-27,1259.5999755859375,1259.5999755859375,1259.5999755859375,1259.5999755859375,220309.0,64.34459686279297,64.3447036743164,64.05000305175781,64.3447036743164,0.0,10063.25,10114.849609375,10005.5,10020.5498046875,287900.0,48.70000076293945,49.2400016784668,48.25,49.040000915527344,880757.0
2017-07-28,1258.4000244140625,1270.0,1256.9000244140625,1268.4000244140625,64180.0,64.11799621582031,64.25,64.08000183105469,64.18499755859375,0.0,9996.5498046875,10026.0498046875,9944.5,10014.5,191600.0,49.16999816894531,49.810001373291016,48.86000061035156,49.709999084472656,771225.0
2017-07-31,1268.9000244140625,1270.800048828125,1265.800048828125,1266.5999755859375,7780.0,64.10549926757812,64.21299743652344,64.05000305175781,64.12349700927734,0.0,10034.7001953125,10085.900390625,10016.9501953125,10077.099609375,237700.0,49.849998474121094,50.40999984741211,49.18000030517578,50.16999816894531,781539.0
2017-08-01,1268.4000244140625,1273.300048828125,1262.0,1272.5999755859375,1061.0,64.19000244140625,64.19000244140625,64.03569793701172,64.18949890136719,0.0,10101.0498046875,10128.599609375,10065.75,10114.650390625,184300.0,50.209999084472656,50.43000030517578,48.369998931884766,49.15999984741211,1008583.0
2017-08-02,1268.5,1272.0999755859375,1262.9000244140625,1271.800048828125,393.0,64.08550262451172,64.12999725341797,63.61000061035156,64.05580139160156,0.0,10136.2998046875,10137.849609375,10054.2001953125,10081.5,161500.0,48.79999923706055,49.650001525878906,48.54999923706055,49.59000015258789,847722.0
2017-08-03,1265.9000244140625,1269.800048828125,1256.5999755859375,1267.800048828125,878.0,63.64030075073242,63.72999954223633,63.5629997253418,63.64059829711914,0.0,10081.150390625,10081.150390625,9998.25,10013.650390625,192700.0,49.59000015258789,49.959999084472656,48.779998779296875,49.029998779296875,837763.0
2017-08-04,1269.0,1269.5999755859375,1253.9000244140625,1258.300048828125,521.0,63.695499420166016,63.75,63.573001861572266,63.696998596191406,0.0,10008.599609375,10075.25,9988.349609375,10066.400390625,178600.0,48.95000076293945,49.63999938964844,48.5,49.58000183105469,745664.0
2017-08-07,1258.699951171875,1259.0999755859375,1255.300048828125,1258.199951171875,260.0,63.66550064086914,63.869998931884766,63.65999984741211,63.66510009765625,0.0,10074.7998046875,10088.099609375,10046.349609375,10057.400390625,137400.0,49.59000015258789,49.72999954223633,48.540000915527344,49.38999938964844,831374.0
2017-08-08,1256.9000244140625,1264.0999755859375,1251.4000244140625,1256.4000244140625,555.0,63.830501556396484,63.86000061035156,63.612998962402344,63.830101013183594,0.0,10068.349609375,10083.7998046875,9947.0,9978.5498046875,203300.0,49.310001373291016,49.790000915527344,48.86000061035156,49.16999816894531,924240.0
2017-08-09,1260.199951171875,1277.800048828125,1260.199951171875,1273.0,574.0,63.682498931884766,63.90999984741211,63.682498931884766,63.70289993286133,0.0,9961.150390625,9969.7998046875,9893.0498046875,9908.0498046875,169200.0,49.0,49.720001220703125,48.900001525878906,49.560001373291016,858250.0
2017-08-10,1276.5999755859375,1287.4000244140625,1274.9000244140625,1283.699951171875,608.0,63.85049819946289,64.16999816894531,63.84000015258789,63.887699127197266,0.0,9872.849609375,9892.650390625,9776.2001953125,9820.25,235500.0,49.68000030517578,50.220001220703125,48.349998474121094,48.59000015258789,1135440.0
2017-08-11,1286.300048828125,1291.0999755859375,1282.0,1287.699951171875,139.0,64.08799743652344,64.25499725341797,64.02999877929688,64.13860321044922,0.0,9712.150390625,9771.650390625,9685.5498046875,9710.7998046875,285900.0,48.52000045776367,48.97999954223633,47.97999954223633,48.81999969482422,804237.0
2017-08-14,1288.4000244140625,1288.4000244140625,1278.800048828125,1284.199951171875,338.0,64.13050079345703,64.1500015258789,63.939998626708984,64.08100128173828,0.0,9755.75,9818.2998046875,9752.099609375,9794.150390625,195600.0,48.790000915527344,49.15999984741211,47.43000030517578,47.59000015258789,763241.0
2017-08-16,1271.300048828125,1282.5999755859375,1269.4000244140625,1276.9000244140625,110.0,64.25749969482422,64.3499984741211,64.13999938964844,64.26300048828125,0.0,9825.849609375,9903.9501953125,9773.849609375,9897.2998046875,219500.0,47.720001220703125,47.9900016784668,46.66999816894531,46.779998779296875,815544.0
2017-08-17,1283.800048828125,1288.5,1283.199951171875,1286.4000244140625,43.0,64.16300201416016,64.19400024414062,63.9900016784668,64.1604995727539,0.0,9945.5498046875,9947.7998046875,9883.75,9904.150390625,197600.0,46.79999923706055,47.189998626708984,46.459999084472656,47.09000015258789,608314.0
2017-08-18,1288.5999755859375,1300.699951171875,1284.300048828125,1285.699951171875,358.0,64.1604995727539,64.22000122070312,64.0780029296875,64.18890380859375,0.0,9865.9501953125,9865.9501953125,9783.650390625,9837.400390625,246300.0,46.93000030517578,48.7400016784668,46.779998779296875,48.5099983215332,253069.0
2017-08-21,1285.199951171875,1290.800048828125,1284.699951171875,1290.800048828125,18.0,64.08550262451172,64.14800262451172,64.00499725341797,64.07589721679688,0.0,9864.25,9884.349609375,9740.099609375,9754.349609375,205300.0,48.720001220703125,48.75,47.029998779296875,47.369998931884766,129192.0
2017-08-22,1287.199951171875,1288.4000244140625,1283.199951171875,1285.0999755859375,100.0,64.10299682617188,64.16000366210938,64.05799865722656,64.15750122070312,0.0,9815.75,9828.4501953125,9752.599609375,9765.5498046875,183600.0,47.45000076293945,48.029998779296875,47.20000076293945,47.63999938964844,864387.0
2017-08-23,1289.4000244140625,1289.4000244140625,1286.9000244140625,1288.9000244140625,250.0,64.0625,64.13800048828125,64.0199966430664,64.05750274658203,0.0,9803.0498046875,9857.900390625,9786.75,9852.5,168600.0,47.63999938964844,48.5,47.529998779296875,48.40999984741211,701693.0
2017-08-24,1288.699951171875,1288.699951171875,1284.0,1286.5,550.0,64.0354995727539,64.08000183105469,64.0,64.00499725341797,0.0,9881.2001953125,9881.5,9848.849609375,9857.0498046875,184700.0,48.36000061035156,48.43000030517578,47.060001373291016,47.43000030517578,831358.0
2017-08-28,1293.5,1311.300048828125,1293.5,1309.699951171875,145.0,63.99800109863281,63.99800109863281,63.77000045776367,63.99549865722656,0.0,9907.150390625,9925.75,9882.0,9912.7998046875,159600.0,47.88999938964844,48.20000076293945,46.150001525878906,46.56999969482422,921285.0
2017-08-29,1318.800048828125,1323.800048828125,1313.0999755859375,1313.0999755859375,1178.0,63.89799880981445,64.02799987792969,63.79130172729492,63.78929901123047,0.0,9886.400390625,9887.349609375,9783.75,9796.0498046875,173300.0,46.86000061035156,46.959999084472656,45.7599983215332,46.439998626708984,895643.0
2017-08-30,1308.199951171875,1312.5,1304.9000244140625,1308.0999755859375,1178.0,64.00550079345703,64.01000213623047,63.87300109863281,63.98680114746094,0.0,9859.5,9909.4501953125,9850.7998046875,9884.400390625,157800.0,46.310001373291016,46.720001220703125,45.84000015258789,45.959999084472656,895643.0
2017-08-31,1306.5999755859375,1322.300048828125,1301.699951171875,1316.199951171875,373.0,63.980499267578125,64.11000061035156,63.88800048828125,63.976200103759766,0.0,9905.7001953125,9925.099609375,9856.9501953125,9917.900390625,327700.0,45.95000076293945,47.470001220703125,45.58000183105469,47.22999954223633,882983.0
2017-09-01,1320.199951171875,1327.699951171875,1316.9000244140625,1324.5,313.0,63.925498962402344,64.04399871826172,63.83000183105469,63.91189956665039,0.0,9937.650390625,9983.4501953125,9909.849609375,9974.400390625,157800.0,47.08000183105469,47.349998474121094,46.560001373291016,47.290000915527344,915708.0
2017-09-05,1335.199951171875,1339.199951171875,1328.5999755859375,1339.199951171875,39.0,64.03050231933594,64.15299987792969,63.9900016784668,64.02629852294922,0.0,9933.25,9963.099609375,9901.0498046875,9952.2001953125,139200.0,47.279998779296875,48.97999954223633,47.150001525878906,48.65999984741211,742808.0
2017-09-06,1340.0,1340.300048828125,1332.5999755859375,1333.9000244140625,20.0,64.10030364990234,64.2699966430664,64.05750274658203,64.0999984741211,0.0,9899.25,9931.5498046875,9882.5498046875,9916.2001953125,149200.0,48.59000015258789,49.41999816894531,48.52000045776367,49.15999984741211,788963.0
2017-09-07,1336.4000244140625,1349.0,1336.4000244140625,1345.0999755859375,26.0,64.05049896240234,64.05049896240234,63.886199951171875,64.0154037475586,0.0,9945.849609375,9964.849609375,9917.2001953125,9929.900390625,188800.0,49.13999938964844,49.33000183105469,48.630001068115234,49.09000015258789,702514.0
2017-09-08,1351.0,1355.800048828125,1345.5999755859375,1346.0,37.0,64.00800323486328,64.00800323486328,63.77000045776367,63.95009994506836,0.0,9958.650390625,9963.599609375,9913.2998046875,9934.7998046875,163600.0,49.09000015258789,49.2599983215332,47.27000045776367,47.47999954223633,843760.0
2017-09-11,1331.0,1331.0,1327.300048828125,1331.0,9.0,63.77799987792969,64.01000213623047,63.775001525878906,63.930999755859375,0.0,9971.75,10028.650390625,9968.7998046875,10006.0498046875,173000.0,47.58000183105469,48.27000045776367,47.0,48.06999969482422,774468.0
2017-09-12,1327.0,1328.0,1325.199951171875,1328.0,15.0,63.925498962402344,64.05999755859375,63.91999816894531,63.97999954223633,0.0,10056.849609375,10097.5498046875,10028.0498046875,10093.0498046875,182600.0,48.119998931884766,48.439998626708984,47.72999954223633,48.22999954223633,676040.0
2017-09-13,1323.4000244140625,1323.4000244140625,1323.4000244140625,1323.4000244140625,16.0,64.02149963378906,64.1449966430664,63.869998931884766,63.98759841918945,0.0,10099.25,10131.9501953125,10063.150390625,10079.2998046875,215000.0,48.34000015258789,49.400001525878906,48.119998931884766,49.29999923706055,706925.0
2017-09-14,1319.5999755859375,1329.300048828125,1319.5999755859375,1324.699951171875,316.0,64.00299835205078,64.29000091552734,64.00299835205078,64.11509704589844,0.0,10107.400390625,10126.5,10070.349609375,10086.599609375,225600.0,49.310001373291016,50.5,49.150001525878906,49.88999938964844,709035.0
2017-09-15,1320.5999755859375,1321.199951171875,1319.800048828125,1320.4000244140625,15.0,64.11250305175781,64.16000366210938,64.04000091552734,64.15499877929688,0.0,10062.349609375,10115.150390625,10043.650390625,10085.400390625,266600.0,49.720001220703125,50.130001068115234,49.40999984741211,49.88999938964844,433597.0
2017-09-18,1309.800048828125,1310.4000244140625,1306.0,1306.300048828125,129.0,64.10050201416016,64.19000244140625,64.0,64.12020111083984,0.0,10133.099609375,10171.7001953125,10131.2998046875,10153.099609375,156100.0,49.849998474121094,50.33000183105469,49.189998626708984,49.90999984741211,189605.0
2017-09-19,1307.9000244140625,1310.300048828125,1305.0999755859375,1306.199951171875,20.0,64.21499633789062,64.3499984741211,64.12300109863281,64.2146987915039,0.0,10175.599609375,10178.9501953125,10129.9501953125,10147.5498046875,187500.0,49.90999984741211,50.41999816894531,49.33000183105469,49.47999954223633,143379.0
2017-09-20,1312.0,1312.0,1298.699951171875,1312.0,12.0,64.29049682617188,64.44000244140625,64.22000122070312,64.29869842529297,0.0,10160.9501953125,10171.0498046875,10134.2001953125,10141.150390625,199400.0,49.84000015258789,50.650001525878906,49.75,50.40999984741211,754413.0
2017-09-21,1299.0999755859375,1304.0999755859375,1290.300048828125,1290.5999755859375,336.0,64.28350067138672,65.05999755859375,64.28350067138672,64.28369903564453,0.0,10139.599609375,10158.900390625,10058.599609375,10121.900390625,191800.0,50.720001220703125,50.810001373291016,50.06999969482422,50.54999923706055,580569.0
2017-09-22,1295.0,1295.699951171875,1293.300048828125,1293.300048828125,209.0,64.80049896240234,65.19999694824219,64.76799774169922,64.80229949951172,0.0,10094.349609375,10095.0498046875,9952.7998046875,9964.400390625,226600.0,50.72999954223633,50.779998779296875,50.290000915527344,50.65999984741211,473795.0
2017-09-25,1293.0999755859375,1309.199951171875,1291.0,1306.800048828125,51.0,64.78800201416016,65.27999877929688,64.7300033569336,64.89099884033203,0.0,9960.099609375,9960.5,9816.0498046875,9872.599609375,221400.0,50.68000030517578,52.279998779296875,50.38999938964844,52.220001220703125,701244.0
2017-09-26,1304.5,1305.5999755859375,1297.0,1297.0,39.0,65.26499938964844,65.50669860839844,65.06999969482422,65.26509857177734,0.0,9875.25,9891.349609375,9813.0,9871.5,190900.0,52.119998931884766,52.43000030517578,51.43000030517578,51.880001068115234,709515.0
2017-09-27,1283.4000244140625,1283.4000244140625,1283.4000244140625,1283.4000244140625,19488.0,65.45050048828125,65.77999877929688,65.33499908447266,65.3499984741211,0.0,9920.599609375,9921.0498046875,9714.400390625,9735.75,200100.0,52.09000015258789,52.34000015258789,51.630001068115234,52.13999938964844,637035.0
2017-09-28,1283.0999755859375,1288.0,1277.0,1285.5,5226.0,65.5250015258789,65.88999938964844,65.37999725341797,65.5250015258789,0.0,9736.400390625,9789.2001953125,9687.5498046875,9768.9501953125,385000.0,52.04999923706055,52.86000061035156,51.220001220703125,51.560001373291016,801816.0
2017-09-29,1284.199951171875,1289.4000244140625,1281.5,1281.5,492.0,65.46299743652344,65.4749984741211,65.23999786376953,65.36000061035156,0.0,9814.2998046875,9854.0,9775.349609375,9788.599609375,196300.0,51.58000183105469,51.77000045776367,51.25,51.66999816894531,551982.0
2017-10-03,1269.699951171875,1273.300048828125,1268.5999755859375,1271.5,192.0,65.3030014038086,65.68000030517578,65.3030014038086,65.57170104980469,0.0,9893.2998046875,9895.400390625,9831.0498046875,9859.5,162800.0,50.59000015258789,50.72999954223633,50.13999938964844,50.41999816894531,462735.0
2017-10-04,1273.800048828125,1280.800048828125,1270.0,1273.699951171875,218.0,65.47550201416016,65.47550201416016,64.94999694824219,65.44309997558594,0.0,9884.349609375,9938.2998046875,9850.650390625,9914.900390625,156200.0,50.15999984741211,50.66999816894531,49.7599983215332,49.97999954223633,598836.0
2017-10-05,1277.800048828125,1277.800048828125,1267.5999755859375,1269.9000244140625,36.0,65.02050018310547,65.22000122070312,64.97000122070312,65.01950073242188,0.0,9927.0,9945.9501953125,9881.849609375,9888.7001953125,147800.0,49.880001068115234,51.220001220703125,49.849998474121094,50.790000915527344,654385.0
2017-10-06,1267.5999755859375,1272.0,1260.5,1271.5999755859375,46.0,65.20500183105469,65.57949829101562,65.11499786376953,65.20999908447266,0.0,9908.150390625,9989.349609375,9906.599609375,9979.7001953125,195800.0,50.75,50.81999969482422,49.099998474121094,49.290000915527344,743114.0
2017-10-09,1280.5999755859375,1284.0,1279.0,1281.800048828125,19.0,65.3905029296875,65.44999694824219,65.27300262451172,65.41419982910156,0.0,9988.2001953125,10015.75,9959.4501953125,9988.75,143900.0,49.25,49.790000915527344,49.130001068115234,49.58000183105469,505079.0
2017-10-10,1282.5999755859375,1293.0,1281.699951171875,1290.5999755859375,18.0,65.41500091552734,65.41999816894531,65.12000274658203,65.41459655761719,0.0,10013.7001953125,10034.0,10002.2998046875,10016.9501953125,148600.0,49.54999923706055,51.060001373291016,49.540000915527344,50.91999816894531,664839.0
2017-10-11,1287.300048828125,1292.0,1284.9000244140625,1285.800048828125,21.0,65.25029754638672,65.31999969482422,65.125,65.23889923095703,0.0,10042.599609375,10067.25,9955.7998046875,9984.7998046875,189700.0,50.939998626708984,51.41999816894531,50.61000061035156,51.29999923706055,651948.0
2017-10-12,1291.5,1294.5,1289.300048828125,1293.300048828125,14.0,65.15049743652344,65.24500274658203,64.98999786376953,65.20539855957031,0.0,10011.2001953125,10104.4501953125,9977.099609375,10096.400390625,200900.0,51.0,51.130001068115234,50.150001525878906,50.599998474121094,729273.0
2017-10-13,1293.300048828125,1301.699951171875,1291.699951171875,1301.5,74.0,65.05049896240234,65.05049896240234,64.6500015258789,65.0459976196289,0.0,10123.7001953125,10191.900390625,10120.099609375,10167.4501953125,230100.0,50.72999954223633,51.720001220703125,50.70000076293945,51.45000076293945,667497.0
2017-10-16,1302.0,1303.800048828125,1291.9000244140625,1299.9000244140625,173.0,64.69000244140625,64.76499938964844,64.66500091552734,64.6729965209961,0.0,10207.400390625,10242.9501953125,10175.099609375,10230.849609375,203000.0,51.43000030517578,52.369998931884766,51.349998474121094,51.869998931884766,520725.0
2017-10-17,1295.0999755859375,1295.0999755859375,1283.0,1283.0,571.0,64.69000244140625,65.04000091552734,64.69000244140625,64.6946029663086,0.0,10227.650390625,10251.849609375,10212.599609375,10234.4501953125,195700.0,51.93000030517578,52.25,51.209999084472656,51.880001068115234,471612.0
2017-10-18,1279.9000244140625,1279.9000244140625,1279.9000244140625,1279.9000244140625,163.0,65.02300262451172,65.15299987792969,64.8949966430664,64.92870330810547,0.0,10209.400390625,10236.4501953125,10175.75,10210.849609375,254200.0,51.939998626708984,52.33000183105469,51.689998626708984,52.040000915527344,152620.0
2017-10-19,1286.4000244140625,1286.9000244140625,1285.0999755859375,1286.9000244140625,134.0,65.04550170898438,65.11499786376953,64.94000244140625,65.04010009765625,0.0,10210.349609375,10211.9501953125,10123.349609375,10146.5498046875,30200.0,52.04999923706055,52.16999816894531,51.06999969482422,51.290000915527344,127413.0
2017-10-23,1274.699951171875,1280.800048828125,1271.5,1277.699951171875,115.0,65.03299713134766,65.08999633789062,64.98300170898438,65.1041030883789,0.0,10176.650390625,10224.150390625,10124.5,10184.849609375,218100.0,52.06999969482422,52.29999923706055,51.68000030517578,51.900001525878906,583563.0
2017-10-24,1275.5,1275.5,1273.699951171875,1275.0,111.0,65.01249694824219,65.23999786376953,64.89299774169922,65.03489685058594,0.0,10218.5498046875,10237.75,10182.400390625,10207.7001953125,217200.0,51.88999938964844,52.619998931884766,51.54999923706055,52.470001220703125,709553.0
2017-10-25,1269.9000244140625,1275.4000244140625,1269.9000244140625,1275.4000244140625,105.0,65.07949829101562,65.20500183105469,64.75499725341797,65.07949829101562,0.0,10321.150390625,10340.5498046875,10240.900390625,10295.349609375,594200.0,52.560001373291016,52.56999969482422,51.88999938964844,52.18000030517578,681739.0
2017-10-26,1273.5,1273.5,1264.699951171875,1266.300048828125,39.0,64.91799926757812,64.91999816894531,64.70999908447266,64.83999633789062,0.0,10291.7998046875,10355.650390625,10271.849609375,10343.7998046875,429700.0,52.189998626708984,52.86000061035156,51.90999984741211,52.63999938964844,594647.0
2017-10-27,1268.4000244140625,1268.5,1267.0999755859375,1268.5,567.0,64.83200073242188,65.16500091552734,64.5999984741211,64.5999984741211,0.0,10362.2998046875,10366.150390625,10311.2998046875,10323.0498046875,312700.0,52.79999923706055,54.20000076293945,52.25,53.900001525878906,730915.0
2017-10-30,1270.0,1274.0999755859375,1267.9000244140625,1274.0999755859375,222.0,64.87339782714844,65.02999877929688,64.79000091552734,64.87339782714844,0.0,10353.849609375,10384.5,10344.2998046875,10363.650390625,236900.0,54.15999984741211,54.459999084472656,53.75,54.150001525878906,565043.0
2017-10-31,1273.0999755859375,1274.5999755859375,1266.0999755859375,1267.0,235.0,64.84130096435547,64.86000061035156,64.70999908447266,64.84239959716797,0.0,10364.900390625,10367.7001953125,10323.9501953125,10335.2998046875,232600.0,54.08000183105469,54.849998474121094,53.93000030517578,54.380001068115234,497295.0
2017-11-01,1272.199951171875,1274.800048828125,1270.300048828125,1274.0999755859375,78.0,64.67009735107422,64.74299621582031,64.45999908447266,64.67009735107422,0.0,10390.349609375,10451.650390625,10383.0498046875,10440.5,260300.0,54.650001525878906,55.220001220703125,53.88999938964844,54.29999923706055,671038.0
2017-11-02,1274.9000244140625,1274.9000244140625,1274.9000244140625,1274.9000244140625,70.0,64.55500030517578,64.66799926757812,64.45999908447266,64.55509948730469,0.0,10440.5,10453.0,10412.5498046875,10423.7998046875,201500.0,54.279998779296875,54.84000015258789,53.9900016784668,54.540000915527344,482846.0
2017-11-03,1265.300048828125,1267.9000244140625,1265.300048828125,1266.5,75.0,64.50019836425781,64.6906967163086,64.38999938964844,64.50050354003906,0.0,10461.5498046875,10461.7001953125,10403.599609375,10452.5,199900.0,54.72999954223633,55.7599983215332,54.400001525878906,55.63999938964844,614159.0
2017-11-06,1269.0,1280.5,1269.0,1279.4000244140625,128.0,64.69339752197266,64.73999786376953,64.55999755859375,64.69339752197266,0.0,10431.75,10490.4501953125,10413.75,10451.7998046875,193600.0,55.970001220703125,57.61000061035156,55.65999984741211,57.349998474121094,861713.0
2017-11-07,1276.800048828125,1276.800048828125,1270.4000244140625,1273.699951171875,11.0,64.59089660644531,65.16999816894531,64.5824966430664,64.59089660644531,0.0,10477.150390625,10485.75,10340.7998046875,10350.150390625,286900.0,57.27000045776367,57.689998626708984,56.83000183105469,57.20000076293945,750187.0
2017-11-08,1275.9000244140625,1284.9000244140625,1274.699951171875,1281.5999755859375,15.0,65.16500091552734,65.18000030517578,64.87999725341797,65.16449737548828,0.0,10361.9501953125,10384.25,10285.5,10303.150390625,274500.0,56.959999084472656,57.91999816894531,56.40999984741211,56.810001373291016,919147.0
2017-11-09,1279.699951171875,1286.9000244140625,1279.699951171875,1285.5999755859375,18.0,64.9104995727539,65.09500122070312,64.83999633789062,64.9104995727539,0.0,10358.650390625,10368.4501953125,10266.9501953125,10308.9501953125,240200.0,56.849998474121094,57.529998779296875,56.689998626708984,57.16999816894531,666949.0
2017-11-10,1283.5,1283.5,1272.4000244140625,1272.4000244140625,10.0,64.96800231933594,65.37000274658203,64.95999908447266,64.96800231933594,0.0,10304.349609375,10344.9501953125,10254.099609375,10321.75,279400.0,57.02000045776367,57.349998474121094,56.54999923706055,56.7400016784668,541296.0
2017-11-13,1277.300048828125,1277.300048828125,1277.0,1277.300048828125,3.0,65.1603012084961,65.54000091552734,65.1449966430664,65.1603012084961,0.0,10322.0,10334.150390625,10216.25,10224.9501953125,210300.0,56.900001525878906,57.150001525878906,56.29999923706055,56.7599983215332,631619.0
2017-11-14,1276.9000244140625,1281.5,1276.9000244140625,1281.5,4.0,65.43840026855469,65.58000183105469,65.29499816894531,65.43840026855469,0.0,10223.400390625,10248.0,10175.5498046875,10186.599609375,305000.0,56.720001220703125,56.77000045776367,54.810001373291016,55.70000076293945,707338.0
2017-11-15,1281.4000244140625,1284.699951171875,1275.9000244140625,1276.5,13.0,65.41329956054688,65.46499633789062,65.1500015258789,65.41339874267578,0.0,10171.9501953125,10175.4501953125,10094.0,10118.0498046875,207400.0,55.060001373291016,55.560001373291016,54.880001068115234,55.33000183105469,501385.0
2017-11-17,1288.300048828125,1295.800048828125,1288.300048828125,1295.800048828125,1.0,65.20999908447266,65.28800201416016,64.68000030517578,65.20999908447266,0.0,10324.5498046875,10343.599609375,10268.0498046875,10283.599609375,203300.0,55.25,56.68000030517578,55.18000030517578,56.54999923706055,184944.0
2017-11-20,1274.5999755859375,1275.9000244140625,1274.5999755859375,1274.5999755859375,1.0,64.90499877929688,65.12000274658203,64.90499877929688,64.90499877929688,0.0,10287.2001953125,10309.849609375,10261.5,10298.75,147200.0,56.689998626708984,56.7599983215332,55.56999969482422,56.09000015258789,593241.0
2017-11-21,1281.0999755859375,1281.0999755859375,1281.0999755859375,1281.0999755859375,4.0,65.0250015258789,65.14700317382812,64.80500030517578,65.0250015258789,0.0,10329.25,10358.7001953125,10315.0498046875,10326.900390625,186100.0,56.380001068115234,57.220001220703125,56.31999969482422,56.83000183105469,619066.0
2017-11-22,1284.699951171875,1291.5999755859375,1282.9000244140625,1291.5999755859375,4.0,64.760498046875,64.94999694824219,64.69000244140625,64.76129913330078,0.0,10350.7998046875,10368.7001953125,10309.5498046875,10342.2998046875,157600.0,57.119998931884766,58.150001525878906,57.029998779296875,58.02000045776367,837411.0
2017-11-24,1286.699951171875,1286.699951171875,1286.699951171875,1286.699951171875,0.0,64.57969665527344,64.76000213623047,64.5374984741211,64.57939910888672,0.0,10366.7998046875,10404.5,10362.25,10389.7001953125,129200.0,58.04999923706055,59.04999923706055,57.75,58.95000076293945,577826.0
2017-11-27,1293.800048828125,1293.800048828125,1293.800048828125,1293.800048828125,1.0,64.54499816894531,64.80999755859375,64.34500122070312,64.54499816894531,0.0,10361.0498046875,10407.150390625,10340.2001953125,10399.5498046875,141900.0,58.95000076293945,58.9900016784668,57.54999923706055,58.11000061035156,690078.0
2017-11-28,1294.699951171875,1294.699951171875,1294.699951171875,1294.699951171875,275442.0,64.43389892578125,64.59400177001953,64.31999969482422,64.43389892578125,0.0,10387.900390625,10409.5498046875,10355.2001953125,10370.25,196000.0,57.86000061035156,58.11000061035156,57.41999816894531,57.9900016784668,546526.0
2017-11-29,1293.4000244140625,1296.199951171875,1281.0999755859375,1282.0999755859375,47244.0,64.4302978515625,64.4800033569336,64.2699966430664,64.47000122070312,0.0,10376.650390625,10392.9501953125,10345.900390625,10361.2998046875,152500.0,57.72999954223633,58.29999923706055,56.75,57.29999923706055,741564.0
2017-11-30,1283.0999755859375,1284.5,1269.699951171875,1273.199951171875,3049.0,64.41480255126953,64.66000366210938,64.40499877929688,64.41480255126953,0.0,10332.7001953125,10332.7001953125,10211.25,10226.5498046875,342500.0,57.40999984741211,57.97999954223633,56.81999969482422,57.400001525878906,735128.0
2017-12-01,1274.0999755859375,1288.5999755859375,1271.0,1278.800048828125,823.0,64.49960327148438,64.61000061035156,64.45999908447266,64.49939727783203,0.0,10263.7001953125,10272.7001953125,10108.5498046875,10121.7998046875,143400.0,57.41999816894531,58.880001068115234,57.290000915527344,58.36000061035156,685215.0
2017-12-04,1272.5,1276.0999755859375,1270.300048828125,1274.300048828125,850.0,64.50900268554688,64.62999725341797,64.28500366210938,64.50900268554688,0.0,10175.0498046875,10179.2001953125,10095.7001953125,10127.75,148600.0,58.31999969482422,58.34000015258789,57.349998474121094,57.470001220703125,529965.0
2017-12-05,1275.4000244140625,1275.800048828125,1260.0,1261.5999755859375,1499.0,64.35079956054688,64.45999908447266,64.22000122070312,64.35140228271484,0.0,10118.25,10147.9501953125,10069.099609375,10118.25,155500.0,57.47999954223633,57.91999816894531,57.08000183105469,57.619998931884766,499245.0
2017-12-06,1264.9000244140625,1267.800048828125,1261.5999755859375,1262.800048828125,373.0,64.3573989868164,64.58000183105469,64.3499984741211,64.35690307617188,0.0,10088.7998046875,10104.2001953125,10033.349609375,10044.099609375,166100.0,57.45000076293945,57.56999969482422,55.869998931884766,55.959999084472656,678992.0
2017-12-07,1262.300048828125,1262.4000244140625,1243.9000244140625,1249.800048828125,358.0,64.51519775390625,64.58999633789062,64.4800033569336,64.51519775390625,0.0,10063.4501953125,10182.650390625,10061.900390625,10166.7001953125,166200.0,56.0,56.779998779296875,55.81999969482422,56.689998626708984,557325.0
2017-12-08,1246.300048828125,1249.300048828125,1241.5,1245.199951171875,157.0,64.54119873046875,64.56999969482422,64.36000061035156,64.54239654541016,0.0,10198.4501953125,10270.849609375,10195.25,10265.650390625,200000.0,56.650001525878906,57.790000915527344,56.540000915527344,57.36000061035156,681599.0
2017-12-11,1248.4000244140625,1249.199951171875,1239.9000244140625,1243.699951171875,146.0,64.4729995727539,64.50499725341797,64.30000305175781,64.4729995727539,0.0,10310.5,10329.2001953125,10282.0498046875,10322.25,147400.0,57.25,58.08000183105469,56.90999984741211,57.9900016784668,606724.0
2017-12-12,1241.300048828125,1244.4000244140625,1236.5,1238.5,692.0,64.34500122070312,64.55999755859375,64.34500122070312,64.3499984741211,0.0,10324.900390625,10326.099609375,10230.2001953125,10240.150390625,175100.0,58.02000045776367,58.560001373291016,56.849998474121094,57.13999938964844,826488.0
2017-12-13,1241.9000244140625,1254.5,1239.800048828125,1245.4000244140625,349.0,64.55000305175781,64.55000305175781,64.3499984741211,64.55000305175781,0.0,10236.599609375,10296.5498046875,10169.849609375,10192.9501953125,181600.0,57.45000076293945,57.83000183105469,56.54999923706055,56.599998474121094,658143.0
2017-12-14,1252.9000244140625,1257.699951171875,1250.300048828125,1253.800048828125,139.0,64.31999969482422,64.4530029296875,64.16500091552734,64.31999969482422,0.0,10229.2998046875,10276.099609375,10141.5498046875,10252.099609375,154300.0,56.70000076293945,57.220001220703125,56.09000015258789,57.040000915527344,580571.0
2017-12-15,1253.0999755859375,1260.300048828125,1253.0999755859375,1254.300048828125,578.0,64.27649688720703,64.27670288085938,64.01000213623047,64.2750015258789,0.0,10345.650390625,10373.099609375,10319.650390625,10333.25,255100.0,57.150001525878906,57.4900016784668,56.939998626708984,57.29999923706055,210054.0
2017-12-18,1256.199951171875,1262.4000244140625,1255.699951171875,1262.199951171875,45.0,64.07230377197266,64.69000244140625,64.0,64.07230377197266,0.0,10263.099609375,10443.5498046875,10074.7998046875,10388.75,230400.0,57.369998931884766,57.779998779296875,56.81999969482422,57.15999984741211,137151.0
2017-12-19,1261.0999755859375,1264.300048828125,1259.5,1260.699951171875,329.0,64.12999725341797,64.2500991821289,63.91999816894531,64.20010375976562,0.0,10414.7998046875,10472.2001953125,10406.0,10463.2001953125,169100.0,57.29999923706055,57.63999938964844,57.15999984741211,57.459999084472656,420784.0
2017-12-20,1261.300048828125,1266.5999755859375,1261.300048828125,1266.0999755859375,63.0,64.04740142822266,64.1050033569336,63.96500015258789,64.04759979248047,0.0,10494.400390625,10494.4501953125,10437.150390625,10444.2001953125,175200.0,57.65999984741211,58.119998931884766,57.439998626708984,58.09000015258789,420844.0
2017-12-21,1266.4000244140625,1267.4000244140625,1264.300048828125,1267.300048828125,226.0,63.96500015258789,64.11799621582031,63.96500015258789,63.96500015258789,0.0,10473.9501953125,10473.9501953125,10426.900390625,10440.2998046875,151900.0,58.02000045776367,58.380001068115234,57.630001068115234,58.36000061035156,405320.0
2017-12-22,1266.300048828125,1276.300048828125,1266.300048828125,1275.4000244140625,119.0,63.97999954223633,64.06999969482422,63.91999816894531,64.00969696044922,0.0,10457.2998046875,10501.099609375,10448.25,10493.0,138800.0,58.209999084472656,58.5,57.869998931884766,58.470001220703125,324554.0
2017-12-26,1282.4000244140625,1284.0999755859375,1281.800048828125,1284.0999755859375,84.0,64.010498046875,64.10800170898438,63.880001068115234,64.010498046875,0.0,10512.2998046875,10545.4501953125,10477.9501953125,10531.5,155600.0,58.400001525878906,60.0099983215332,58.31999969482422,59.970001220703125,437785.0
2017-12-27,1284.0,1287.0,1284.0,1287.0,456.0,64.0271987915039,64.16300201416016,64.0199966430664,64.0281982421875,0.0,10531.0498046875,10552.400390625,10469.25,10490.75,165200.0,59.790000915527344,59.93000030517578,59.33000183105469,59.63999938964844,402396.0
2017-12-28,1288.199951171875,1294.0999755859375,1288.199951171875,1294.0999755859375,245.0,64.1146011352539,64.25,63.97999954223633,64.11499786376953,0.0,10498.2001953125,10534.5498046875,10460.4501953125,10477.900390625,272900.0,59.529998779296875,59.939998626708984,59.439998626708984,59.84000015258789,345962.0
2017-12-29,1294.199951171875,1306.300048828125,1294.0,1306.300048828125,65.0,64.05500030517578,64.07499694824219,63.790000915527344,64.06199645996094,0.0,10492.349609375,10538.7001953125,10488.650390625,10530.7001953125,152000.0,59.90999984741211,60.5099983215332,59.81999969482422,60.41999816894531,464478.0
2018-01-02,1302.300048828125,1317.5999755859375,1302.300048828125,1313.699951171875,68.0,63.86759948730469,63.86759948730469,63.41999816894531,63.86759948730469,0.0,10477.5498046875,10495.2001953125,10404.650390625,10442.2001953125,153400.0,60.20000076293945,60.7400016784668,60.099998474121094,60.369998931884766,510313.0
2018-01-03,1320.0,1320.0999755859375,1312.0999755859375,1316.199951171875,42.0,63.380001068115234,63.58000183105469,63.380001068115234,63.459999084472656,0.0,10482.650390625,10503.599609375,10429.5498046875,10443.2001953125,167300.0,60.38999938964844,61.970001220703125,60.279998779296875,61.630001068115234,673859.0
2018-01-04,1319.4000244140625,1322.0,1319.4000244140625,1319.4000244140625,2.0,63.41910171508789,63.59000015258789,63.33000183105469,63.41910171508789,0.0,10469.400390625,10513.0,10441.4501953125,10504.7998046875,174900.0,61.959999084472656,62.209999084472656,61.59000015258789,62.0099983215332,654363.0
2018-01-05,1320.300048828125,1320.300048828125,1320.300048828125,1320.300048828125,1.0,63.369598388671875,63.41999816894531,63.209999084472656,63.369598388671875,0.0,10534.25,10566.099609375,10520.099609375,10558.849609375,180900.0,61.900001525878906,62.040000915527344,61.09000015258789,61.439998626708984,563036.0
2018-01-08,1319.9000244140625,1319.9000244140625,1314.5999755859375,1318.5999755859375,41.0,63.26499938964844,63.529998779296875,63.22999954223633,63.26499938964844,0.0,10591.7001953125,10631.2001953125,10588.5498046875,10623.599609375,169000.0,61.61000061035156,61.970001220703125,61.34000015258789,61.72999954223633,616474.0
2018-01-09,1309.5999755859375,1311.699951171875,1309.5999755859375,1311.699951171875,16.0,63.45180130004883,63.72999954223633,63.41999816894531,63.45199966430664,0.0,10645.099609375,10659.150390625,10603.599609375,10637.0,205000.0,61.91999816894531,63.47999954223633,61.79999923706055,62.959999084472656,844720.0
2018-01-10,1320.300048828125,1320.699951171875,1315.300048828125,1317.4000244140625,70.0,63.63560104370117,63.84000015258789,63.56800079345703,63.63610076904297,0.0,10652.0498046875,10655.5,10592.7001953125,10632.2001953125,176400.0,63.40999984741211,63.66999816894531,63.09000015258789,63.56999969482422,697844.0
2018-01-11,1317.0999755859375,1320.5999755859375,1316.300048828125,1320.5999755859375,9.0,63.7599983215332,63.84000015258789,63.6349983215332,63.7599983215332,0.0,10637.0498046875,10664.599609375,10612.349609375,10651.2001953125,153800.0,63.5,64.7699966430664,63.43000030517578,63.79999923706055,876642.0
2018-01-12,1327.800048828125,1338.199951171875,1327.800048828125,1333.4000244140625,14.0,63.67210006713867,63.720001220703125,63.47800064086914,63.67210006713867,0.0,10682.5498046875,10690.400390625,10597.099609375,10681.25,175200.0,63.56999969482422,64.5,63.060001373291016,64.30000305175781,678727.0
2018-01-16,1331.0999755859375,1335.4000244140625,1331.0,1335.4000244140625,13.0,63.52220153808594,64.12999725341797,63.50550079345703,63.52119827270508,0.0,10761.5,10762.349609375,10687.849609375,10700.4501953125,211000.0,64.43000030517578,64.88999938964844,63.38999938964844,63.72999954223633,867771.0
2018-01-17,1334.4000244140625,1338.0,1326.800048828125,1338.0,27.0,63.994300842285156,64.08499908447266,63.77000045776367,63.994300842285156,0.0,10702.4501953125,10803.0,10666.75,10788.5498046875,252700.0,63.88999938964844,64.16999816894531,63.310001373291016,63.970001220703125,444384.0
2018-01-18,1328.9000244140625,1328.9000244140625,1326.0,1326.0,211.0,63.82500076293945,63.95000076293945,63.7599983215332,63.82500076293945,0.0,10873.400390625,10887.5,10782.400390625,10817.0,312000.0,64.06999969482422,64.3499984741211,63.470001220703125,63.95000076293945,204504.0
2018-01-19,1330.0999755859375,1333.0,1330.0999755859375,1331.9000244140625,50.0,63.86759948730469,63.880001068115234,63.625,63.86759948730469,0.0,10829.2001953125,10906.849609375,10793.900390625,10894.7001953125,207600.0,63.7400016784668,63.77000045776367,62.849998474121094,63.369998931884766,142711.0
2018-01-22,1328.4000244140625,1330.9000244140625,1328.4000244140625,1330.9000244140625,162.0,63.83209991455078,63.9900016784668,63.720001220703125,63.83209991455078,0.0,10883.2001953125,10975.099609375,10881.400390625,10966.2001953125,231600.0,63.61000061035156,64.13999938964844,63.16999816894531,63.4900016784668,625662.0
2018-01-23,1335.800048828125,1335.9000244140625,1335.699951171875,1335.699951171875,47.0,63.88010025024414,63.88999938964844,63.7400016784668,63.88010025024414,0.0,10997.400390625,11092.900390625,10994.5498046875,11083.7001953125,284600.0,63.880001068115234,64.87999725341797,63.70000076293945,64.47000122070312,662456.0
2018-01-24,1355.9000244140625,1357.199951171875,1355.9000244140625,1355.9000244140625,18.0,63.75019836425781,63.779998779296875,63.558101654052734,63.7504997253418,0.0,11069.349609375,11110.099609375,11046.150390625,11086.0,283400.0,64.41999816894531,66.05000305175781,64.33999633789062,65.61000061035156,887018.0
2018-01-25,1356.300048828125,1362.4000244140625,1346.699951171875,1362.4000244140625,4.0,63.57789993286133,63.63999938964844,63.400001525878906,63.57789993286133,0.0,11095.599609375,11095.599609375,11009.2001953125,11069.650390625,330300.0,65.87999725341797,66.66000366210938,65.08000183105469,65.51000213623047,771758.0
2018-01-30,1338.699951171875,1347.800048828125,1332.800048828125,1335.4000244140625,52100.0,63.66939926147461,63.81999969482422,63.56999969482422,63.66939926147461,0.0,11120.849609375,11121.099609375,11033.900390625,11049.650390625,228000.0,65.52999877929688,65.55999755859375,63.88999938964844,64.5,688380.0
2018-01-31,1337.5,1346.9000244140625,1331.800048828125,1339.0,4881.0,63.77000045776367,63.77000045776367,63.545799255371094,63.769901275634766,0.0,11018.7998046875,11058.5,10979.2998046875,11027.7001953125,245900.0,64.02999877929688,64.94000244140625,63.66999816894531,64.7300033569336,613258.0
2018-02-01,1343.800048828125,1350.5999755859375,1336.800048828125,1344.300048828125,1680.0,63.665000915527344,64.08000183105469,63.542999267578125,63.665000915527344,0.0,11044.5498046875,11117.349609375,10878.7998046875,11016.900390625,306200.0,64.76000213623047,66.25,64.62999725341797,65.80000305175781,685750.0
2018-02-02,1348.5,1352.0999755859375,1327.699951171875,1333.699951171875,2841.0,63.974998474121094,64.23500061035156,63.72999954223633,63.974998474121094,0.0,10938.2001953125,10954.9501953125,10736.099609375,10760.599609375,282700.0,65.98999786376953,66.30000305175781,64.47000122070312,65.44999694824219,857572.0
2018-02-05,1331.0999755859375,1340.199951171875,1329.0,1333.0,641.0,64.13249969482422,64.2300033569336,64.00499725341797,64.13249969482422,0.0,10604.2998046875,10702.75,10586.7998046875,10666.5498046875,240100.0,65.0999984741211,65.4000015258789,63.41999816894531,64.1500015258789,891063.0
2018-02-06,1338.199951171875,1343.699951171875,1319.5,1326.0999755859375,529.0,64.314697265625,64.46499633789062,64.05989837646484,64.314697265625,0.0,10295.150390625,10594.150390625,10276.2998046875,10498.25,266500.0,63.43000030517578,64.29000091552734,63.119998931884766,63.38999938964844,797814.0
2018-02-07,1325.4000244140625,1331.0999755859375,1310.5,1311.5999755859375,491.0,63.97999954223633,64.30999755859375,63.97999954223633,63.97999954223633,0.0,10607.2001953125,10614.0,10446.400390625,10476.7001953125,250400.0,63.91999816894531,64.18000030517578,61.25,61.790000915527344,1029408.0
2018-02-08,1317.0999755859375,1321.0999755859375,1307.0,1316.9000244140625,459.0,64.19999694824219,64.4800033569336,64.1500015258789,64.19999694824219,0.0,10518.5,10637.7998046875,10479.5498046875,10576.849609375,232200.0,61.70000076293945,62.09000015258789,60.27000045776367,61.150001525878906,929578.0
2018-02-09,1320.9000244140625,1322.0,1311.9000244140625,1313.0999755859375,451.0,64.43990325927734,64.4749984741211,64.26000213623047,64.44049835205078,0.0,10416.5,10480.2001953125,10398.2001953125,10454.9501953125,191600.0,60.43000030517578,60.77000045776367,58.06999969482422,59.20000076293945,933307.0
2018-02-12,1323.800048828125,1325.5,1318.0,1324.199951171875,140.0,64.2113037109375,64.36499786376953,64.21119689941406,64.2113037109375,0.0,10518.2001953125,10555.5,10485.400390625,10539.75,217400.0,59.119998931884766,60.83000183105469,59.099998474121094,59.290000915527344,736917.0
2018-02-14,1332.800048828125,1355.5,1324.0,1355.5,400.0,64.24980163574219,64.27999877929688,64.02999877929688,64.2500991821289,0.0,10585.75,10590.5498046875,10456.650390625,10500.900390625,229200.0,58.97999954223633,60.900001525878906,58.20000076293945,60.599998474121094,650324.0
2018-02-15,1352.0,1355.9000244140625,1349.699951171875,1352.0999755859375,111.0,64.02519989013672,64.09300231933594,63.86000061035156,64.02519989013672,0.0,10537.900390625,10618.099609375,10511.0498046875,10545.5,210600.0,60.709999084472656,61.63999938964844,59.720001220703125,61.34000015258789,340401.0
2018-02-16,1354.0,1361.4000244140625,1344.9000244140625,1353.199951171875,110.0,63.890899658203125,64.43000030517578,63.8129997253418,63.890899658203125,0.0,10596.2001953125,10612.900390625,10434.0498046875,10452.2998046875,184300.0,61.45000076293945,61.9900016784668,60.880001068115234,61.68000030517578,181179.0
2018-02-20,1348.4000244140625,1350.199951171875,1328.5,1328.800048828125,283.0,64.50499725341797,64.94000244140625,64.40799713134766,64.50499725341797,0.0,10391.0,10429.349609375,10347.650390625,10360.400390625,187700.0,61.630001068115234,62.7400016784668,61.58000183105469,61.900001525878906,794481.0
2018-02-21,1326.800048828125,1331.5,1324.4000244140625,1330.0,119.0,64.86499786376953,64.94999694824219,64.72799682617188,64.86499786376953,0.0,10426.0,10426.099609375,10349.599609375,10397.4501953125,234100.0,61.630001068115234,61.86000061035156,60.91999816894531,61.68000030517578,466924.0
2018-02-22,1322.0,1331.4000244140625,1322.0,1330.5999755859375,70.0,64.8949966430664,65.11000061035156,64.87000274658203,64.8949966430664,0.0,10354.349609375,10397.5498046875,10340.650390625,10382.7001953125,313600.0,61.34000015258789,63.09000015258789,60.75,62.77000045776367,592603.0
2018-02-23,1328.0,1332.0999755859375,1327.699951171875,1328.199951171875,427.0,64.95140075683594,64.97000122070312,64.68299865722656,64.95140075683594,0.0,10408.099609375,10499.099609375,10396.650390625,10491.0498046875,210600.0,62.599998474121094,63.72999954223633,62.33000183105469,63.54999923706055,460597.0
2018-02-26,1335.0,1340.5,1330.699951171875,1330.699951171875,652.0,64.88999938964844,65.02999877929688,64.62999725341797,64.7030029296875,0.0,10526.5498046875,10592.9501953125,10520.2001953125,10582.599609375,171900.0,63.599998474121094,64.23999786376953,63.060001373291016,63.90999984741211,469853.0
2018-02-27,1331.699951171875,1332.5999755859375,1312.699951171875,1315.5,710.0,64.78119659423828,65.2300033569336,64.72000122070312,64.78040313720703,0.0,10615.2001953125,10631.650390625,10537.25,10554.2998046875,187500.0,64.05999755859375,64.08000183105469,62.63999938964844,63.0099983215332,562670.0
2018-02-28,1315.4000244140625,1321.0,1315.4000244140625,1315.5,58.0,64.91000366210938,65.5999984741211,64.91000366210938,64.91000366210938,0.0,10488.9501953125,10535.5,10461.5498046875,10492.849609375,286000.0,62.790000915527344,63.439998626708984,61.36000061035156,61.63999938964844,768409.0
2018-03-01,1310.4000244140625,1318.0999755859375,1301.800048828125,1302.9000244140625,43.0,65.23999786376953,65.33999633789062,65.11000061035156,65.23999786376953,0.0,10479.9501953125,10525.5,10447.150390625,10458.349609375,176000.0,61.54999923706055,61.83000183105469,60.18000030517578,60.9900016784668,812505.0
2018-03-05,1323.5,1325.9000244140625,1318.0999755859375,1318.0999755859375,18.0,65.18669891357422,65.20999908447266,64.93000030517578,65.18669891357422,0.0,10428.2998046875,10428.7001953125,10323.900390625,10358.849609375,194000.0,61.54999923706055,62.790000915527344,61.099998474121094,62.56999969482422,599266.0
2018-03-06,1321.5999755859375,1333.5999755859375,1321.4000244140625,1333.5999755859375,18.0,65.0031967163086,65.10800170898438,64.79499816894531,65.00370025634766,0.0,10420.5,10441.349609375,10215.900390625,10249.25,222900.0,62.58000183105469,63.279998779296875,62.16999816894531,62.599998474121094,634953.0
2018-03-07,1338.0999755859375,1338.0999755859375,1326.0,1326.0,27.0,64.88999938964844,65.0,64.8499984741211,64.88999938964844,0.0,10232.9501953125,10243.349609375,10141.5498046875,10154.2001953125,249500.0,62.29999923706055,62.58000183105469,60.58000183105469,61.150001525878906,879119.0
2018-03-08,1324.800048828125,1326.800048828125,1319.300048828125,1319.9000244140625,62.0,64.89119720458984,65.4000015258789,64.87030029296875,64.89119720458984,0.0,10216.25,10270.349609375,10146.400390625,10242.650390625,226400.0,61.33000183105469,61.400001525878906,59.95000076293945,60.119998931884766,720510.0
2018-03-09,1316.800048828125,1322.4000244140625,1313.0,1322.4000244140625,88.0,65.09030151367188,65.20999908447266,64.94000244140625,65.09040069580078,0.0,10271.2998046875,10296.7001953125,10211.900390625,10226.849609375,186500.0,60.27000045776367,62.18000030517578,60.13999938964844,62.040000915527344,659722.0
2018-03-12,1319.4000244140625,1319.4000244140625,1319.4000244140625,1319.4000244140625,0.0,64.96489715576172,65.29000091552734,64.93000030517578,64.96489715576172,0.0,10301.599609375,10433.650390625,10295.4501953125,10421.400390625,216400.0,62.099998474121094,62.33000183105469,60.66999816894531,61.36000061035156,537990.0
2018-03-13,1325.9000244140625,1325.9000244140625,1325.300048828125,1325.9000244140625,13.0,64.94550323486328,65.23999786376953,64.66999816894531,64.94550323486328,0.0,10389.5,10478.599609375,10377.849609375,10426.849609375,266700.0,61.369998931884766,61.970001220703125,60.27000045776367,60.709999084472656,747738.0
2018-03-14,1322.199951171875,1324.4000244140625,1322.199951171875,1324.4000244140625,19.0,64.82730102539062,65.05000305175781,64.75,64.8281021118164,0.0,10393.0498046875,10420.349609375,10336.2998046875,10410.900390625,181400.0,60.869998931884766,61.33000183105469,60.11000061035156,60.959999084472656,665017.0
2018-03-15,1316.800048828125,1316.800048828125,1316.800048828125,1316.800048828125,0.0,64.83419799804688,65.22000122070312,64.7699966430664,64.83679962158203,0.0,10405.4501953125,10420.0,10346.2001953125,10360.150390625,173900.0,60.95000076293945,61.540000915527344,60.81999969482422,61.189998626708984,430201.0
2018-03-16,1310.0999755859375,1311.300048828125,1310.0999755859375,1311.300048828125,34.0,65.01719665527344,65.04000091552734,64.8479995727539,65.01439666748047,0.0,10345.150390625,10346.2998046875,10180.25,10195.150390625,328500.0,61.189998626708984,62.540000915527344,61.08000183105469,62.34000015258789,202493.0
2018-03-19,1309.4000244140625,1316.9000244140625,1307.300048828125,1316.800048828125,6.0,65.06500244140625,65.29499816894531,65.01000213623047,65.06500244140625,0.0,10215.349609375,10224.5498046875,10075.2998046875,10094.25,210200.0,62.22999954223633,62.349998474121094,61.36000061035156,62.060001373291016,115962.0
2018-03-20,1311.0999755859375,1311.0999755859375,1311.0999755859375,1311.0999755859375,4.0,65.21009826660156,65.26000213623047,65.15499877929688,65.21009826660156,0.0,10051.5498046875,10155.650390625,10049.099609375,10124.349609375,203000.0,62.099998474121094,63.810001373291016,62.08000183105469,63.400001525878906,717709.0
2018-03-21,1312.4000244140625,1328.800048828125,1312.4000244140625,1320.699951171875,34.0,65.23259735107422,65.26000213623047,65.17669677734375,65.2323989868164,0.0,10181.9501953125,10227.2998046875,10132.9501953125,10155.25,204800.0,63.720001220703125,65.55000305175781,63.58000183105469,65.16999816894531,763768.0
2018-03-22,1326.5999755859375,1326.5999755859375,1326.5999755859375,1326.5999755859375,0.0,65.06559753417969,65.22000122070312,65.01399993896484,65.06559753417969,0.0,10167.5,10207.849609375,10105.400390625,10114.75,230500.0,65.5,65.73999786376953,64.13999938964844,64.30000305175781,689172.0
2018-03-23,1343.199951171875,1349.300048828125,1343.199951171875,1349.300048828125,8.0,65.16010284423828,65.23999786376953,64.92469787597656,65.16000366210938,0.0,9968.7998046875,10027.7001953125,9951.900390625,9998.0498046875,285700.0,64.27999877929688,66.0,64.11000061035156,65.87999725341797,752994.0
2018-03-26,1348.5,1354.4000244140625,1345.0999755859375,1354.4000244140625,10.0,64.98049926757812,65.02999877929688,64.68000030517578,65.01499938964844,0.0,9989.150390625,10143.5,9958.5498046875,10130.650390625,262600.0,65.9000015258789,66.55000305175781,65.08000183105469,65.55000305175781,585899.0
2018-03-27,1341.0,1341.300048828125,1341.0,1341.300048828125,290889.0,64.81800079345703,65.04000091552734,64.69000244140625,64.69499969482422,0.0,10188.0,10207.900390625,10139.650390625,10184.150390625,225700.0,65.52999877929688,66.41000366210938,64.52999877929688,65.25,670811.0
2018-03-28,1345.0,1346.4000244140625,1322.4000244140625,1324.199951171875,59284.0,64.93550109863281,65.30999755859375,64.80999755859375,64.89550018310547,0.0,10143.599609375,10158.349609375,10096.900390625,10113.7001953125,344400.0,64.69999694824219,65.12999725341797,63.720001220703125,64.37999725341797,697678.0
2018-04-02,1327.0,1344.199951171875,1324.699951171875,1342.0999755859375,649.0,65.10800170898438,65.12000274658203,64.93000030517578,65.10549926757812,0.0,10151.650390625,10220.099609375,10127.75,10211.7998046875,225400.0,64.91000366210938,65.41999816894531,62.79999923706055,63.0099983215332,582742.0
2018-04-03,1340.4000244140625,1341.5,1328.5,1332.800048828125,702.0,65.10800170898438,65.13999938964844,64.97000122070312,65.13999938964844,0.0,10186.849609375,10255.349609375,10171.0498046875,10245.0,205300.0,62.88999938964844,63.86000061035156,62.86000061035156,63.5099983215332,527289.0
2018-04-04,1331.800048828125,1347.300048828125,1331.5999755859375,1335.800048828125,718.0,64.99299621582031,65.19999694824219,64.9000015258789,64.90499877929688,0.0,10274.599609375,10279.849609375,10111.2998046875,10128.400390625,231100.0,63.59000015258789,63.63999938964844,62.060001373291016,63.369998931884766,760596.0
2018-04-05,1333.5,1333.699951171875,1322.5999755859375,1324.300048828125,258.0,65.0354995727539,65.19999694824219,64.83000183105469,64.99500274658203,0.0,10228.4501953125,10331.7998046875,10227.4501953125,10325.150390625,236800.0,63.599998474121094,64.12000274658203,63.06999969482422,63.540000915527344,588597.0
2018-04-06,1326.5,1333.0,1319.0,1331.9000244140625,348.0,64.88050079345703,65.02300262451172,64.81999969482422,64.86150360107422,0.0,10322.75,10350.4501953125,10290.849609375,10331.599609375,200200.0,63.70000076293945,63.790000915527344,61.810001373291016,62.060001373291016,753262.0
2018-04-09,1333.0,1337.5,1327.0,1336.300048828125,290.0,64.92050170898438,65.20999908447266,64.80500030517578,64.90450286865234,0.0,10333.7001953125,10397.7001953125,10328.5,10379.349609375,221600.0,62.0,63.61000061035156,61.93000030517578,63.41999816894531,655831.0
2018-04-10,1335.199951171875,1342.0,1333.0,1342.0,105.0,64.947998046875,65.20999908447266,64.81999969482422,64.87000274658203,0.0,10412.900390625,10424.849609375,10381.5,10402.25,251700.0,63.29999923706055,65.86000061035156,63.20000076293945,65.51000213623047,840280.0
2018-04-11,1340.0999755859375,1365.4000244140625,1340.0999755859375,1356.5,118.0,64.94049835205078,65.41999816894531,64.92500305175781,64.92530059814453,0.0,10428.150390625,10428.150390625,10355.599609375,10417.150390625,250400.0,65.58999633789062,67.44999694824219,65.1500015258789,66.81999969482422,963017.0
2018-04-12,1351.199951171875,1351.5,1334.5999755859375,1338.4000244140625,34.0,65.25299835205078,65.44000244140625,65.18499755859375,65.19000244140625,0.0,10410.650390625,10469.900390625,10395.25,10458.650390625,238600.0,66.75,67.33000183105469,66.0,67.06999969482422,687468.0
2018-04-13,1335.9000244140625,1346.0,1335.9000244140625,1344.800048828125,67.0,65.28050231933594,65.44999694824219,65.1780014038086,65.27570343017578,0.0,10495.2998046875,10519.900390625,10451.4501953125,10480.599609375,213100.0,67.18000030517578,67.76000213623047,66.69999694824219,67.38999938964844,624203.0
2018-04-16,1341.0,1348.800048828125,1341.0,1347.5,60.0,65.24549865722656,65.66999816894531,65.20999908447266,65.19560241699219,0.0,10398.2998046875,10540.150390625,10396.349609375,10528.349609375,195000.0,67.23999786376953,67.73999786376953,66.12999725341797,66.22000122070312,560076.0
2018-04-17,1348.0,1348.0999755859375,1339.0,1347.199951171875,409.0,65.46050262451172,65.93000030517578,65.37999725341797,65.4292984008789,0.0,10557.2998046875,10560.4501953125,10495.650390625,10548.7001953125,206100.0,66.41999816894531,66.75,65.55999755859375,66.5199966430664,486076.0
2018-04-18,1343.5,1354.199951171875,1343.5,1351.199951171875,45.0,65.67050170898438,65.91000366210938,65.56999969482422,65.67500305175781,0.0,10578.900390625,10594.2001953125,10509.7001953125,10526.2001953125,205400.0,66.68000030517578,68.91000366210938,66.55999755859375,68.47000122070312,221664.0
2018-04-19,1348.5999755859375,1355.199951171875,1341.5999755859375,1346.800048828125,387.0,65.71050262451172,66.12999725341797,65.71029663085938,66.01000213623047,0.0,10563.650390625,10572.2001953125,10546.2001953125,10565.2998046875,262600.0,68.75,69.55999755859375,67.9800033569336,68.29000091552734,125993.0
2018-04-20,1342.5,1343.4000244140625,1335.300048828125,1336.699951171875,310.0,65.86299896240234,66.3499984741211,65.86299896240234,66.11479949951172,0.0,10560.349609375,10582.349609375,10527.4501953125,10564.0498046875,244600.0,68.26000213623047,68.62000274658203,67.5,68.37999725341797,724906.0
2018-04-23,1334.0,1334.4000244140625,1322.5,1322.5,68.0,66.20050048828125,66.77999877929688,66.13999938964844,66.1968994140625,0.0,10592.7998046875,10638.349609375,10514.9501953125,10584.7001953125,194200.0,68.22000122070312,69.02999877929688,67.13999938964844,68.63999938964844,740941.0
2018-04-24,1326.4000244140625,1331.699951171875,1326.199951171875,1331.4000244140625,28.0,66.52050018310547,66.5333023071289,66.26000213623047,66.54499816894531,0.0,10578.099609375,10636.7998046875,10569.0,10614.349609375,219200.0,68.94999694824219,69.37999725341797,67.54000091552734,67.69999694824219,832296.0
2018-04-25,1324.0,1325.0,1320.0,1321.199951171875,278.0,66.40049743652344,67.12000274658203,66.37999725341797,66.41410064697266,0.0,10612.400390625,10612.599609375,10536.4501953125,10570.5498046875,189200.0,67.75,68.18000030517578,67.11000061035156,68.05000305175781,764049.0
2018-04-26,1315.699951171875,1316.300048828125,1315.699951171875,1316.300048828125,569.0,66.9103012084961,66.94000244140625,66.65630340576172,66.90769958496094,0.0,10586.5,10628.400390625,10559.650390625,10617.7998046875,335100.0,68.02999877929688,68.77999877929688,67.70999908447266,68.19000244140625,660549.0
2018-04-27,1315.300048828125,1321.699951171875,1312.800048828125,1320.300048828125,622.0,66.7979965209961,67.04000091552734,66.59480285644531,66.9000015258789,0.0,10651.650390625,10719.7998046875,10647.5498046875,10692.2998046875,0.0,68.20999908447266,68.36000061035156,67.63999938964844,68.0999984741211,542549.0
2018-04-30,1309.5999755859375,1316.199951171875,1309.5999755859375,1316.199951171875,49.0,66.6104965209961,66.6104965209961,66.19999694824219,66.61000061035156,0.0,10705.75,10759.0,10704.599609375,10739.349609375,173800.0,68.1500015258789,69.33999633789062,67.16999816894531,68.56999969482422,755186.0
2018-05-02,1309.0,1309.300048828125,1302.5999755859375,1302.5999755859375,23.0,66.4530029296875,67.02999877929688,66.4530029296875,66.7886962890625,0.0,10783.849609375,10784.650390625,10689.7998046875,10718.0498046875,229700.0,67.48999786376953,68.13999938964844,66.91999816894531,67.93000030517578,789367.0
2018-05-03,1310.699951171875,1310.699951171875,1310.699951171875,1310.699951171875,4.0,66.80000305175781,67.04000091552734,66.33000183105469,67.08000183105469,0.0,10720.150390625,10720.599609375,10647.4501953125,10679.650390625,185200.0,67.68000030517578,68.5999984741211,67.20999908447266,68.43000030517578,691219.0
2018-05-04,1312.699951171875,1312.699951171875,1312.699951171875,1312.699951171875,0.0,66.6604995727539,66.93000030517578,66.58000183105469,66.66000366210938,0.0,10700.4501953125,10700.4501953125,10601.599609375,10618.25,186500.0,68.5,69.97000122070312,68.12000274658203,69.72000122070312,690876.0
2018-05-07,1310.5999755859375,1312.5,1310.199951171875,1312.199951171875,4.0,66.81300354003906,67.47000122070312,66.75,66.81050109863281,0.0,10653.150390625,10725.650390625,10635.650390625,10715.5,168400.0,69.8499984741211,70.83999633789062,69.51000213623047,70.7300033569336,758916.0
2018-05-08,1310.0999755859375,1312.0,1308.5,1312.0,337.0,67.13050079345703,67.33000183105469,66.95999908447266,67.1187973022461,0.0,10757.900390625,10758.5498046875,10689.400390625,10717.7998046875,269800.0,70.02999877929688,70.4000015258789,67.62999725341797,69.05999755859375,1253566.0
2018-05-09,1311.300048828125,1311.300048828125,1311.300048828125,1311.300048828125,70.0,67.1603012084961,67.5199966430664,67.16000366210938,67.1624984741211,0.0,10693.349609375,10766.25,10689.849609375,10741.7001953125,215400.0,70.05000305175781,71.36000061035156,69.8499984741211,71.13999938964844,863386.0
2018-05-10,1312.199951171875,1320.800048828125,1312.199951171875,1320.800048828125,8.0,67.34049987792969,67.5999984741211,67.12000274658203,67.62000274658203,0.0,10779.650390625,10785.5498046875,10705.0,10716.5498046875,192100.0,71.2300033569336,71.88999938964844,70.55999755859375,71.36000061035156,749808.0
2018-05-11,1319.0,1319.0,1319.0,1319.0,3.0,67.2354965209961,67.54000091552734,67.06999969482422,67.38999938964844,0.0,10741.9501953125,10812.0498046875,10724.4501953125,10806.5,203100.0,71.44999694824219,71.62999725341797,70.44999694824219,70.69999694824219,634145.0
2018-05-14,1319.9000244140625,1319.9000244140625,1316.5,1316.5,4.0,67.35050201416016,67.76000213623047,67.19000244140625,67.3822021484375,0.0,10815.150390625,10834.849609375,10774.75,10806.599609375,171400.0,70.54000091552734,71.26000213623047,70.26000213623047,70.95999908447266,592826.0
2018-05-15,1304.5999755859375,1304.699951171875,1288.9000244140625,1288.9000244140625,8.0,67.5530014038086,68.31999969482422,67.46800231933594,67.6780014038086,0.0,10812.599609375,10929.2001953125,10781.400390625,10801.849609375,254300.0,71.1500015258789,71.91999816894531,70.41999816894531,71.30999755859375,815289.0
2018-05-16,1290.9000244140625,1294.0,1285.4000244140625,1290.199951171875,26.0,68.072998046875,68.4800033569336,67.75,68.45999908447266,0.0,10751.9501953125,10790.4501953125,10699.7001953125,10741.099609375,231100.0,71.0199966430664,71.58999633789062,70.66000366210938,71.48999786376953,574279.0
2018-05-17,1291.300048828125,1291.300048828125,1288.199951171875,1288.199951171875,2.0,67.76799774169922,68.05999755859375,67.56999969482422,68.05999755859375,0.0,10775.599609375,10777.25,10664.5,10682.7001953125,214100.0,71.55999755859375,72.30000305175781,71.08999633789062,71.48999786376953,562639.0
2018-05-18,1285.199951171875,1290.199951171875,1285.199951171875,1290.199951171875,2.0,67.75800323486328,68.41999816894531,67.72000122070312,68.13999938964844,0.0,10671.849609375,10674.9501953125,10589.099609375,10596.400390625,223000.0,71.5999984741211,71.75,70.98999786376953,71.27999877929688,211785.0
2018-05-21,1287.4000244140625,1292.0999755859375,1287.4000244140625,1290.199951171875,52.0,67.98300170898438,68.54000091552734,67.97830200195312,67.9749984741211,0.0,10616.7001953125,10621.7001953125,10505.7998046875,10516.7001953125,0.0,71.47000122070312,72.58999633789062,71.25,72.23999786376953,119892.0
2018-05-22,1291.699951171875,1291.699951171875,1291.699951171875,1291.699951171875,50.0,68.10800170898438,68.4000015258789,67.93000030517578,68.4000015258789,0.0,10518.4501953125,10558.599609375,10490.5498046875,10536.7001953125,241700.0,72.52999877929688,72.83000183105469,71.9000015258789,72.12999725341797,723458.0
2018-05-23,1289.300048828125,1289.300048828125,1289.300048828125,1289.300048828125,10.0,68.01300048828125,68.51000213623047,68.01000213623047,68.43000030517578,0.0,10521.099609375,10533.5498046875,10417.7998046875,10430.349609375,290900.0,72.11000061035156,72.26000213623047,71.19000244140625,71.83999633789062,702791.0
2018-05-24,1303.699951171875,1303.699951171875,1303.699951171875,1303.699951171875,0.0,68.310302734375,68.40499877929688,68.26000213623047,68.6500015258789,0.0,10464.849609375,10535.150390625,10419.7998046875,10513.849609375,297600.0,71.83000183105469,72.0,70.5199966430664,70.70999908447266,640725.0
2018-05-25,1303.300048828125,1303.300048828125,1303.300048828125,1303.300048828125,1.0,68.26029968261719,68.30500030517578,67.66000366210938,68.26010131835938,0.0,10533.0498046875,10628.0498046875,10524.0,10605.150390625,260800.0,70.6500015258789,70.80000305175781,67.41999816894531,67.87999725341797,955354.0
2018-05-29,1298.699951171875,1298.699951171875,1298.699951171875,1298.699951171875,386334.0,67.3905029296875,67.98999786376953,67.37000274658203,67.40280151367188,0.0,10689.400390625,10717.25,10616.099609375,10633.2998046875,225800.0,66.48999786376953,67.3499984741211,65.91999816894531,66.7300033569336,1059750.0
2018-05-30,1298.0,1303.699951171875,1295.199951171875,1301.5,50845.0,67.83049774169922,68.13999938964844,67.37000274658203,68.12999725341797,0.0,10579.0,10648.7001953125,10558.4501953125,10614.349609375,238700.0,66.8499984741211,68.66999816894531,66.3499984741211,68.20999908447266,726886.0
2018-05-31,1301.0,1306.800048828125,1296.5999755859375,1300.0999755859375,4082.0,67.4302978515625,67.7699966430664,67.30000305175781,67.43000030517578,0.0,10670.099609375,10763.7998046875,10620.400390625,10736.150390625,610300.0,68.23999786376953,68.30000305175781,66.55999755859375,67.04000091552734,917563.0
2018-06-01,1298.5999755859375,1299.5,1288.9000244140625,1294.800048828125,663.0,67.42050170898438,67.48500061035156,66.91999816894531,67.43499755859375,0.0,10738.4501953125,10764.75,10681.5,10696.2001953125,220600.0,67.06999969482422,67.33999633789062,65.51000213623047,65.80999755859375,781103.0
2018-06-04,1293.9000244140625,1297.0999755859375,1290.0,1293.0999755859375,144.0,66.98799896240234,67.31999969482422,66.87000274658203,66.92500305175781,0.0,10765.9501953125,10770.2998046875,10618.349609375,10628.5,203800.0,65.70999908447266,66.04000091552734,64.56999969482422,64.75,696050.0
2018-06-05,1292.0999755859375,1299.800048828125,1289.9000244140625,1297.5,357.0,67.060302734375,67.30000305175781,67.0,67.05999755859375,0.0,10630.7001953125,10633.150390625,10550.900390625,10593.150390625,167700.0,64.94000244140625,65.56999969482422,64.22000122070312,65.5199966430664,714674.0
2018-06-06,1296.0999755859375,1300.4000244140625,1294.0999755859375,1297.0999755859375,373.0,67.09300231933594,67.13800048828125,66.79000091552734,67.08999633789062,0.0,10603.4501953125,10698.349609375,10587.5,10684.650390625,189900.0,65.51000213623047,65.95999908447266,64.2699966430664,64.7300033569336,708829.0
2018-06-07,1298.4000244140625,1302.800048828125,1296.199951171875,1298.699951171875,79.0,66.83049774169922,67.47000122070312,66.79000091552734,66.8301010131836,0.0,10722.599609375,10818.0,10722.599609375,10768.349609375,220900.0,65.06999969482422,66.06999969482422,64.80999755859375,65.94999694824219,675041.0
2018-06-08,1295.300048828125,1299.4000244140625,1294.800048828125,1298.0999755859375,650.0,67.4103012084961,67.87999725341797,67.30000305175781,67.41000366210938,0.0,10736.400390625,10779.4501953125,10709.0498046875,10767.650390625,209400.0,65.9800033569336,66.23999786376953,65.1500015258789,65.73999786376953,571224.0
2018-06-11,1299.300048828125,1302.0,1295.199951171875,1298.9000244140625,71.0,67.52050018310547,67.8499984741211,67.30999755859375,67.51000213623047,0.0,10781.849609375,10850.5498046875,10777.0498046875,10786.9501953125,211400.0,65.55999755859375,66.3499984741211,64.8499984741211,66.0999984741211,558281.0
2018-06-12,1297.800048828125,1298.0999755859375,1292.699951171875,1295.0999755859375,153.0,67.46299743652344,67.68000030517578,67.3499984741211,67.48999786376953,0.0,10816.150390625,10856.5498046875,10789.400390625,10842.849609375,198300.0,66.05000305175781,66.69999694824219,65.87000274658203,66.36000061035156,524411.0
2018-06-13,1294.0,1299.4000244140625,1290.9000244140625,1296.9000244140625,135.0,67.4729995727539,67.91000366210938,67.45999908447266,67.91000366210938,0.0,10887.5,10893.25,10842.650390625,10856.7001953125,213400.0,66.01000213623047,66.88999938964844,65.5199966430664,66.63999938964844,626398.0
2018-06-14,1297.199951171875,1307.699951171875,1297.199951171875,1304.0,42.0,67.63800048828125,67.80000305175781,67.44999694824219,67.77999877929688,0.0,10832.900390625,10833.7001953125,10773.5498046875,10808.0498046875,184300.0,66.62000274658203,67.16000366210938,66.36000061035156,66.88999938964844,460168.0
2018-06-15,1297.199951171875,1307.699951171875,1274.0,1274.5999755859375,589.0,67.68299865722656,68.37999725341797,67.68000030517578,68.12999725341797,0.0,10808.650390625,10834.0,10755.400390625,10817.7001953125,305400.0,66.62000274658203,67.16000366210938,64.29000091552734,65.05999755859375,512591.0
2018-06-18,1280.699951171875,1280.699951171875,1276.199951171875,1276.199951171875,35.0,68.0530014038086,68.51000213623047,67.94999694824219,68.05000305175781,0.0,10830.2001953125,10830.2001953125,10787.349609375,10799.849609375,196600.0,64.4000015258789,65.9800033569336,63.59000015258789,65.8499984741211,218933.0
2018-06-19,1278.699951171875,1281.800048828125,1269.9000244140625,1275.5999755859375,34.0,68.03299713134766,68.68000030517578,67.97000122070312,68.01000213623047,0.0,10789.4501953125,10789.4501953125,10701.2001953125,10710.4501953125,224500.0,65.81999969482422,65.9000015258789,64.38999938964844,65.06999969482422,122646.0
2018-06-20,1274.4000244140625,1274.4000244140625,1271.199951171875,1271.199951171875,7.0,68.3030014038086,68.3030014038086,67.91999816894531,68.05000305175781,0.0,10734.650390625,10781.7998046875,10724.0498046875,10772.0498046875,193500.0,65.11000061035156,66.52999877929688,65.01000213623047,66.22000122070312,801625.0
2018-06-21,1262.699951171875,1268.9000244140625,1260.0,1267.199951171875,46.0,68.0530014038086,68.44999694824219,67.73999786376953,68.3499984741211,0.0,10808.4501953125,10809.599609375,10725.900390625,10741.099609375,223600.0,65.33999633789062,66.22000122070312,64.33999633789062,65.54000091552734,760719.0
2018-06-22,1268.0999755859375,1270.199951171875,1267.0,1267.4000244140625,74.0,67.93800354003906,67.93800354003906,67.69000244140625,67.83000183105469,0.0,10742.7001953125,10837.0,10710.4501953125,10821.849609375,229800.0,65.93000030517578,69.37999725341797,65.70999908447266,68.58000183105469,1136232.0
2018-06-25,1270.5999755859375,1271.199951171875,1265.5999755859375,1265.5999755859375,37.0,67.8604965209961,68.31999969482422,67.8499984741211,67.85489654541016,0.0,10822.900390625,10831.0498046875,10753.0498046875,10762.4501953125,229600.0,68.75,69.44000244140625,67.77999877929688,68.08000183105469,816207.0
2018-06-26,1267.199951171875,1267.199951171875,1256.5999755859375,1256.5999755859375,89.0,68.10800170898438,68.44999694824219,68.05000305175781,68.33999633789062,0.0,10742.7001953125,10805.25,10732.5498046875,10769.150390625,220000.0,68.20999908447266,70.91000366210938,67.72000122070312,70.52999877929688,848537.0
2018-06-27,1255.5,1255.5,1252.300048828125,1252.800048828125,1162.0,68.3604965209961,68.9000015258789,68.30000305175781,68.36499786376953,0.0,10785.5,10785.5,10652.400390625,10671.400390625,246000.0,70.68000030517578,73.05999755859375,70.55999755859375,72.76000213623047,775155.0
2018-06-28,1251.699951171875,1251.699951171875,1244.800048828125,1247.800048828125,378.0,68.9207992553711,69.20999908447266,68.69999694824219,69.23999786376953,0.0,10660.7998046875,10674.2001953125,10557.7001953125,10589.099609375,352300.0,72.2699966430664,74.02999877929688,72.19999694824219,73.44999694824219,717347.0
2018-06-29,1250.300048828125,1253.300048828125,1249.0999755859375,1251.300048828125,48.0,68.83049774169922,68.88999938964844,68.38500213623047,68.79669952392578,0.0,10612.849609375,10723.0498046875,10612.349609375,10714.2998046875,242800.0,73.33000183105469,74.45999908447266,72.93000030517578,74.1500015258789,602399.0
2018-07-02,1249.9000244140625,1249.9000244140625,1239.800048828125,1239.800048828125,29.0,68.45050048828125,69.06999969482422,68.37000274658203,68.43499755859375,0.0,10732.349609375,10736.150390625,10604.650390625,10657.2998046875,295400.0,73.62000274658203,74.3499984741211,72.51000213623047,73.94000244140625,652167.0
2018-07-03,1238.0999755859375,1254.0999755859375,1237.0,1251.5999755859375,36.0,68.71050262451172,68.94999694824219,68.5,68.6948013305664,0.0,10668.599609375,10713.2998046875,10630.25,10699.900390625,202100.0,74.08000183105469,75.2699966430664,72.7300033569336,74.13999938964844,667235.0
2018-07-05,1255.5,1257.300048828125,1253.5999755859375,1257.300048828125,9.0,68.68299865722656,69.20500183105469,68.52999877929688,68.9800033569336,0.0,10786.0498046875,10786.0498046875,10726.25,10749.75,220500.0,74.3499984741211,74.80000305175781,72.52999877929688,72.94000244140625,841632.0
2018-07-06,1255.5,1255.5,1254.300048828125,1254.300048828125,7.0,68.87300109863281,69.05000305175781,68.70999908447266,69.06999969482422,0.0,10744.150390625,10816.349609375,10735.0498046875,10772.650390625,0.0,73.16000366210938,74.01000213623047,72.13999938964844,73.80000305175781,611419.0
2018-07-09,1258.199951171875,1262.300048828125,1257.699951171875,1258.0999755859375,37.0,68.79550170898438,68.79560089111328,68.4800033569336,68.75499725341797,0.0,10838.2998046875,10860.349609375,10807.150390625,10852.900390625,183600.0,73.87000274658203,74.27999877929688,72.98999786376953,73.8499984741211,533003.0
2018-07-10,1256.199951171875,1256.9000244140625,1249.300048828125,1253.800048828125,65.0,68.6603012084961,68.91000366210938,68.61000061035156,68.65979766845703,0.0,10902.75,10956.900390625,10876.650390625,10947.25,197000.0,74.04000091552734,74.69999694824219,73.6500015258789,74.11000061035156,586829.0
2018-07-11,1253.199951171875,1253.199951171875,1242.800048828125,1242.800048828125,30.0,68.74800109863281,69.0999984741211,68.63999938964844,68.9000015258789,0.0,10956.400390625,10976.650390625,10923.0,10948.2998046875,222300.0,74.19999694824219,74.26000213623047,70.0199966430664,70.37999725341797,861726.0
2018-07-12,1240.9000244140625,1246.699951171875,1240.9000244140625,1245.0,7.0,68.7229995727539,69.06999969482422,68.25,68.72000122070312,0.0,11006.9501953125,11078.2998046875,10999.650390625,11023.2001953125,248300.0,70.5999984741211,71.23999786376953,69.2300033569336,70.33000183105469,707887.0
2018-07-13,1244.699951171875,1247.0,1239.5999755859375,1239.5999755859375,2.0,68.48300170898438,68.72000122070312,68.25,68.54000091552734,0.0,11056.900390625,11071.349609375,10999.75,11018.900390625,0.0,70.37999725341797,71.66000366210938,69.83999633789062,71.01000213623047,530277.0
2018-07-16,1242.699951171875,1243.800048828125,1238.0999755859375,1238.0999755859375,2.0,68.49299621582031,68.70999908447266,68.38999938964844,68.48670196533203,0.0,11018.9501953125,11019.5,10926.25,10936.849609375,210500.0,70.5199966430664,70.87000274658203,67.58000183105469,68.05999755859375,530480.0
2018-07-17,1225.699951171875,1225.699951171875,1225.699951171875,1225.699951171875,0.0,68.54299926757812,68.7300033569336,68.25,68.72000122070312,0.0,10939.650390625,11018.5,10925.599609375,11008.0498046875,210600.0,68.02999877929688,68.44000244140625,67.02999877929688,68.08000183105469,440727.0
2018-07-18,1226.699951171875,1226.699951171875,1222.199951171875,1226.300048828125,67.0,68.35600280761719,68.63300323486328,68.30999755859375,68.35600280761719,0.0,11060.2001953125,11076.2001953125,10956.2998046875,10980.4501953125,225500.0,67.61000061035156,69.05999755859375,67.04000091552734,68.76000213623047,187313.0
2018-07-19,1227.199951171875,1228.0,1211.699951171875,1222.4000244140625,33.0,68.61799621582031,69.22000122070312,68.47000122070312,68.6155014038086,0.0,10999.5,11006.5,10935.4501953125,10957.099609375,215400.0,69.0,70.16999816894531,67.80000305175781,69.45999908447266,103220.0
2018-07-20,1229.5,1229.5,1229.5,1229.5,0.0,68.93509674072266,69.12999725341797,68.69000244140625,68.93509674072266,0.0,10963.5,11030.25,10946.2001953125,11010.2001953125,187300.0,69.38999938964844,71.0999984741211,69.37000274658203,70.45999908447266,500967.0
2018-07-23,1222.0,1224.0,1222.0,1224.0,1.0,68.73300170898438,68.97000122070312,68.62000274658203,68.7332992553711,0.0,11019.849609375,11093.400390625,11010.9501953125,11084.75,229100.0,68.16999816894531,69.30999755859375,67.5999984741211,67.88999938964844,555915.0
2018-07-24,1223.9000244140625,1223.9000244140625,1223.9000244140625,1223.9000244140625,0.0,68.83799743652344,69.23999786376953,68.80999755859375,69.19999694824219,0.0,11109.0,11143.400390625,11092.5,11134.2998046875,205800.0,67.80000305175781,69.05000305175781,67.55999755859375,68.5199966430664,524591.0
2018-07-25,1231.4000244140625,1231.4000244140625,1231.4000244140625,1231.4000244140625,0.0,68.94000244140625,69.0199966430664,68.63999938964844,68.80999755859375,0.0,11148.400390625,11157.150390625,11113.25,11132.0,205900.0,68.7699966430664,69.69999694824219,68.19999694824219,69.30000305175781,622913.0
2018-07-26,1227.800048828125,1227.800048828125,1225.300048828125,1225.300048828125,1.0,68.7229995727539,68.91999816894531,68.58999633789062,68.83999633789062,0.0,11132.9501953125,11185.849609375,11125.7001953125,11167.2998046875,365400.0,69.37999725341797,69.91999816894531,68.91999816894531,69.61000061035156,489059.0
2018-07-27,1222.5999755859375,1222.5999755859375,1222.5999755859375,1222.5999755859375,254428.0,68.65299987792969,68.76499938964844,68.52999877929688,68.73999786376953,0.0,11232.75,11283.400390625,11210.25,11278.349609375,314600.0,69.58000183105469,69.7699966430664,68.26000213623047,68.69000244140625,460450.0
2018-07-30,1222.5,1223.9000244140625,1218.0999755859375,1221.300048828125,62239.0,68.59549713134766,68.94000244140625,68.55000305175781,68.61499786376953,0.0,11296.650390625,11328.099609375,11261.4501953125,11319.5498046875,278800.0,69.01000213623047,70.43000030517578,68.80000305175781,70.12999725341797,463011.0
2018-07-31,1220.4000244140625,1228.0999755859375,1213.0,1223.699951171875,2722.0,68.5979995727539,68.71499633789062,68.45999908447266,68.68499755859375,0.0,11311.0498046875,11366.0,11267.75,11356.5,256500.0,70.05000305175781,70.22000122070312,67.9800033569336,68.76000213623047,519070.0
2018-08-01,1222.9000244140625,1223.699951171875,1214.4000244140625,1217.9000244140625,1026.0,68.45050048828125,68.61799621582031,68.30000305175781,68.4968032836914,0.0,11359.7998046875,11390.5498046875,11313.5498046875,11346.2001953125,269700.0,68.43000030517578,68.5199966430664,67.30999755859375,67.66000366210938,576561.0
2018-08-02,1214.699951171875,1219.300048828125,1205.800048828125,1210.5999755859375,411.0,68.34049987792969,68.70500183105469,68.20999908447266,68.30709838867188,0.0,11328.900390625,11328.900390625,11234.9501953125,11244.7001953125,210000.0,67.86000061035156,69.36000061035156,66.91999816894531,68.95999908447266,531071.0
2018-08-03,1206.5,1218.5999755859375,1205.0999755859375,1214.199951171875,784.0,68.61799621582031,69.02999877929688,68.41999816894531,68.6155014038086,0.0,11297.7998046875,11368.0,11294.5498046875,11360.7998046875,218300.0,68.98999786376953,69.23999786376953,67.87000274658203,68.48999786376953,476615.0
2018-08-06,1214.4000244140625,1214.4000244140625,1206.5999755859375,1208.5999755859375,297.0,68.5354995727539,68.87799835205078,68.30999755859375,68.50499725341797,0.0,11401.5,11427.650390625,11370.599609375,11387.099609375,203700.0,68.6500015258789,69.91999816894531,68.5,69.01000213623047,495605.0
2018-08-07,1207.800048828125,1214.800048828125,1207.800048828125,1209.5999755859375,715.0,68.810302734375,68.92500305175781,68.61000061035156,68.80999755859375,0.0,11423.150390625,11428.9501953125,11359.7001953125,11389.4501953125,226400.0,68.9000015258789,69.83000183105469,68.80999755859375,69.16999816894531,485027.0
2018-08-08,1212.0,1215.199951171875,1205.9000244140625,1212.5999755859375,209.0,68.62049865722656,68.87000274658203,68.55000305175781,68.59600067138672,0.0,11412.5,11459.9501953125,11379.2998046875,11450.0,210500.0,69.08999633789062,69.37000274658203,66.31999969482422,66.94000244140625,760313.0
2018-08-09,1214.5,1215.300048828125,1211.5999755859375,1211.9000244140625,44.0,68.65299987792969,68.7699966430664,68.45500183105469,68.45500183105469,0.0,11493.25,11495.2001953125,11454.099609375,11470.7001953125,302200.0,66.79000091552734,67.41000366210938,66.48999786376953,66.80999755859375,509401.0
2018-08-10,1212.5,1216.4000244140625,1205.5999755859375,1211.0999755859375,75.0,68.75299835205078,69.08000183105469,68.75299835205078,69.0999984741211,0.0,11474.9501953125,11478.75,11419.650390625,11429.5,0.0,66.73999786376953,67.87000274658203,66.13999938964844,67.62999725341797,524490.0
2018-08-13,1207.0,1207.4000244140625,1191.300048828125,1191.300048828125,78.0,68.88300323486328,70.06999969482422,68.87999725341797,69.08499908447266,0.0,11369.599609375,11406.2998046875,11340.2998046875,11355.75,246900.0,67.77999877929688,67.94999694824219,65.70999908447266,67.19999694824219,578219.0
2018-08-14,1193.0999755859375,1197.5,1192.800048828125,1193.0,92.0,69.9490966796875,70.0999984741211,69.70800018310547,69.9490966796875,0.0,11381.7001953125,11452.4501953125,11370.7998046875,11435.099609375,232600.0,67.41999816894531,68.37000274658203,66.58000183105469,67.04000091552734,538484.0
2018-08-16,1173.199951171875,1180.199951171875,1161.4000244140625,1176.199951171875,123.0,70.66000366210938,70.72000122070312,69.93000030517578,70.66000366210938,0.0,11397.150390625,11449.849609375,11366.25,11385.0498046875,290600.0,64.94999694824219,65.5199966430664,64.43000030517578,65.45999908447266,383380.0
2018-08-17,1174.699951171875,1181.199951171875,1174.699951171875,1176.5,66.0,70.00499725341797,70.33999633789062,69.86000061035156,70.00499725341797,0.0,11437.150390625,11486.4501953125,11431.7998046875,11470.75,234700.0,65.47000122070312,66.38999938964844,65.30000305175781,65.91000366210938,171403.0
2018-08-20,1184.800048828125,1190.0,1184.4000244140625,1186.800048828125,68.0,70.09300231933594,70.09300231933594,69.58000183105469,69.78500366210938,0.0,11502.099609375,11565.2998046875,11499.650390625,11551.75,232600.0,65.91000366210938,66.68000030517578,65.58999633789062,66.43000030517578,112709.0
2018-08-21,1189.800048828125,1192.5999755859375,1189.800048828125,1192.5999755859375,22.0,69.81300354003906,70.02999877929688,69.52799987792969,69.73999786376953,0.0,11576.2001953125,11581.75,11539.599609375,11570.900390625,224200.0,66.62000274658203,68.0999984741211,66.5199966430664,67.3499984741211,437164.0
2018-08-23,1189.300048828125,1190.300048828125,1184.9000244140625,1187.0,95.0,69.86029815673828,70.16300201416016,69.86029815673828,69.79000091552734,0.0,11620.7001953125,11620.7001953125,11546.7001953125,11582.75,248500.0,68.06999969482422,68.12000274658203,67.31999969482422,67.83000183105469,450690.0
2018-08-24,1185.300048828125,1208.0,1185.300048828125,1206.300048828125,12.0,70.2750015258789,70.2750015258789,69.70999908447266,70.2750015258789,0.0,11566.599609375,11604.599609375,11532.0,11557.099609375,218800.0,67.9000015258789,69.30999755859375,67.77999877929688,68.72000122070312,517796.0
2018-08-27,1210.300048828125,1211.4000244140625,1205.199951171875,1209.0,154.0,69.96299743652344,70.3499984741211,69.70999908447266,69.76499938964844,0.0,11605.849609375,11700.9501953125,11595.599609375,11691.9501953125,199500.0,68.56999969482422,68.97000122070312,68.33999633789062,68.87000274658203,332612.0
2018-08-28,1209.699951171875,1217.0,1202.300048828125,1207.4000244140625,136.0,69.94499969482422,70.44999694824219,69.93000030517578,69.94499969482422,0.0,11731.9501953125,11760.2001953125,11710.5,11738.5,241900.0,68.93000030517578,69.19999694824219,68.20999908447266,68.52999877929688,426833.0
2018-08-29,1205.199951171875,1205.199951171875,1202.4000244140625,1204.5,817.0,70.09300231933594,70.6500015258789,70.08999633789062,70.54000091552734,0.0,11744.9501953125,11753.2001953125,11678.849609375,11691.900390625,251600.0,68.54000091552734,69.76000213623047,68.37000274658203,69.51000213623047,497095.0
2018-08-30,1205.4000244140625,1205.5999755859375,1196.0,1197.699951171875,493.0,70.52799987792969,71.19000244140625,70.52799987792969,70.91000366210938,0.0,11694.75,11698.7998046875,11639.7001953125,11676.7998046875,313800.0,69.70999908447266,70.5,69.55000305175781,70.25,445584.0
2018-08-31,1207.0999755859375,1208.199951171875,1199.0999755859375,1200.300048828125,191.0,70.73500061035156,71.1500015258789,70.68000030517578,71.40499877929688,0.0,11675.849609375,11727.650390625,11640.099609375,11680.5,346500.0,70.05999755859375,70.36000061035156,69.63999938964844,69.80000305175781,419739.0
2018-09-04,1193.800048828125,1193.800048828125,1189.9000244140625,1192.699951171875,26.0,71.20800018310547,71.91999816894531,71.08799743652344,71.06999969482422,0.0,11598.75,11602.5498046875,11496.849609375,11520.2998046875,254800.0,70.12000274658203,71.4000015258789,69.08000183105469,69.87000274658203,785981.0
2018-09-05,1192.5,1196.0,1192.5,1194.9000244140625,21.0,71.5780029296875,71.9800033569336,71.27999877929688,71.75,0.0,11514.849609375,11542.650390625,11393.849609375,11476.9501953125,246100.0,69.43000030517578,69.58999633789062,68.55999755859375,68.72000122070312,542104.0
2018-09-06,1202.0,1202.0,1197.9000244140625,1197.9000244140625,7.0,71.74800109863281,72.1500015258789,71.43000030517578,71.88999938964844,0.0,11514.150390625,11562.25,11436.0498046875,11536.900390625,247900.0,68.63999938964844,69.0199966430664,67.0,67.7699966430664,633824.0
2018-09-07,1198.300048828125,1198.300048828125,1193.0999755859375,1193.5999755859375,29.0,71.94049835205078,72.00299835205078,71.63999938964844,71.93890380859375,0.0,11558.25,11603.0,11484.400390625,11589.099609375,295900.0,67.87999725341797,68.08000183105469,66.86000061035156,67.75,530895.0
2018-09-10,1193.0,1193.0,1193.0,1193.0,11.0,71.78299713134766,72.68000030517578,71.78299713134766,72.09500122070312,0.0,11570.25,11573.0,11427.2998046875,11438.099609375,286700.0,67.81999969482422,68.5199966430664,67.33000183105469,67.54000091552734,571174.0
2018-09-11,1190.4000244140625,1196.300048828125,1190.4000244140625,1195.4000244140625,21.0,72.447998046875,72.80999755859375,72.16999816894531,72.44499969482422,0.0,11476.849609375,11479.400390625,11274.0,11287.5,0.0,67.52999877929688,70.01000213623047,67.4800033569336,69.25,676869.0
2018-09-12,1205.0,1205.0,1204.699951171875,1204.699951171875,37.0,72.63300323486328,72.98999786376953,71.81999969482422,72.98999786376953,0.0,11340.099609375,11380.75,11250.2001953125,11369.900390625,268200.0,69.88999938964844,71.26000213623047,69.5,70.37000274658203,800543.0
2018-09-14,1195.0,1195.0,1195.0,1195.0,1.0,72.02999877929688,72.1500015258789,71.51000213623047,72.02749633789062,0.0,11443.5,11523.25,11430.5498046875,11515.2001953125,276600.0,68.79000091552734,69.91000366210938,67.94000244140625,68.98999786376953,611075.0
2018-09-17,1199.699951171875,1199.699951171875,1199.699951171875,1199.699951171875,0.0,71.87300109863281,72.66999816894531,71.87300109863281,72.09500122070312,0.0,11464.9501953125,11464.9501953125,11366.900390625,11377.75,201400.0,68.93000030517578,69.72000122070312,68.52999877929688,68.91000366210938,422294.0
2018-09-18,1198.699951171875,1198.699951171875,1196.800048828125,1196.800048828125,2.0,72.53050231933594,72.93000030517578,72.3499984741211,72.53479766845703,0.0,11381.5498046875,11411.4501953125,11268.9501953125,11278.900390625,240900.0,68.80000305175781,70.41999816894531,68.52999877929688,69.8499984741211,234202.0
2018-09-19,1202.199951171875,1202.199951171875,1202.199951171875,1202.199951171875,0.0,72.7030029296875,72.86000061035156,72.05000305175781,73.12000274658203,0.0,11326.650390625,11332.0498046875,11210.900390625,11234.349609375,250600.0,69.70999908447266,71.5,69.6500015258789,71.12000274658203,125208.0
2018-09-21,1196.199951171875,1196.199951171875,1196.199951171875,1196.199951171875,0.0,72.00800323486328,72.4229965209961,71.69999694824219,71.72000122070312,0.0,11271.2998046875,11346.7998046875,10866.4501953125,11143.099609375,719000.0,70.19999694824219,71.80000305175781,69.9800033569336,70.77999877929688,855943.0
2018-09-24,1199.300048828125,1199.300048828125,1199.300048828125,1199.300048828125,0.0,72.23300170898438,72.79000091552734,72.2300033569336,72.2300033569336,0.0,11164.400390625,11170.150390625,10943.599609375,10967.400390625,0.0,71.13999938964844,72.73999786376953,71.13999938964844,72.08000183105469,576894.0
2018-09-25,1202.0999755859375,1202.800048828125,1200.0,1200.0,21.0,72.66300201416016,73.25,72.55000305175781,73.30000305175781,0.0,10969.9501953125,11080.599609375,10882.849609375,11067.4501953125,405000.0,72.25,72.77999877929688,71.88999938964844,72.27999877929688,551280.0
2018-09-26,1194.0,1194.0,1194.0,1194.0,17857.0,72.6780014038086,72.9800033569336,72.51000213623047,73.08999633789062,0.0,11145.5498046875,11145.5498046875,10993.0498046875,11053.7998046875,340500.0,72.08999633789062,72.37999725341797,71.47000122070312,71.56999969482422,464463.0
2018-09-27,1194.5999755859375,1197.300048828125,1180.5,1182.300048828125,4947.0,72.59300231933594,72.75,72.33999633789062,72.7699966430664,0.0,11079.7998046875,11089.4501953125,10953.349609375,10977.5498046875,405700.0,72.01000213623047,72.5999984741211,71.70999908447266,72.12000274658203,454549.0
2018-09-28,1181.699951171875,1191.9000244140625,1180.0,1191.5,404.0,72.56300354003906,72.94999694824219,72.42500305175781,72.94999694824219,0.0,11008.099609375,11034.099609375,10850.2998046875,10930.4501953125,478100.0,72.18000030517578,73.7300033569336,71.87999725341797,73.25,544047.0
2018-10-01,1191.5999755859375,1191.5999755859375,1185.800048828125,1187.0999755859375,180.0,72.50050354003906,73.29000091552734,72.50050354003906,72.50499725341797,0.0,10930.900390625,11035.650390625,10821.5498046875,11008.2998046875,387000.0,73.29000091552734,75.7699966430664,72.94999694824219,75.30000305175781,601451.0
2018-10-03,1202.5999755859375,1202.5999755859375,1196.5999755859375,1198.300048828125,76.0,72.91799926757812,73.4800033569336,72.91000366210938,73.27999877929688,0.0,10982.7001953125,10989.0498046875,10843.75,10858.25,386800.0,75.12000274658203,76.9000015258789,74.30000305175781,76.41000366210938,698817.0
2018-10-04,1199.300048828125,1204.5999755859375,1197.199951171875,1197.199951171875,496.0,73.33799743652344,73.88999938964844,73.33799743652344,73.8499984741211,0.0,10754.7001953125,10754.7001953125,10547.25,10599.25,425100.0,76.18000030517578,76.47000122070312,73.87999725341797,74.33000183105469,687949.0
2018-10-05,1197.0999755859375,1205.300048828125,1196.9000244140625,1201.199951171875,34.0,73.62300109863281,74.61000061035156,73.45800018310547,74.22000122070312,0.0,10514.099609375,10540.650390625,10261.900390625,10316.4501953125,606400.0,74.66999816894531,75.22000122070312,73.83999633789062,74.33999633789062,613218.0
2018-10-08,1201.0,1201.0,1183.699951171875,1184.4000244140625,250.0,73.76300048828125,74.16000366210938,73.7614974975586,73.76300048828125,0.0,10310.150390625,10398.349609375,10198.400390625,10348.0498046875,456200.0,74.4000015258789,74.58000183105469,73.06999969482422,74.29000091552734,554938.0
2018-10-09,1185.5999755859375,1189.0999755859375,1185.5999755859375,1187.199951171875,9.0,74.05799865722656,74.43000030517578,73.73999786376953,73.88999938964844,0.0,10390.2998046875,10397.599609375,10279.349609375,10301.0498046875,430500.0,74.20999908447266,75.27999877929688,74.0,74.95999908447266,623537.0
2018-10-10,1189.300048828125,1192.0,1189.300048828125,1189.300048828125,1078.0,74.33049774169922,74.62000274658203,74.04000091552734,74.55000305175781,0.0,10331.849609375,10482.349609375,10318.25,10460.099609375,0.0,74.66000366210938,75.08000183105469,72.37999725341797,73.16999816894531,652737.0
2018-10-11,1198.0999755859375,1224.5999755859375,1196.300048828125,1223.5,126.0,74.69999694824219,74.9000015258789,73.73999786376953,74.5999984741211,0.0,10169.7998046875,10335.9501953125,10138.599609375,10234.650390625,483500.0,72.68000030517578,72.76000213623047,70.51000213623047,70.97000122070312,783962.0
2018-10-12,1221.5999755859375,1221.5999755859375,1216.0,1218.0999755859375,122.0,74.04299926757812,74.04299926757812,73.51000213623047,74.16000366210938,0.0,10331.5498046875,10492.4501953125,10322.150390625,10472.5,343500.0,70.98999786376953,72.01000213623047,70.63999938964844,71.33999633789062,626668.0
2018-10-15,1222.4000244140625,1232.300048828125,1222.4000244140625,1226.4000244140625,136.0,73.60299682617188,74.38999938964844,73.60299682617188,73.6760025024414,0.0,10524.2001953125,10526.2998046875,10410.150390625,10512.5,259500.0,71.8499984741211,72.69999694824219,70.8499984741211,71.77999877929688,568610.0
2018-10-16,1227.0999755859375,1230.5,1227.0999755859375,1227.300048828125,426.0,73.760498046875,73.94999694824219,73.22000122070312,74.08000183105469,0.0,10550.150390625,10604.900390625,10525.2998046875,10584.75,265200.0,71.72000122070312,72.29000091552734,71.0199966430664,71.91999816894531,535003.0
2018-10-17,1225.9000244140625,1225.9000244140625,1223.699951171875,1223.699951171875,1.0,73.45800018310547,73.69999694824219,73.23999786376953,73.45549774169922,0.0,10688.7001953125,10710.150390625,10436.4501953125,10453.0498046875,284800.0,72.16999816894531,72.43000030517578,69.43000030517578,69.75,651584.0
2018-10-19,1225.300048828125,1225.300048828125,1225.300048828125,1225.300048828125,55.0,73.52300262451172,73.68000030517578,73.2699966430664,74.16000366210938,0.0,10339.7001953125,10380.099609375,10249.599609375,10303.5498046875,357500.0,68.68000030517578,69.7699966430664,68.55999755859375,69.12000274658203,108311.0
2018-10-22,1224.5,1224.5,1219.5999755859375,1221.199951171875,18.0,73.36799621582031,73.83999633789062,73.19000244140625,73.46499633789062,0.0,10405.849609375,10408.5498046875,10224.0,10245.25,297300.0,69.41000366210938,69.6500015258789,68.2699966430664,69.16999816894531,513770.0
2018-10-23,1224.800048828125,1237.800048828125,1224.800048828125,1233.4000244140625,33.0,73.55049896240234,73.91999816894531,73.41999816894531,73.8594970703125,0.0,10152.599609375,10222.099609375,10102.349609375,10146.7998046875,302600.0,69.55000305175781,69.66000366210938,65.73999786376953,66.43000030517578,853265.0
2018-10-24,1231.5999755859375,1231.5999755859375,1227.800048828125,1227.800048828125,36.0,73.22000122070312,73.45999908447266,73.02999877929688,73.22129821777344,0.0,10278.150390625,10290.650390625,10126.7001953125,10224.75,351400.0,66.16999816894531,67.72000122070312,66.05000305175781,66.81999969482422,775963.0
2018-10-25,1238.5999755859375,1238.5999755859375,1229.0999755859375,1229.0999755859375,7.0,73.22049713134766,73.45500183105469,72.58999633789062,73.22049713134766,0.0,10135.0498046875,10166.599609375,10079.2998046875,10124.900390625,0.0,66.36000061035156,67.6500015258789,65.98999786376953,67.33000183105469,573096.0
2018-10-26,1234.300048828125,1234.800048828125,1232.5,1232.5,20.0,73.22049713134766,73.45999908447266,73.19999694824219,73.22019958496094,0.0,10122.349609375,10128.849609375,10004.5498046875,10030.0,364300.0,66.94999694824219,67.87999725341797,66.19999694824219,67.58999633789062,595211.0
2018-10-29,1224.5,1224.5,1224.5,1224.5,214.0,73.125,73.72000122070312,73.125,73.125,0.0,10078.099609375,10275.2998046875,10020.349609375,10250.849609375,364400.0,67.55000305175781,67.94999694824219,66.29000091552734,67.04000091552734,477487.0
2018-10-30,1227.699951171875,1227.699951171875,1219.800048828125,1222.5999755859375,72.0,73.5905990600586,73.94999694824219,73.39299774169922,73.5905990600586,0.0,10239.400390625,10285.099609375,10175.349609375,10198.400390625,289800.0,66.68000030517578,67.26000213623047,65.33000183105469,66.18000030517578,680441.0
2018-10-31,1216.0,1216.5999755859375,1212.0,1212.300048828125,121.0,73.6500015258789,74.25,73.56999969482422,73.6500015258789,0.0,10209.5498046875,10396.0,10105.099609375,10386.599609375,375000.0,66.31999969482422,67.0,64.80999755859375,65.30999755859375,666487.0
2018-11-01,1215.4000244140625,1236.0,1215.4000244140625,1236.0,14.0,74.06999969482422,74.07510375976562,73.05000305175781,74.06999969482422,0.0,10441.7001953125,10441.900390625,10341.900390625,10380.4501953125,348500.0,64.87999725341797,65.38999938964844,63.11000061035156,63.689998626708984,790286.0
2018-11-02,1233.300048828125,1233.300048828125,1230.9000244140625,1230.9000244140625,18.0,73.07949829101562,73.19999694824219,72.43299865722656,73.30999755859375,0.0,10462.2998046875,10606.9501953125,10457.7001953125,10553.0,421200.0,63.5,63.95000076293945,62.630001068115234,63.13999938964844,708906.0
2018-11-05,1230.5999755859375,1231.5,1226.699951171875,1229.800048828125,15.0,72.90499877929688,73.33000183105469,72.43299865722656,72.90499877929688,0.0,10558.75,10558.7998046875,10477.0,10524.0,301900.0,62.9900016784668,64.13999938964844,62.52000045776367,63.099998474121094,609129.0
2018-11-06,1230.699951171875,1233.800048828125,1223.800048828125,1223.800048828125,4.0,72.86000061035156,73.12000274658203,72.77999877929688,72.86000061035156,0.0,10552.0,10600.25,10491.4501953125,10530.0,0.0,62.70000076293945,63.31999969482422,61.310001373291016,62.209999084472656,761240.0
2018-11-07,1228.5999755859375,1228.5999755859375,1226.199951171875,1226.199951171875,1.0,73.2300033569336,73.2300033569336,72.19999694824219,73.2300033569336,0.0,10614.4501953125,10616.4501953125,10582.2998046875,10598.400390625,31200.0,61.7400016784668,63.18000030517578,61.20000076293945,61.66999816894531,866628.0
2018-11-09,1207.9000244140625,1207.9000244140625,1206.4000244140625,1206.4000244140625,14.0,72.37000274658203,72.9000015258789,72.37000274658203,72.9000015258789,0.0,10614.7001953125,10619.5498046875,10544.849609375,10585.2001953125,296600.0,60.75,60.790000915527344,59.2599983215332,60.189998626708984,821729.0
2018-11-12,1201.5999755859375,1201.5999755859375,1201.300048828125,1201.300048828125,1.0,72.47000122070312,73.08000183105469,72.47000122070312,72.47000122070312,0.0,10607.7998046875,10645.5,10464.0498046875,10482.2001953125,259700.0,60.70000076293945,61.279998779296875,58.68000030517578,59.93000030517578,806219.0
2018-11-13,1196.300048828125,1201.300048828125,1196.300048828125,1199.199951171875,5.0,72.8499984741211,72.94999694824219,72.30000305175781,73.18000030517578,0.0,10451.900390625,10596.25,10440.5498046875,10582.5,254600.0,58.880001068115234,59.349998474121094,54.75,55.689998626708984,1095643.0
2018-11-14,1207.9000244140625,1207.9000244140625,1207.9000244140625,1207.9000244140625,0.0,72.6050033569336,72.60800170898438,71.97000122070312,72.55000305175781,0.0,10634.900390625,10651.599609375,10532.7001953125,10576.2998046875,384500.0,55.27000045776367,57.369998931884766,55.130001068115234,56.25,844696.0
2018-11-15,1212.800048828125,1212.800048828125,1212.800048828125,1212.800048828125,0.0,72.30049896240234,72.3030014038086,71.83000183105469,72.4000015258789,0.0,10580.599609375,10646.5,10557.5,10616.7001953125,0.0,56.02000045776367,57.2599983215332,55.59000015258789,56.459999084472656,256499.0
2018-11-16,1216.699951171875,1223.800048828125,1216.699951171875,1220.800048828125,5.0,71.89219665527344,72.12999725341797,71.7229995727539,71.8917007446289,0.0,10644.0,10695.150390625,10631.150390625,10682.2001953125,342800.0,56.58000183105469,57.959999084472656,55.88999938964844,56.459999084472656,159001.0
2018-11-19,1223.0999755859375,1223.0999755859375,1223.0999755859375,1223.0999755859375,0.0,71.7750015258789,72.11000061035156,71.30999755859375,71.7750015258789,0.0,10731.25,10774.7001953125,10688.7998046875,10763.400390625,272100.0,56.720001220703125,57.33000183105469,55.08000183105469,56.7599983215332,699684.0
2018-11-20,1225.300048828125,1228.800048828125,1219.0,1219.0,12.0,71.59510040283203,71.62010192871094,71.2699966430664,71.69000244140625,0.0,10740.099609375,10740.849609375,10640.849609375,10656.2001953125,295200.0,57.38999938964844,57.439998626708984,52.77000045776367,53.43000030517578,983120.0
2018-11-21,1225.800048828125,1225.800048828125,1225.800048828125,1225.800048828125,0.0,71.41500091552734,71.4229965209961,71.04000091552734,71.41500091552734,0.0,10670.9501953125,10671.2998046875,10562.349609375,10600.0498046875,300900.0,53.38999938964844,55.86000061035156,53.38999938964844,54.630001068115234,734277.0
2018-11-26,1220.199951171875,1222.0,1220.199951171875,1220.199951171875,2.0,70.66999816894531,70.87000274658203,70.27999877929688,70.66999816894531,0.0,10568.2998046875,10637.7998046875,10489.75,10628.599609375,0.0,50.619998931884766,52.25,50.099998474121094,51.630001068115234,663108.0
2018-11-27,1221.9000244140625,1222.0,1211.199951171875,1211.199951171875,5.0,70.80979919433594,70.98899841308594,70.71800231933594,70.80999755859375,0.0,10621.4501953125,10695.150390625,10596.349609375,10685.599609375,0.0,51.540000915527344,52.380001068115234,50.29999923706055,51.560001373291016,764010.0
2018-11-28,1211.5,1221.4000244140625,1211.5,1221.4000244140625,247168.0,70.87999725341797,71.04000091552734,70.51000213623047,70.87999725341797,0.0,10708.75,10757.7998046875,10699.849609375,10728.849609375,424500.0,52.09000015258789,52.560001373291016,50.060001373291016,50.290000915527344,831688.0
2018-11-29,1221.0,1228.699951171875,1220.5,1224.0999755859375,55478.0,70.63050079345703,70.63059997558594,69.72000122070312,70.5999984741211,0.0,10808.7001953125,10883.0498046875,10782.349609375,10858.7001953125,691300.0,50.310001373291016,52.20000076293945,49.40999984741211,51.45000076293945,812721.0
2018-11-30,1224.0999755859375,1225.0,1216.0999755859375,1220.199951171875,2060.0,69.77050018310547,69.87000274658203,69.58000183105469,69.91999816894531,0.0,10892.099609375,10922.4501953125,10835.099609375,10876.75,453900.0,51.27000045776367,51.790000915527344,49.650001525878906,50.93000030517578,796714.0
2018-12-03,1222.5,1234.0999755859375,1221.300048828125,1233.9000244140625,751.0,69.76000213623047,70.48999786376953,69.75900268554688,69.76000213623047,0.0,10930.7001953125,10941.2001953125,10845.349609375,10883.75,409700.0,52.45000076293945,53.849998474121094,52.029998779296875,52.95000076293945,758010.0
2018-12-04,1231.0,1241.4000244140625,1230.4000244140625,1241.0999755859375,474.0,70.48500061035156,70.68000030517578,70.33499908447266,70.48500061035156,0.0,10877.099609375,10890.9501953125,10833.349609375,10869.5,322100.0,53.130001068115234,54.54999923706055,52.43000030517578,53.25,738130.0
2018-12-06,1237.5,1244.4000244140625,1234.800048828125,1238.0999755859375,434.0,70.87000274658203,71.13999938964844,70.5530014038086,70.87000274658203,0.0,10718.150390625,10722.650390625,10588.25,10601.150390625,318500.0,52.93000030517578,53.29999923706055,50.08000183105469,51.4900016784668,987266.0
2018-12-07,1238.300048828125,1249.800048828125,1237.5999755859375,1246.800048828125,211.0,70.76499938964844,71.31999969482422,70.43000030517578,70.75,0.0,10644.7998046875,10704.5498046875,10599.349609375,10693.7001953125,325800.0,51.7599983215332,54.220001220703125,50.599998474121094,52.61000061035156,987717.0
2018-12-10,1249.5999755859375,1249.5999755859375,1241.699951171875,1243.699951171875,131.0,71.36499786376953,72.69999694824219,70.85299682617188,71.36499786376953,0.0,10508.7001953125,10558.849609375,10474.9501953125,10488.4501953125,381300.0,52.029998779296875,52.810001373291016,50.529998779296875,51.0,733225.0
2018-12-11,1245.800048828125,1248.699951171875,1241.5,1241.9000244140625,117.0,72.48999786376953,72.49299621582031,71.69000244140625,72.7300033569336,0.0,10350.0498046875,10567.150390625,10333.849609375,10549.150390625,425500.0,50.88999938964844,52.43000030517578,50.70000076293945,51.650001525878906,665262.0
2018-12-12,1245.300048828125,1245.5999755859375,1244.0999755859375,1244.4000244140625,84.0,72.29049682617188,72.33999633789062,71.76799774169922,72.62000274658203,0.0,10591.0,10752.2001953125,10560.7998046875,10737.599609375,360500.0,51.95000076293945,52.880001068115234,50.939998626708984,51.150001525878906,730810.0
2018-12-13,1243.5,1243.5,1241.0,1242.699951171875,194.0,71.83000183105469,71.83049774169922,71.43000030517578,72.1500015258789,0.0,10810.75,10838.599609375,10749.5,10791.5498046875,376200.0,51.20000076293945,53.27000045776367,50.349998474121094,52.58000183105469,733627.0
2018-12-14,1241.699951171875,1241.699951171875,1234.0999755859375,1237.0,33.0,71.5199966430664,72.16999816894531,71.5199966430664,71.5469970703125,0.0,10784.5,10815.75,10752.099609375,10805.4501953125,340100.0,52.83000183105469,52.95000076293945,50.84000015258789,51.20000076293945,526839.0
2018-12-17,1239.300048828125,1247.4000244140625,1239.300048828125,1247.4000244140625,10.0,71.91000366210938,71.9104995727539,71.5,71.91000366210938,0.0,10853.2001953125,10900.349609375,10844.849609375,10888.349609375,296900.0,51.25,51.869998931884766,49.0099983215332,49.880001068115234,211257.0
2018-12-18,1248.199951171875,1249.199951171875,1245.5999755859375,1249.199951171875,31.0,71.58999633789062,71.62000274658203,70.43000030517578,71.58999633789062,0.0,10850.900390625,10915.400390625,10819.099609375,10908.7001953125,286100.0,49.15999984741211,49.59000015258789,45.790000915527344,46.2400016784668,120101.0
2018-12-19,1255.800048828125,1255.800048828125,1252.0999755859375,1252.0999755859375,268.0,70.56999969482422,70.56999969482422,69.88800048828125,70.56999969482422,0.0,10930.5498046875,10985.150390625,10928.0,10967.2998046875,312100.0,45.93000030517578,48.0,45.93000030517578,47.20000076293945,817721.0
2018-12-20,1243.199951171875,1263.5999755859375,1243.199951171875,1263.5999755859375,49.0,70.6854019165039,70.69300079345703,69.6500015258789,70.68550109863281,0.0,10885.2001953125,10962.5498046875,10880.0498046875,10951.7001953125,318900.0,47.38999938964844,47.5099983215332,45.66999816894531,45.880001068115234,794130.0
2018-12-21,1260.300048828125,1261.300048828125,1253.800048828125,1253.800048828125,96.0,70.30000305175781,70.30999755859375,69.76000213623047,70.30000305175781,0.0,10944.25,10963.650390625,10738.650390625,10754.0,377500.0,46.25,46.77000045776367,45.130001068115234,45.59000015258789,694003.0
2018-12-24,1260.300048828125,1268.5,1260.300048828125,1267.5,27.0,70.13999938964844,70.27999877929688,69.83999633789062,70.13999938964844,0.0,10780.900390625,10782.2998046875,10649.25,10663.5,223400.0,45.45000076293945,46.2400016784668,42.36000061035156,42.529998779296875,415859.0
2018-12-26,1269.300048828125,1277.4000244140625,1269.199951171875,1269.199951171875,63.0,70.23999786376953,70.23999786376953,69.75,70.23999786376953,0.0,10635.4501953125,10747.5,10534.5498046875,10729.849609375,263700.0,42.849998474121094,47.0,42.52000045776367,46.220001220703125,698408.0
2018-12-27,1276.699951171875,1277.300048828125,1276.699951171875,1277.300048828125,480.0,70.1500015258789,70.4000015258789,70.05999755859375,70.1500015258789,0.0,10817.900390625,10834.2001953125,10764.4501953125,10779.7998046875,456100.0,46.58000183105469,46.70000076293945,44.369998931884766,44.61000061035156,665590.0
2018-12-28,1273.5,1280.0999755859375,1273.5,1279.9000244140625,805.0,69.98999786376953,70.35299682617188,69.87000274658203,69.98999786376953,0.0,10820.9501953125,10893.599609375,10817.150390625,10859.900390625,245500.0,45.439998626708984,46.220001220703125,44.41999816894531,45.33000183105469,564385.0
2018-12-31,1278.0,1281.300048828125,1277.5999755859375,1278.300048828125,19.0,69.92250061035156,69.92500305175781,69.47000122070312,69.92250061035156,0.0,10913.2001953125,10923.5498046875,10853.2001953125,10862.5498046875,180900.0,45.220001220703125,46.529998779296875,44.72999954223633,45.40999984741211,476970.0
2019-01-02,1286.0,1286.0,1277.5999755859375,1281.0,149.0,69.44300079345703,70.23300170898438,69.44300079345703,69.70999908447266,0.0,10868.849609375,10895.349609375,10735.0498046875,10792.5,309700.0,45.79999923706055,47.779998779296875,44.349998474121094,46.540000915527344,850480.0
2019-01-03,1286.800048828125,1292.0,1286.699951171875,1291.800048828125,10.0,69.95999908447266,70.51000213623047,69.95999908447266,69.95999908447266,0.0,10796.7998046875,10814.0498046875,10661.25,10672.25,286200.0,46.2599983215332,47.4900016784668,45.349998474121094,47.09000015258789,788718.0
2019-01-04,1294.199951171875,1294.199951171875,1275.300048828125,1282.699951171875,34.0,70.10050201416016,70.13030242919922,69.5999984741211,70.30000305175781,0.0,10699.7001953125,10741.0498046875,10628.650390625,10727.349609375,296600.0,46.900001525878906,49.220001220703125,46.650001525878906,47.959999084472656,817277.0
2019-01-07,1286.800048828125,1286.800048828125,1286.5999755859375,1286.800048828125,2.0,69.5250015258789,69.91999816894531,69.08000183105469,69.5250015258789,0.0,10804.849609375,10835.9501953125,10750.150390625,10771.7998046875,269400.0,48.29999923706055,49.790000915527344,48.11000061035156,48.52000045776367,819939.0
2019-01-08,1280.5,1283.199951171875,1278.199951171875,1283.199951171875,54.0,69.80999755859375,70.23400115966797,69.72000122070312,69.80999755859375,0.0,10786.25,10818.4501953125,10733.25,10802.150390625,277700.0,48.72999954223633,49.95000076293945,48.310001373291016,49.779998779296875,765981.0
2019-01-09,1279.4000244140625,1289.300048828125,1279.199951171875,1289.300048828125,102.0,70.125,70.62999725341797,70.01000213623047,70.33000183105469,0.0,10862.400390625,10870.400390625,10749.400390625,10855.150390625,333000.0,49.79999923706055,52.58000183105469,49.709999084472656,52.36000061035156,891922.0
2019-01-10,1284.699951171875,1284.699951171875,1284.699951171875,1284.699951171875,0.0,70.55049896240234,70.63999938964844,70.31999969482422,70.55049896240234,0.0,10859.349609375,10859.349609375,10801.7998046875,10821.599609375,254400.0,52.18000030517578,52.779998779296875,51.369998931884766,52.59000015258789,821782.0
2019-01-11,1291.199951171875,1291.199951171875,1286.300048828125,1287.0999755859375,11.0,70.41000366210938,70.56999969482422,70.3499984741211,70.72000122070312,0.0,10834.75,10850.150390625,10739.400390625,10794.9501953125,260800.0,52.279998779296875,53.310001373291016,51.18000030517578,51.59000015258789,812339.0
2019-01-14,1292.4000244140625,1293.9000244140625,1289.0999755859375,1289.0999755859375,7.0,70.37000274658203,70.93800354003906,70.2699966430664,70.37000274658203,0.0,10807.0,10808.0,10692.349609375,10737.599609375,298800.0,51.72999954223633,52.11000061035156,50.380001068115234,50.5099983215332,791527.0
2019-01-15,1290.0999755859375,1292.699951171875,1286.199951171875,1286.199951171875,3.0,71.08499908447266,71.13999938964844,70.69000244140625,71.08499908447266,0.0,10777.5498046875,10896.9501953125,10777.5498046875,10886.7998046875,310700.0,50.779998779296875,52.29999923706055,50.63999938964844,52.11000061035156,664183.0
2019-01-16,1291.5999755859375,1291.5999755859375,1291.5999755859375,1291.5999755859375,2.0,71.09249877929688,71.25,70.93000030517578,71.09249877929688,0.0,10899.650390625,10928.150390625,10876.900390625,10890.2998046875,276500.0,52.0,52.52000045776367,51.2599983215332,52.310001373291016,694182.0
2019-01-17,1291.5999755859375,1292.699951171875,1288.5,1291.0,10.0,71.36499786376953,71.56999969482422,70.97049713134766,71.36499786376953,0.0,10920.849609375,10930.650390625,10844.650390625,10905.2001953125,271700.0,52.29999923706055,52.58000183105469,50.97999954223633,52.06999969482422,288560.0
2019-01-18,1281.300048828125,1281.300048828125,1281.300048828125,1281.300048828125,3.0,71.02999877929688,71.26000213623047,70.9800033569336,71.03019714355469,0.0,10914.849609375,10928.2001953125,10852.2001953125,10906.9501953125,323800.0,52.22999954223633,53.91999816894531,52.09000015258789,53.79999923706055,193099.0
2019-01-22,1282.5,1283.300048828125,1282.5,1282.5,7.0,71.18499755859375,71.447998046875,71.06999969482422,71.5,0.0,10949.7998046875,10949.7998046875,10864.150390625,10922.75,300800.0,53.72999954223633,54.2400016784668,51.79999923706055,52.56999969482422,951158.0
2019-01-23,1281.699951171875,1283.9000244140625,1278.699951171875,1283.0999755859375,14.0,71.2302017211914,71.36000061035156,71.0978012084961,71.2302017211914,0.0,10931.0498046875,10944.7998046875,10811.9501953125,10831.5,298900.0,52.95000076293945,53.63999938964844,51.86000061035156,52.619998931884766,702866.0
2019-01-24,1279.0999755859375,1279.0999755859375,1278.5,1279.0999755859375,1.0,71.15730285644531,71.30000305175781,70.94000244140625,71.15730285644531,0.0,10844.0498046875,10866.599609375,10798.650390625,10849.7998046875,361100.0,52.45000076293945,53.470001220703125,52.06999969482422,53.130001068115234,714415.0
2019-01-25,1297.4000244140625,1297.4000244140625,1297.4000244140625,1297.4000244140625,0.0,70.98999786376953,71.2229995727539,70.88400268554688,70.98999786376953,0.0,10859.75,10931.7001953125,10756.4501953125,10780.5498046875,463400.0,53.16999816894531,53.939998626708984,52.90999984741211,53.689998626708984,593385.0
2019-01-28,1300.800048828125,1307.0999755859375,1298.4000244140625,1302.4000244140625,54.0,70.9749984741211,71.19000244140625,70.86000061035156,70.9749984741211,0.0,10792.4501953125,10804.4501953125,10630.9501953125,10661.5498046875,419700.0,53.560001373291016,53.63999938964844,51.33000183105469,51.9900016784668,650667.0
2019-01-29,1308.199951171875,1308.199951171875,1308.199951171875,1308.199951171875,213607.0,71.09010314941406,71.4530029296875,71.0199966430664,71.09010314941406,0.0,10653.7001953125,10690.349609375,10583.650390625,10652.2001953125,356900.0,52.119998931884766,53.93000030517578,51.84000015258789,53.310001373291016,660527.0
2019-01-30,1310.4000244140625,1323.4000244140625,1308.0999755859375,1309.9000244140625,54958.0,71.42250061035156,71.55000305175781,71.10800170898438,71.62000274658203,0.0,10702.25,10710.2001953125,10612.849609375,10651.7998046875,410100.0,53.2400016784668,54.93000030517578,53.09000015258789,54.22999954223633,731312.0
2019-01-31,1320.0,1325.4000244140625,1316.699951171875,1319.699951171875,1970.0,71.12000274658203,71.2300033569336,70.83999633789062,71.12000274658203,0.0,10690.5498046875,10838.0498046875,10678.5498046875,10830.9501953125,604800.0,54.279998779296875,55.369998931884766,53.619998931884766,53.790000915527344,718650.0
2019-02-01,1320.300048828125,1320.699951171875,1315.4000244140625,1316.9000244140625,878.0,70.94999694824219,71.4800033569336,70.91999816894531,71.19999694824219,0.0,10851.349609375,10983.4501953125,10813.4501953125,10893.650390625,482300.0,54.0099983215332,55.65999984741211,53.369998931884766,55.2599983215332,689566.0
2019-02-04,1318.0999755859375,1318.0999755859375,1308.300048828125,1314.300048828125,675.0,71.45169830322266,71.9000015258789,71.4000015258789,71.45169830322266,0.0,10876.75,10927.900390625,10814.150390625,10912.25,318300.0,55.31999969482422,55.75,53.290000915527344,54.560001373291016,622472.0
2019-02-05,1311.0999755859375,1315.0999755859375,1311.0,1314.199951171875,362.0,71.68499755859375,71.80999755859375,71.51000213623047,71.68499755859375,0.0,10908.650390625,10956.7001953125,10886.7001953125,10934.349609375,268100.0,54.86000061035156,55.209999084472656,53.470001220703125,53.65999984741211,609756.0
2019-02-06,1312.5,1313.5,1305.0,1309.5,358.0,71.7699966430664,71.7699966430664,71.44999694824219,71.7699966430664,0.0,10965.099609375,11072.599609375,10962.7001953125,11062.4501953125,298500.0,53.72999954223633,54.29999923706055,52.86000061035156,54.0099983215332,606720.0
2019-02-07,1302.9000244140625,1310.4000244140625,1302.199951171875,1309.4000244140625,203.0,71.54049682617188,71.87999725341797,71.2699966430664,71.54049682617188,0.0,11070.4501953125,11118.099609375,11043.599609375,11069.400390625,263500.0,53.939998626708984,54.209999084472656,51.79999923706055,52.63999938964844,749010.0
2019-02-08,1309.5,1314.0,1307.800048828125,1313.699951171875,122.0,71.58000183105469,71.58000183105469,71.0199966430664,71.58000183105469,0.0,11023.5,11041.2001953125,10925.4501953125,10943.599609375,352800.0,52.59000015258789,52.9900016784668,52.08000183105469,52.720001220703125,621003.0
2019-02-11,1313.4000244140625,1313.4000244140625,1304.699951171875,1307.0,119.0,71.1500015258789,71.30000305175781,71.03450012207031,71.1500015258789,0.0,10930.900390625,10930.900390625,10857.099609375,10888.7998046875,286000.0,52.65999984741211,52.779998779296875,51.22999954223633,52.40999984741211,750242.0
2019-02-12,1310.0,1312.0,1307.5999755859375,1309.199951171875,109.0,71.2300033569336,71.24099731445312,70.55999755859375,71.2300033569336,0.0,10879.7001953125,10910.900390625,10823.7998046875,10831.400390625,292300.0,52.470001220703125,54.04999923706055,52.290000915527344,53.099998474121094,708312.0
2019-02-14,1305.0,1311.800048828125,1301.5999755859375,1309.800048828125,858.0,70.86509704589844,71.23999786376953,70.78800201416016,70.86509704589844,0.0,10786.099609375,10792.7001953125,10718.75,10746.0498046875,627000.0,53.959999084472656,54.68000030517578,53.08000183105469,54.40999984741211,623546.0
2019-02-15,1313.5999755859375,1318.800048828125,1313.5999755859375,1318.0999755859375,190.0,71.01000213623047,71.45999908447266,71.0,71.01000213623047,0.0,10780.25,10785.75,10620.400390625,10724.400390625,521900.0,54.47999954223633,55.869998931884766,54.2400016784668,55.59000015258789,276907.0
2019-02-19,1320.9000244140625,1340.0999755859375,1320.5,1340.0999755859375,390.0,71.37650299072266,71.61000061035156,71.23999786376953,71.69999694824219,0.0,10636.7001953125,10722.849609375,10585.650390625,10604.349609375,291500.0,55.779998779296875,56.33000183105469,55.290000915527344,56.09000015258789,153728.0
2019-02-20,1342.199951171875,1344.0,1338.0,1343.300048828125,581.0,71.30500030517578,71.33000183105469,70.93199920654297,71.5999984741211,0.0,10655.4501953125,10752.7001953125,10646.400390625,10735.4501953125,289200.0,55.939998626708984,57.54999923706055,55.47999954223633,56.91999816894531,685111.0
2019-02-21,1331.300048828125,1334.9000244140625,1320.9000244140625,1323.5,414.0,71.04900360107422,71.23300170898438,70.93000030517578,71.30000305175781,0.0,10744.099609375,10808.849609375,10721.5,10789.849609375,279600.0,57.2400016784668,57.61000061035156,56.63999938964844,56.959999084472656,546202.0
2019-02-22,1324.199951171875,1331.300048828125,1321.0,1329.199951171875,718.0,71.18499755859375,71.2300033569336,71.0199966430664,71.18499755859375,0.0,10782.7001953125,10801.5498046875,10758.400390625,10791.650390625,396800.0,56.84000015258789,57.810001373291016,56.709999084472656,57.2599983215332,513439.0
2019-02-25,1329.199951171875,1331.5999755859375,1325.5999755859375,1325.9000244140625,185.0,71.02749633789062,71.1500015258789,70.81490325927734,71.03099822998047,0.0,10813.25,10887.099609375,10788.0498046875,10880.099609375,385900.0,57.16999816894531,57.529998779296875,55.08000183105469,55.47999954223633,723012.0
2019-02-26,1323.300048828125,1325.5,1323.300048828125,1325.0999755859375,939.0,70.82450103759766,71.43000030517578,70.80149841308594,71.08999633789062,0.0,10775.2998046875,10888.75,10729.2998046875,10835.2998046875,415000.0,55.459999084472656,56.08000183105469,55.02000045776367,55.5,538919.0
2019-02-27,1327.699951171875,1327.9000244140625,1316.5,1317.699951171875,604.0,70.94000244140625,71.4800033569336,70.91999816894531,70.94000244140625,0.0,10881.2001953125,10939.7001953125,10751.2001953125,10806.650390625,381100.0,55.95000076293945,57.38999938964844,55.720001220703125,56.939998626708984,577227.0
2019-02-28,1321.0999755859375,1323.699951171875,1311.5,1312.800048828125,141.0,71.21530151367188,71.59249877929688,70.70349884033203,71.19000244140625,0.0,10865.7001953125,10865.7001953125,10784.849609375,10792.5,644200.0,57.0,57.43000030517578,56.43000030517578,57.220001220703125,496678.0
2019-03-01,1312.199951171875,1312.199951171875,1288.9000244140625,1296.4000244140625,110.0,70.81600189208984,71.05999755859375,70.68830108642578,70.81600189208984,0.0,10842.650390625,10877.900390625,10823.099609375,10863.5,308500.0,57.220001220703125,57.880001068115234,55.56999969482422,55.79999923706055,684186.0
2019-03-05,1287.0,1287.0,1282.0,1282.0,114.0,70.9000015258789,70.97650146484375,70.39700317382812,70.9000015258789,0.0,10864.849609375,10994.900390625,10817.0,10987.4501953125,373200.0,56.45000076293945,57.189998626708984,56.09000015258789,56.560001373291016,538399.0
2019-03-06,1287.0999755859375,1287.0999755859375,1282.5999755859375,1284.9000244140625,14.0,70.4800033569336,70.68350219726562,70.02020263671875,70.74250030517578,0.0,11024.849609375,11062.2998046875,10998.849609375,11053.0,372600.0,56.279998779296875,56.400001525878906,55.41999816894531,56.220001220703125,637677.0
2019-03-07,1281.0,1284.5999755859375,1281.0,1283.800048828125,11.0,70.07050323486328,70.1415023803711,69.78299713134766,70.36499786376953,0.0,11077.9501953125,11089.0498046875,11027.099609375,11058.2001953125,321200.0,56.20000076293945,56.9900016784668,56.08000183105469,56.65999984741211,628824.0
2019-03-08,1292.0999755859375,1297.4000244140625,1291.5999755859375,1297.0,10.0,70.48750305175781,70.48750305175781,69.77529907226562,70.48750305175781,0.0,11038.849609375,11049.0,11008.9501953125,11035.400390625,326600.0,56.43000030517578,56.5099983215332,54.52000045776367,56.06999969482422,747358.0
2019-03-11,1291.0,1291.0,1288.800048828125,1288.800048828125,9.0,69.98690032958984,70.02349853515625,69.79199981689453,69.98690032958984,0.0,11068.75,11180.900390625,11059.849609375,11168.0498046875,352200.0,56.06999969482422,57.0099983215332,55.959999084472656,56.790000915527344,597156.0
2019-03-12,1294.699951171875,1296.300048828125,1294.699951171875,1296.300048828125,1.0,69.79010009765625,69.79029846191406,69.48149871826172,69.79010009765625,0.0,11231.349609375,11320.400390625,11227.0,11301.2001953125,391300.0,56.7599983215332,57.54999923706055,56.7400016784668,56.869998931884766,652798.0
2019-03-13,1307.5,1307.5,1307.5,1307.5,0.0,69.6155014038086,69.81449890136719,69.41400146484375,69.84500122070312,0.0,11326.2001953125,11352.2998046875,11276.599609375,11341.7001953125,383000.0,57.09000015258789,58.47999954223633,57.0099983215332,58.2599983215332,610616.0
2019-03-14,1293.4000244140625,1293.4000244140625,1293.4000244140625,1293.4000244140625,1.0,69.72630310058594,69.72630310058594,69.31300354003906,69.72630310058594,0.0,11382.5,11383.4501953125,11313.75,11343.25,294500.0,58.349998474121094,58.7400016784668,58.0,58.61000061035156,567604.0
2019-03-15,1300.9000244140625,1304.699951171875,1300.5,1301.800048828125,26.0,69.3373031616211,69.62750244140625,68.91500091552734,69.3373031616211,0.0,11376.849609375,11487.0,11370.7998046875,11426.849609375,463700.0,58.5099983215332,58.95000076293945,57.7400016784668,58.52000045776367,507393.0
2019-03-18,1297.300048828125,1302.199951171875,1297.300048828125,1300.300048828125,8.0,68.9530029296875,69.23999786376953,68.45500183105469,68.9530029296875,0.0,11473.849609375,11530.150390625,11412.5,11462.2001953125,320300.0,58.45000076293945,59.22999954223633,58.04999923706055,59.09000015258789,157241.0
2019-03-19,1306.9000244140625,1306.9000244140625,1304.800048828125,1305.0,20.0,68.61499786376953,69.17150115966797,68.35050201416016,68.61799621582031,0.0,11500.2998046875,11543.849609375,11451.25,11532.400390625,326100.0,59.0099983215332,59.56999969482422,58.619998931884766,59.029998779296875,114822.0
2019-03-20,1300.699951171875,1300.699951171875,1300.5,1300.5,2.0,69.00759887695312,69.31749725341797,68.74150085449219,69.31749725341797,0.0,11553.349609375,11556.099609375,11503.099609375,11521.0498046875,366300.0,59.02000045776367,60.119998931884766,58.38999938964844,59.83000183105469,786342.0
2019-03-22,1311.5999755859375,1311.5999755859375,1311.5999755859375,1311.5999755859375,0.0,68.80049896240234,69.25150299072266,68.5479965209961,68.93000030517578,0.0,11549.2001953125,11572.7998046875,11434.5498046875,11456.900390625,386200.0,59.869998931884766,60.06999969482422,58.279998779296875,59.040000915527344,738840.0
2019-03-25,1320.699951171875,1322.9000244140625,1320.699951171875,1321.9000244140625,19.0,69.16059875488281,69.18599700927734,68.79000091552734,69.1604995727539,0.0,11395.650390625,11395.650390625,11311.599609375,11354.25,294500.0,58.97999954223633,59.349998474121094,58.16999816894531,58.81999969482422,705399.0
2019-03-26,1315.5999755859375,1315.5999755859375,1314.300048828125,1314.300048828125,1.0,68.92340087890625,69.30149841308594,68.63400268554688,68.92340087890625,0.0,11375.2001953125,11496.75,11352.4501953125,11483.25,282600.0,59.119998931884766,60.380001068115234,59.040000915527344,59.939998626708984,685988.0
2019-03-27,1309.9000244140625,1309.9000244140625,1309.9000244140625,1309.9000244140625,206263.0,68.98600006103516,69.19580078125,68.7699966430664,69.42749786376953,0.0,11531.4501953125,11546.2001953125,11413.0,11445.0498046875,350400.0,60.029998779296875,60.220001220703125,58.810001373291016,59.40999984741211,732150.0
2019-03-28,1308.4000244140625,1311.0999755859375,1287.699951171875,1289.800048828125,87798.0,69.08999633789062,69.35700225830078,68.91400146484375,69.37000274658203,0.0,11463.650390625,11588.5,11452.4501953125,11570.0,527700.0,59.400001525878906,59.560001373291016,58.20000076293945,59.29999923706055,712209.0
2019-04-01,1291.800048828125,1295.9000244140625,1285.699951171875,1288.4000244140625,675.0,69.43000030517578,69.61000061035156,69.18000030517578,69.43000030517578,0.0,11665.2001953125,11738.099609375,11644.75,11669.150390625,379600.0,60.2400016784668,61.79999923706055,60.130001068115234,61.59000015258789,670808.0
2019-04-02,1286.300048828125,1290.9000244140625,1284.5,1290.0,525.0,69.19550323486328,69.52999877929688,68.73989868164062,69.19529724121094,0.0,11711.5498046875,11729.349609375,11655.849609375,11713.2001953125,386100.0,61.810001373291016,62.75,61.599998474121094,62.58000183105469,793227.0
2019-04-03,1291.4000244140625,1293.0999755859375,1287.5,1289.9000244140625,172.0,68.9104995727539,69.20500183105469,68.37799835205078,68.91020202636719,0.0,11735.2998046875,11761.0,11629.150390625,11643.9501953125,365800.0,62.63999938964844,62.9900016784668,62.04999923706055,62.459999084472656,799672.0
2019-04-04,1290.5999755859375,1292.5999755859375,1279.5,1289.0,269.0,68.44300079345703,69.43000030517578,68.44000244140625,68.8499984741211,0.0,11660.2001953125,11662.5498046875,11559.2001953125,11598.0,349000.0,62.5,62.77000045776367,61.88999938964844,62.099998474121094,684973.0
2019-04-05,1292.0,1292.0,1283.5999755859375,1290.4000244140625,181.0,68.97049713134766,69.32749938964844,68.93900299072266,68.97039794921875,0.0,11638.400390625,11689.650390625,11609.5,11665.9501953125,266700.0,62.18000030517578,63.34000015258789,61.81999969482422,63.08000183105469,686862.0
2019-04-08,1292.199951171875,1302.0999755859375,1291.800048828125,1297.0999755859375,63.0,69.1604995727539,69.7699966430664,69.1604995727539,69.16000366210938,0.0,11704.349609375,11710.2998046875,11549.099609375,11604.5,260900.0,63.33000183105469,64.4800033569336,63.130001068115234,64.4000015258789,895767.0
2019-04-09,1298.5,1304.9000244140625,1298.5,1303.5,30.0,69.5479965209961,69.71499633789062,69.24800109863281,69.55249786376953,0.0,11612.0498046875,11683.900390625,11569.7001953125,11671.9501953125,300500.0,64.4000015258789,64.79000091552734,63.68000030517578,63.97999954223633,790677.0
2019-04-10,1304.0,1309.0999755859375,1301.5,1309.0999755859375,66.0,69.2614974975586,69.36479949951172,69.08100128173828,69.26180267333984,0.0,11646.849609375,11680.0498046875,11571.75,11584.2998046875,359900.0,64.22000122070312,64.69999694824219,64.05000305175781,64.61000061035156,722216.0
2019-04-11,1307.0,1307.0999755859375,1288.5999755859375,1288.5999755859375,420.0,69.1405029296875,69.49500274658203,68.83000183105469,69.14019775390625,0.0,11592.5498046875,11606.7001953125,11550.5498046875,11596.7001953125,279800.0,64.4800033569336,64.48999786376953,63.310001373291016,63.58000183105469,760504.0
2019-04-12,1293.4000244140625,1293.4000244140625,1289.199951171875,1290.5999755859375,607.0,69.01300048828125,69.43000030517578,69.01000213623047,69.43000030517578,0.0,11612.849609375,11657.349609375,11578.7998046875,11643.4501953125,246000.0,63.709999084472656,64.6500015258789,63.65999984741211,63.88999938964844,625588.0
2019-04-15,1284.800048828125,1287.300048828125,1282.300048828125,1286.800048828125,523.0,69.18299865722656,69.62449645996094,68.92400360107422,69.16100311279297,0.0,11667.0,11704.599609375,11648.25,11690.349609375,290000.0,63.7599983215332,63.84000015258789,63.029998779296875,63.400001525878906,555858.0
2019-04-16,1285.199951171875,1285.199951171875,1272.199951171875,1272.5999755859375,643.0,69.38800048828125,69.65899658203125,69.38150024414062,69.80999755859375,0.0,11736.2001953125,11810.9501953125,11731.5498046875,11787.150390625,354300.0,63.56999969482422,64.37000274658203,62.9900016784668,64.05000305175781,547469.0
2019-04-18,1270.800048828125,1273.5999755859375,1270.0999755859375,1271.9000244140625,27.0,69.4010009765625,69.61699676513672,69.3550033569336,69.4010009765625,0.0,11856.150390625,11856.150390625,11738.5,11752.7998046875,339700.0,63.75,64.16000366210938,63.459999084472656,64.0,148238.0
2019-04-22,1273.5,1273.5,1273.5,1273.5,147.0,69.38800048828125,69.91449737548828,69.36000061035156,69.36000061035156,0.0,11727.0498046875,11727.0498046875,11583.9501953125,11594.4501953125,260400.0,64.0,65.91999816894531,64.0,65.69999694824219,763527.0
2019-04-23,1266.4000244140625,1269.800048828125,1266.0,1269.300048828125,206.0,69.69000244140625,69.83399963378906,69.42900085449219,70.0625,0.0,11612.9501953125,11645.9501953125,11564.7998046875,11575.9501953125,272500.0,65.75,66.5999984741211,65.58000183105469,66.30000305175781,700598.0
2019-04-24,1268.4000244140625,1275.5,1267.800048828125,1275.5,518.0,69.760498046875,69.98899841308594,69.66200256347656,69.75800323486328,0.0,11601.5,11740.849609375,11578.849609375,11726.150390625,335200.0,66.16999816894531,66.43000030517578,65.66000366210938,65.88999938964844,678386.0
2019-04-25,1280.5999755859375,1280.800048828125,1275.800048828125,1275.800048828125,95.0,69.9530029296875,70.47750091552734,69.91600036621094,70.0958023071289,0.0,11735.7001953125,11796.75,11624.2998046875,11641.7998046875,604400.0,65.80999755859375,66.27999877929688,64.9000015258789,65.20999908447266,603001.0
2019-04-26,1284.9000244140625,1284.9000244140625,1284.9000244140625,1284.9000244140625,804.0,70.1604995727539,70.54000091552734,69.76429748535156,70.16000366210938,0.0,11683.75,11762.900390625,11661.75,11754.650390625,333500.0,65.12999725341797,65.18000030517578,62.279998779296875,63.29999923706055,1000836.0
2019-04-30,1281.699951171875,1283.300048828125,1280.800048828125,1282.800048828125,114.0,69.8550033569336,69.9209976196289,69.52999877929688,69.81179809570312,0.0,11748.75,11756.25,11655.900390625,11748.150390625,532600.0,63.58000183105469,64.75,63.29999923706055,63.90999984741211,750494.0
2019-05-02,1269.199951171875,1270.800048828125,1266.5999755859375,1269.699951171875,63.0,69.63749694824219,69.64900207519531,69.28900146484375,69.63289642333984,0.0,11725.5498046875,11789.2998046875,11699.5498046875,11724.75,380300.0,63.61000061035156,63.68000030517578,60.95000076293945,61.810001373291016,914661.0
2019-05-03,1270.0999755859375,1279.199951171875,1270.0999755859375,1279.199951171875,15.0,69.42430114746094,69.7699966430664,69.0625,69.42440032958984,0.0,11722.599609375,11770.900390625,11699.349609375,11712.25,305500.0,61.54999923706055,62.52000045776367,61.29999923706055,61.939998626708984,646866.0
2019-05-06,1282.199951171875,1282.199951171875,1280.300048828125,1281.699951171875,12.0,69.08799743652344,69.46700286865234,69.08799743652344,69.16799926757812,0.0,11605.7998046875,11632.5498046875,11571.349609375,11598.25,299000.0,61.43000030517578,62.95000076293945,60.040000915527344,62.25,768810.0
2019-05-07,1280.5,1283.5,1280.5,1283.5,8.0,69.40299987792969,69.66000366210938,69.26200103759766,69.40029907226562,0.0,11651.5,11657.0498046875,11484.4501953125,11497.900390625,337500.0,62.16999816894531,62.4900016784668,60.65999984741211,61.400001525878906,842810.0
2019-05-08,1279.4000244140625,1279.4000244140625,1279.4000244140625,1279.4000244140625,5.0,69.60299682617188,69.91000366210938,69.43900299072266,69.91000366210938,0.0,11478.7001953125,11479.099609375,11346.9501953125,11359.4501953125,372800.0,61.439998626708984,62.369998931884766,61.06999969482422,62.119998931884766,791769.0
2019-05-09,1278.9000244140625,1285.0,1278.800048828125,1283.5,38.0,69.72699737548828,70.28500366210938,69.68399810791016,70.01000213623047,0.0,11322.400390625,11357.599609375,11255.0498046875,11301.7998046875,373000.0,62.02000045776367,62.209999084472656,60.91999816894531,61.70000076293945,769583.0
2019-05-10,1285.4000244140625,1286.5,1283.300048828125,1285.699951171875,6.0,70.19300079345703,70.41000366210938,69.75399780273438,70.41000366210938,0.0,11314.150390625,11345.7998046875,11251.0498046875,11278.900390625,387300.0,61.63999938964844,62.4900016784668,61.41999816894531,61.65999984741211,786494.0
2019-05-13,1286.699951171875,1300.0999755859375,1281.800048828125,1300.0999755859375,56.0,70.00800323486328,70.6364974975586,69.92150115966797,69.92250061035156,0.0,11258.7001953125,11300.2001953125,11125.599609375,11148.2001953125,357600.0,61.650001525878906,63.33000183105469,60.63999938964844,61.040000915527344,1003106.0
2019-05-14,1297.800048828125,1297.800048828125,1294.699951171875,1294.699951171875,6.0,70.61699676513672,70.95999908447266,70.24099731445312,70.61699676513672,0.0,11151.650390625,11294.75,11108.2998046875,11222.0498046875,398100.0,60.86000061035156,62.11000061035156,60.689998626708984,61.779998779296875,751668.0
2019-05-15,1296.9000244140625,1296.9000244140625,1296.0,1296.300048828125,55.0,70.30699920654297,70.41950225830078,70.16600036621094,70.30699920654297,0.0,11271.7001953125,11286.7998046875,11136.9501953125,11157.0,414200.0,61.369998931884766,62.34000015258789,60.849998474121094,62.02000045776367,723001.0
2019-05-16,1285.199951171875,1285.4000244140625,1285.0,1285.0,3.0,70.2136001586914,70.32749938964844,69.91500091552734,70.20919799804688,0.0,11180.349609375,11281.5498046875,11143.349609375,11257.099609375,350700.0,62.119998931884766,63.47999954223633,62.08000183105469,62.869998931884766,545679.0
2019-05-17,1280.0,1280.0,1274.5,1274.5,1.0,70.22709655761719,70.3030014038086,70.07499694824219,70.23500061035156,0.0,11261.900390625,11426.150390625,11259.849609375,11407.150390625,412100.0,63.119998931884766,63.63999938964844,62.52000045776367,62.7599983215332,215802.0
2019-05-20,1276.0999755859375,1276.0999755859375,1276.0999755859375,1276.0999755859375,20.0,70.27300262451172,70.28150177001953,69.26000213623047,70.28150177001953,0.0,11651.900390625,11845.2001953125,11591.7001953125,11828.25,452100.0,63.529998779296875,63.810001373291016,62.45000076293945,63.099998474121094,131888.0
2019-05-21,1272.0,1272.0,1272.0,1272.0,0.0,69.60199737548828,70.12750244140625,69.59929656982422,70.12750244140625,0.0,11863.650390625,11883.5498046875,11682.7998046875,11709.099609375,381000.0,63.279998779296875,63.599998474121094,62.75,62.9900016784668,641680.0
2019-05-23,1284.800048828125,1284.800048828125,1284.800048828125,1284.800048828125,0.0,69.64299774169922,70.19000244140625,69.34439849853516,69.97250366210938,0.0,11901.2998046875,12041.150390625,11614.5,11657.0498046875,569000.0,61.27000045776367,61.290000915527344,57.33000183105469,57.90999984741211,1108052.0
2019-05-24,1283.0,1283.0,1283.0,1283.0,9.0,69.65799713134766,69.94499969482422,69.35749816894531,69.94499969482422,0.0,11748.0,11859.0,11658.099609375,11844.099609375,374600.0,58.209999084472656,59.099998474121094,57.5,58.630001068115234,758099.0
2019-05-28,1276.5,1276.5,1276.5,1276.5,0.0,69.49299621582031,69.72899627685547,69.46499633789062,69.72000122070312,0.0,11958.349609375,11958.5498046875,11864.900390625,11928.75,598300.0,58.939998626708984,59.56999969482422,58.130001068115234,59.13999938964844,1020323.0
2019-05-29,1280.5999755859375,1280.5999755859375,1280.5999755859375,1280.5999755859375,189694.0,69.875,69.99800109863281,69.57099914550781,69.875,0.0,11905.7998046875,11931.900390625,11836.7998046875,11861.099609375,318100.0,59.06999969482422,59.13999938964844,56.880001068115234,58.810001373291016,1124959.0
2019-05-30,1279.4000244140625,1288.300048828125,1273.9000244140625,1287.0999755859375,55573.0,69.81520080566406,70.05999755859375,69.60549926757812,69.81500244140625,0.0,11865.2998046875,11968.5498046875,11859.400390625,11945.900390625,421200.0,59.119998931884766,59.70000076293945,56.33000183105469,56.59000015258789,842281.0
2019-05-31,1287.699951171875,1306.4000244140625,1287.5,1305.800048828125,2814.0,69.80400085449219,69.9800033569336,69.58580017089844,69.9800033569336,0.0,11999.7998046875,12039.25,11829.4501953125,11922.7998046875,438900.0,56.459999084472656,56.61000061035156,53.04999923706055,53.5,1031488.0
2019-06-03,1307.0,1327.800048828125,1307.0,1322.699951171875,812.0,69.57050323486328,69.57050323486328,69.1240005493164,69.5696029663086,0.0,11953.75,12103.0498046875,11920.099609375,12088.5498046875,315300.0,53.41999816894531,54.630001068115234,52.11000061035156,53.25,984308.0
2019-06-04,1324.300048828125,1328.5999755859375,1320.800048828125,1323.4000244140625,302.0,69.1615982055664,69.37899780273438,69.01399993896484,69.16190338134766,0.0,12052.650390625,12095.2001953125,12005.849609375,12021.650390625,289200.0,52.88999938964844,53.779998779296875,52.43000030517578,53.47999954223633,831625.0
2019-06-06,1330.800048828125,1338.699951171875,1326.199951171875,1337.5999755859375,161.0,69.39019775390625,69.625,68.90599822998047,69.625,0.0,12039.7998046875,12039.7998046875,11830.25,11843.75,415200.0,51.65999984741211,53.29999923706055,51.16999816894531,52.59000015258789,790067.0
2019-06-07,1333.0999755859375,1347.699951171875,1329.800048828125,1341.199951171875,240.0,69.36000061035156,69.55699920654297,68.9739990234375,69.36000061035156,0.0,11865.2001953125,11897.5,11769.5,11870.650390625,302500.0,53.099998474121094,54.31999969482422,52.619998931884766,53.9900016784668,828133.0
2019-06-10,1335.800048828125,1336.5,1324.0999755859375,1324.699951171875,268.0,69.3479995727539,69.64800262451172,69.12000274658203,69.34500122070312,0.0,11934.900390625,11975.0498046875,11871.75,11922.7001953125,303300.0,54.2400016784668,54.84000015258789,53.04999923706055,53.2599983215332,687146.0
2019-06-11,1328.4000244140625,1328.4000244140625,1319.0999755859375,1326.4000244140625,201.0,69.50900268554688,69.73999786376953,69.3479995727539,69.52349853515625,0.0,11959.849609375,12000.349609375,11904.349609375,11965.599609375,332200.0,53.43000030517578,54.040000915527344,52.90999984741211,53.27000045776367,642940.0
2019-06-12,1326.9000244140625,1334.5,1326.9000244140625,1331.9000244140625,139.0,69.38899993896484,69.6500015258789,69.25299835205078,69.3864974975586,0.0,11962.4501953125,11962.4501953125,11866.349609375,11906.2001953125,283700.0,53.040000915527344,53.04999923706055,50.720001220703125,51.13999938964844,786105.0
2019-06-13,1331.5999755859375,1341.0999755859375,1331.5999755859375,1339.199951171875,157.0,69.69999694824219,69.69999694824219,69.30699920654297,69.69999694824219,0.0,11873.900390625,11931.349609375,11817.0498046875,11914.0498046875,447900.0,51.06999969482422,53.45000076293945,50.91999816894531,52.279998779296875,945024.0
2019-06-14,1345.4000244140625,1355.4000244140625,1339.300048828125,1340.0999755859375,914.0,69.55799865722656,69.84200286865234,69.50399780273438,69.80000305175781,0.0,11910.099609375,11911.849609375,11797.7001953125,11823.2998046875,390300.0,52.18000030517578,52.97999954223633,51.70000076293945,52.5099983215332,574229.0
2019-06-17,1339.0,1340.300048828125,1335.0,1338.699951171875,76.0,69.82599639892578,70.04499816894531,69.7490005493164,69.77050018310547,0.0,11844.0,11844.0498046875,11657.75,11672.150390625,295500.0,52.5,52.7400016784668,51.58000183105469,51.93000030517578,397868.0
2019-06-18,1349.300048828125,1349.300048828125,1341.5999755859375,1346.5999755859375,29.0,69.81700134277344,70.11250305175781,69.4469985961914,70.11250305175781,0.0,11677.0498046875,11727.2001953125,11641.150390625,11691.5,365500.0,51.95000076293945,54.310001373291016,51.5,53.900001525878906,181640.0
2019-06-19,1344.0,1344.5999755859375,1344.0,1344.5999755859375,129.0,69.60050201416016,69.80599975585938,69.47899627685547,69.76499938964844,0.0,11744.4501953125,11802.5,11625.099609375,11691.4501953125,446900.0,54.09000015258789,54.41999816894531,53.279998779296875,53.7599983215332,122838.0
2019-06-20,1381.5,1392.9000244140625,1379.5,1392.9000244140625,76.0,69.6405029296875,69.87000274658203,69.33100128173828,69.87000274658203,0.0,11653.650390625,11843.5,11635.0498046875,11831.75,442000.0,54.119998931884766,57.02000045776367,54.11000061035156,56.650001525878906,854514.0
2019-06-21,1406.0,1406.0,1390.300048828125,1396.199951171875,35.0,69.51000213623047,69.77999877929688,69.50299835205078,69.77999877929688,0.0,11827.599609375,11827.9501953125,11705.099609375,11724.099609375,468400.0,57.2599983215332,57.97999954223633,56.65999984741211,57.43000030517578,676047.0
2019-06-24,1406.0,1420.5999755859375,1402.0999755859375,1414.300048828125,125.0,69.60800170898438,69.6675033569336,69.29100036621094,69.56990051269531,0.0,11725.7998046875,11754.0,11670.2001953125,11699.650390625,277600.0,57.720001220703125,58.220001220703125,56.75,57.900001525878906,597164.0
2019-06-25,1418.0999755859375,1433.300048828125,1414.9000244140625,1414.9000244140625,105.0,69.25900268554688,69.60250091552734,69.21900177001953,69.60250091552734,0.0,11681.0,11814.400390625,11651.0,11796.4501953125,300500.0,57.7400016784668,58.84000015258789,57.20000076293945,57.83000183105469,673140.0
2019-06-26,1407.199951171875,1413.300048828125,1405.800048828125,1411.5999755859375,1333.0,69.63749694824219,69.7699966430664,69.0989990234375,69.63749694824219,0.0,11768.150390625,11871.849609375,11757.5498046875,11847.5498046875,327900.0,58.84000015258789,59.93000030517578,58.650001525878906,59.380001068115234,686817.0
2019-06-27,1407.0,1410.800048828125,1399.800048828125,1408.4000244140625,437.0,69.60250091552734,69.6155014038086,68.9990005493164,69.60250091552734,0.0,11860.849609375,11911.150390625,11821.0498046875,11841.5498046875,480200.0,59.27000045776367,59.72999954223633,58.61000061035156,59.43000030517578,531405.0
2019-06-28,1408.300048828125,1422.0,1408.300048828125,1409.699951171875,356.0,69.32499694824219,69.32499694824219,68.86900329589844,69.32499694824219,0.0,11861.150390625,11871.7001953125,11775.5,11788.849609375,303900.0,59.220001220703125,59.79999923706055,57.75,58.470001220703125,556101.0
2019-07-01,1386.5999755859375,1395.800048828125,1382.800048828125,1385.5999755859375,214.0,68.94049835205078,69.07499694824219,68.82099914550781,68.94049835205078,0.0,11839.900390625,11884.650390625,11830.7998046875,11865.599609375,278400.0,59.27000045776367,60.279998779296875,58.34000015258789,59.09000015258789,674887.0
2019-07-02,1391.0999755859375,1418.4000244140625,1390.800048828125,1404.5999755859375,38.0,68.87799835205078,69.1675033569336,68.86399841308594,69.1675033569336,0.0,11890.2998046875,11917.4501953125,11814.7001953125,11910.2998046875,363200.0,59.13999938964844,59.43000030517578,56.09000015258789,56.25,878938.0
2019-07-03,1431.0,1434.0,1413.0999755859375,1417.699951171875,46.0,68.88300323486328,69.0824966430664,68.77950286865234,69.0824966430664,0.0,11932.150390625,11945.2001953125,11887.0498046875,11916.75,340500.0,56.4900016784668,57.47999954223633,56.040000915527344,57.34000015258789,600131.0
2019-07-05,1418.300048828125,1418.300048828125,1390.199951171875,1396.699951171875,20.0,68.73999786376953,68.7699966430664,68.38899993896484,68.73999786376953,0.0,11964.75,11981.75,11797.900390625,11811.150390625,530700.0,57.380001068115234,57.81999969482422,56.290000915527344,57.5099983215332,698015.0
2019-07-08,1395.9000244140625,1397.0,1393.5999755859375,1397.0,14.0,68.44300079345703,68.83999633789062,68.44000244140625,68.44000244140625,0.0,11770.400390625,11771.900390625,11523.2998046875,11558.599609375,464000.0,57.77000045776367,58.459999084472656,57.29999923706055,57.65999984741211,540861.0
2019-07-09,1394.5,1397.5,1386.199951171875,1397.5,53.0,68.55899810791016,68.8499984741211,68.50700378417969,68.8499984741211,0.0,11531.599609375,11582.5498046875,11461.0,11555.900390625,442500.0,57.560001373291016,59.099998474121094,57.290000915527344,57.83000183105469,551872.0
2019-07-10,1409.9000244140625,1410.0999755859375,1409.9000244140625,1410.0999755859375,50.0,68.55549621582031,68.76499938964844,68.2925033569336,68.76499938964844,0.0,11536.150390625,11593.7001953125,11475.650390625,11498.900390625,337600.0,58.400001525878906,60.529998779296875,58.349998474121094,60.43000030517578,690656.0
2019-07-11,1424.0,1424.0,1404.300048828125,1404.300048828125,6.0,68.50810241699219,68.52999877929688,68.20230102539062,68.36759948730469,0.0,11561.4501953125,11599.0,11519.5,11582.900390625,317300.0,60.439998626708984,60.939998626708984,60.13999938964844,60.20000076293945,573019.0
2019-07-12,1405.5999755859375,1410.0999755859375,1405.5999755859375,1409.9000244140625,8.0,68.44300079345703,68.68299865722656,68.35649871826172,68.66999816894531,0.0,11601.150390625,11639.5498046875,11538.599609375,11552.5,359400.0,60.459999084472656,60.7400016784668,59.93000030517578,60.209999084472656,469029.0
2019-07-15,1414.4000244140625,1415.0,1411.4000244140625,1411.4000244140625,25.0,68.55049896240234,68.59100341796875,68.30149841308594,68.55030059814453,0.0,11614.75,11618.400390625,11532.2998046875,11588.349609375,368800.0,60.25,60.91999816894531,59.20000076293945,59.58000183105469,566818.0
2019-07-16,1413.5999755859375,1413.699951171875,1405.0,1409.199951171875,13.0,68.53299713134766,68.75,68.50599670410156,68.74749755859375,0.0,11596.650390625,11670.0498046875,11573.9501953125,11662.599609375,480200.0,59.2599983215332,60.060001373291016,57.06999969482422,57.619998931884766,712540.0
2019-07-17,1404.5999755859375,1421.300048828125,1404.5999755859375,1421.300048828125,6.0,68.6812973022461,68.8949966430664,68.60399627685547,68.8949966430664,0.0,11670.75,11706.650390625,11651.150390625,11687.5,464800.0,57.52000045776367,58.36000061035156,56.209999084472656,56.779998779296875,504432.0
2019-07-18,1422.300048828125,1444.199951171875,1419.5,1426.0999755859375,66.0,68.78589630126953,69.01249694824219,68.70030212402344,68.78600311279297,0.0,11675.599609375,11677.150390625,11582.400390625,11596.900390625,498300.0,56.599998474121094,57.31999969482422,54.720001220703125,55.29999923706055,215361.0
2019-07-19,1440.5,1442.0,1425.0999755859375,1425.0999755859375,22.0,68.7853012084961,68.93450164794922,68.60150146484375,68.8499984741211,0.0,11627.9501953125,11640.349609375,11399.2998046875,11419.25,446000.0,55.720001220703125,56.36000061035156,54.9900016784668,55.630001068115234,105217.0
2019-07-22,1425.300048828125,1425.300048828125,1424.0,1425.300048828125,1.0,68.85299682617188,69.20500183105469,68.83000183105469,68.83000183105469,0.0,11392.849609375,11398.150390625,11301.25,11346.2001953125,516000.0,56.220001220703125,56.84000015258789,55.720001220703125,56.220001220703125,619483.0
2019-07-23,1418.5999755859375,1421.300048828125,1416.300048828125,1420.0999755859375,5.0,69.16000366210938,69.19249725341797,68.9000015258789,69.16000366210938,0.0,11372.25,11398.150390625,11302.7998046875,11331.0498046875,458900.0,56.16999816894531,57.470001220703125,55.7400016784668,56.77000045776367,521876.0
2019-07-24,1422.800048828125,1422.800048828125,1422.800048828125,1422.800048828125,20.0,69.0199966430664,69.3499984741211,68.92259979248047,69.0199966430664,0.0,11322.4501953125,11359.75,11229.7998046875,11271.2998046875,413200.0,57.22999954223633,57.63999938964844,55.33000183105469,55.880001068115234,745248.0
2019-07-25,1413.9000244140625,1413.9000244140625,1413.9000244140625,1413.9000244140625,4.0,68.9811019897461,69.18499755859375,68.88279724121094,69.18499755859375,0.0,11290.400390625,11361.400390625,11239.349609375,11252.150390625,553700.0,55.900001525878906,56.9900016784668,55.810001373291016,56.02000045776367,559282.0
2019-07-26,1422.800048828125,1423.0,1418.5,1418.5,5.0,69.15299987792969,69.35749816894531,68.81600189208984,69.15049743652344,0.0,11247.4501953125,11307.599609375,11210.0498046875,11284.2998046875,522700.0,55.93000030517578,56.56999969482422,55.68000030517578,56.20000076293945,476785.0
2019-07-29,1419.5999755859375,1419.5999755859375,1419.5999755859375,1419.5999755859375,224267.0,68.87049865722656,68.95700073242188,68.70999908447266,68.87000274658203,0.0,11307.5,11310.9501953125,11152.400390625,11189.2001953125,482900.0,56.20000076293945,57.099998474121094,55.810001373291016,56.869998931884766,529742.0
2019-07-30,1426.300048828125,1433.9000244140625,1422.0999755859375,1429.699951171875,73874.0,68.74800109863281,68.94999694824219,68.66000366210938,68.94999694824219,0.0,11213.7001953125,11267.4501953125,11072.650390625,11085.400390625,479100.0,57.06999969482422,58.470001220703125,56.959999084472656,58.04999923706055,547401.0
2019-07-31,1431.300048828125,1435.800048828125,1411.199951171875,1426.0999755859375,3294.0,69.07749938964844,69.07749938964844,68.75599670410156,69.07749938964844,0.0,11034.0498046875,11145.2998046875,10999.400390625,11118.0,536700.0,58.34000015258789,58.81999969482422,57.810001373291016,58.58000183105469,614001.0
2019-08-01,1411.300048828125,1445.199951171875,1400.9000244140625,1420.9000244140625,2431.0,68.9999008178711,69.40499877929688,68.86699676513672,69.40499877929688,0.0,11060.2001953125,11076.75,10881.0,10980.0,499900.0,57.849998474121094,57.9900016784668,53.59000015258789,53.95000076293945,886748.0
2019-08-02,1448.0,1448.0,1432.300048828125,1445.5999755859375,1873.0,69.2969970703125,69.80000305175781,69.00749969482422,69.29720306396484,0.0,10930.2998046875,11080.150390625,10848.9501953125,10997.349609375,547400.0,54.540000915527344,56.04999923706055,54.150001525878906,55.65999984741211,739810.0
2019-08-05,1440.4000244140625,1469.699951171875,1440.4000244140625,1464.5999755859375,1008.0,69.69300079345703,71.18699645996094,69.65789794921875,69.65689849853516,0.0,10895.7998046875,10895.7998046875,10782.599609375,10862.599609375,506600.0,55.380001068115234,55.61000061035156,54.220001220703125,54.689998626708984,823844.0
2019-08-06,1469.699951171875,1475.0,1457.699951171875,1472.4000244140625,460.0,71.5199966430664,71.5199966430664,70.49500274658203,71.5199966430664,0.0,10815.400390625,11018.5498046875,10813.7998046875,10948.25,517900.0,54.95000076293945,55.41999816894531,53.290000915527344,53.630001068115234,682794.0
2019-08-07,1473.5,1509.9000244140625,1473.199951171875,1507.300048828125,824.0,71.03299713134766,71.40450286865234,70.59249877929688,71.2300033569336,0.0,10958.099609375,10975.650390625,10835.900390625,10855.5,548500.0,53.41999816894531,53.77000045776367,50.52000045776367,51.09000015258789,1063214.0
2019-08-08,1498.4000244140625,1508.5,1492.0,1497.699951171875,367.0,71.16519927978516,71.20500183105469,70.39600372314453,71.16510009765625,0.0,10899.2001953125,11058.0498046875,10842.9501953125,11032.4501953125,482500.0,52.33000183105469,53.060001373291016,51.939998626708984,52.540000915527344,724762.0
2019-08-09,1506.199951171875,1507.5,1495.5999755859375,1496.5999755859375,74.0,70.48699951171875,71.0615005493164,70.447998046875,70.47090148925781,0.0,11087.900390625,11181.4501953125,11062.7998046875,11109.650390625,538100.0,52.880001068115234,54.91999816894531,52.369998931884766,54.5,726386.0
2019-08-13,1510.4000244140625,1531.4000244140625,1483.699951171875,1502.199951171875,672.0,71.2760009765625,71.58000183105469,70.73999786376953,71.58000183105469,0.0,11139.400390625,11145.900390625,10901.599609375,10925.849609375,624600.0,54.72999954223633,57.470001220703125,54.209999084472656,57.099998474121094,783486.0
2019-08-14,1500.0,1520.5,1497.0,1515.9000244140625,328.0,71.11029815673828,71.5625,70.80999755859375,71.08000183105469,0.0,11003.25,11078.150390625,10935.599609375,11029.400390625,511500.0,56.7400016784668,56.849998474121094,53.970001220703125,55.22999954223633,718293.0
2019-08-16,1524.5999755859375,1524.5999755859375,1504.699951171875,1512.5,1815.0,71.8030014038086,71.8030014038086,71.00800323486328,71.72000122070312,0.0,11043.650390625,11068.650390625,10924.2998046875,11047.7998046875,470900.0,54.7400016784668,55.66999816894531,54.2599983215332,54.869998931884766,168345.0
2019-08-19,1507.199951171875,1507.5999755859375,1492.9000244140625,1500.4000244140625,205.0,71.14800262451172,71.57949829101562,71.03500366210938,71.13200378417969,0.0,11094.7998046875,11146.900390625,11037.849609375,11053.900390625,369500.0,54.959999084472656,56.40999984741211,54.84000015258789,56.209999084472656,113571.0
2019-08-20,1497.5,1506.0999755859375,1497.5,1504.5999755859375,486.0,71.44400024414062,71.99500274658203,71.44100189208984,71.99500274658203,0.0,11063.900390625,11076.2998046875,10985.2998046875,11017.0,444700.0,56.099998474121094,56.599998474121094,55.279998779296875,56.34000015258789,659258.0
2019-08-21,1504.9000244140625,1505.0,1498.800048828125,1504.5999755859375,350.0,71.54199981689453,71.80999755859375,71.33399963378906,71.80999755859375,0.0,11018.150390625,11034.2001953125,10906.650390625,10918.7001953125,557900.0,56.04999923706055,57.130001068115234,55.54999923706055,55.68000030517578,704035.0
2019-08-22,1495.0999755859375,1497.300048828125,1493.800048828125,1497.300048828125,686.0,71.42949676513672,72.0199966430664,71.39299774169922,71.43779754638672,0.0,10905.2998046875,10908.25,10718.2998046875,10741.349609375,668200.0,55.939998626708984,56.459999084472656,54.849998474121094,55.349998474121094,621573.0
2019-08-23,1493.5,1527.5999755859375,1493.5,1526.5999755859375,983.0,72.26499938964844,72.26499938964844,71.40650177001953,71.92040252685547,0.0,10699.599609375,10862.5498046875,10637.150390625,10829.349609375,667100.0,55.349998474121094,55.599998474121094,53.2400016784668,54.16999816894531,807151.0
2019-08-26,1543.199951171875,1543.300048828125,1524.300048828125,1526.300048828125,334.0,71.50499725341797,72.33499908447266,71.50250244140625,71.50250244140625,0.0,11000.2998046875,11070.2998046875,10756.5498046875,11057.849609375,684100.0,53.25,55.2599983215332,52.959999084472656,53.63999938964844,679022.0
2019-08-27,1530.5,1542.0999755859375,1528.5,1541.0,166.0,72.01029968261719,72.16000366210938,71.37000274658203,72.16000366210938,0.0,11106.5498046875,11141.75,11049.5,11105.349609375,685600.0,53.7599983215332,55.720001220703125,53.689998626708984,54.93000030517578,596624.0
2019-08-28,1538.0999755859375,1538.0999755859375,1537.800048828125,1537.800048828125,2756.0,71.5353012084961,71.8949966430664,71.45500183105469,71.53500366210938,0.0,11101.2998046875,11129.650390625,10987.650390625,11046.099609375,550000.0,55.709999084472656,56.75,55.34000015258789,55.779998779296875,674048.0
2019-08-29,1537.5,1549.300048828125,1519.5999755859375,1526.5,704.0,71.81929779052734,72.09349822998047,71.62000274658203,72.08499908447266,0.0,10996.0498046875,11021.099609375,10922.400390625,10948.2998046875,649900.0,55.880001068115234,56.88999938964844,55.43000030517578,56.709999084472656,630760.0
2019-08-30,1524.5999755859375,1530.4000244140625,1516.699951171875,1519.0999755859375,276.0,71.6802978515625,71.97750091552734,71.37699890136719,71.6801986694336,0.0,10987.7998046875,11042.599609375,10874.7998046875,11023.25,628200.0,56.630001068115234,56.720001220703125,54.54999923706055,55.099998474121094,708268.0
2019-09-03,1522.9000244140625,1547.300048828125,1521.0,1545.9000244140625,139.0,71.95950317382812,72.62000274658203,71.7300033569336,71.96209716796875,0.0,10960.9501953125,10967.5,10772.7001953125,10797.900390625,483000.0,55.0,55.2400016784668,52.84000015258789,53.939998626708984,970804.0
2019-09-04,1549.0,1553.199951171875,1534.800048828125,1550.300048828125,46.0,72.1604995727539,72.45999908447266,71.88700103759766,72.45999908447266,0.0,10790.400390625,10858.75,10746.349609375,10844.650390625,508800.0,53.91999816894531,56.58000183105469,53.84000015258789,56.2599983215332,682298.0
2019-09-05,1551.0,1551.0999755859375,1511.0999755859375,1515.4000244140625,125.0,71.95800018310547,72.2699966430664,71.77100372314453,71.95570373535156,0.0,10860.9501953125,10920.099609375,10816.0,10847.900390625,595700.0,55.95000076293945,57.7599983215332,55.75,56.29999923706055,712466.0
2019-09-06,1517.300048828125,1526.0,1504.5,1506.199951171875,54.0,71.92330169677734,72.22000122070312,71.47599792480469,72.22000122070312,0.0,10883.7998046875,10957.0498046875,10867.4501953125,10946.2001953125,497200.0,56.189998626708984,56.95000076293945,54.83000183105469,56.52000045776367,714294.0
2019-09-09,1509.0,1513.0,1498.0,1502.199951171875,69.0,71.63800048828125,71.71499633789062,71.48780059814453,71.66999816894531,0.0,10936.7001953125,11028.849609375,10889.7998046875,11003.0498046875,412500.0,56.79999923706055,58.15999984741211,56.58000183105469,57.849998474121094,646993.0
2019-09-11,1491.699951171875,1496.5999755859375,1490.199951171875,1494.4000244140625,8.0,71.8655014038086,72.18000030517578,71.59300231933594,71.85900115966797,0.0,11028.5,11054.7998046875,11011.650390625,11035.7001953125,687100.0,57.88999938964844,58.29999923706055,55.61000061035156,55.75,858772.0
2019-09-12,1499.5,1515.4000244140625,1498.699951171875,1498.699951171875,27.0,71.560302734375,71.8324966430664,70.86399841308594,71.56009674072266,0.0,11058.2998046875,11081.75,10964.9501953125,10982.7998046875,551400.0,55.93000030517578,56.34000015258789,54.0,55.09000015258789,845977.0
2019-09-13,1490.9000244140625,1490.9000244140625,1486.9000244140625,1490.9000244140625,1.0,70.96399688720703,71.28500366210938,70.85800170898438,71.28500366210938,0.0,10986.7998046875,11084.4501953125,10945.75,11075.900390625,624300.0,55.150001525878906,55.68000030517578,54.439998626708984,54.849998474121094,599470.0
2019-09-16,1506.5999755859375,1506.800048828125,1496.9000244140625,1503.0999755859375,21.0,70.97799682617188,71.64830017089844,70.97799682617188,71.02069854736328,0.0,10994.849609375,11052.7001953125,10968.2001953125,11003.5,434500.0,61.47999954223633,63.380001068115234,58.77000045776367,62.900001525878906,1404916.0
2019-09-17,1497.9000244140625,1505.0999755859375,1497.9000244140625,1505.0999755859375,3.0,71.572998046875,72.32230377197266,71.3550033569336,71.74909973144531,0.0,11000.099609375,11000.099609375,10796.5,10817.599609375,482000.0,61.959999084472656,62.59000015258789,58.459999084472656,59.34000015258789,993237.0
2019-09-18,1508.9000244140625,1509.4000244140625,1489.300048828125,1507.5,8.0,71.48300170898438,71.70999908447266,71.08300018310547,71.70999908447266,0.0,10872.7998046875,10885.150390625,10804.849609375,10840.650390625,519200.0,58.810001373291016,59.43000030517578,57.66999816894531,58.11000061035156,216961.0
2019-09-19,1496.0999755859375,1502.4000244140625,1496.0999755859375,1498.4000244140625,10.0,71.13800048828125,71.5425033569336,71.05449676513672,71.5425033569336,0.0,10845.2001953125,10845.2001953125,10670.25,10704.7998046875,642600.0,58.20000076293945,59.540000915527344,58.0099983215332,58.130001068115234,112327.0
2019-09-20,1503.0,1507.300048828125,1503.0,1507.300048828125,2.0,71.38289642333984,71.71749877929688,70.7123031616211,71.71749877929688,0.0,10746.7998046875,11381.900390625,10691.0,11274.2001953125,1356800.0,58.650001525878906,59.099998474121094,57.790000915527344,58.09000015258789,576019.0
2019-09-23,1515.5,1523.699951171875,1515.5,1523.699951171875,5.0,71.06800079345703,71.22750091552734,70.76820373535156,71.19159698486328,0.0,11542.7001953125,11694.849609375,11471.349609375,11600.2001953125,882800.0,59.25,59.38999938964844,57.369998931884766,58.63999938964844,526785.0
2019-09-24,1515.0999755859375,1533.0,1515.0999755859375,1532.0999755859375,25.0,71.0199966430664,71.02999877929688,70.71980285644531,70.78959655761719,0.0,11590.7001953125,11655.0498046875,11539.2001953125,11588.2001953125,651700.0,58.439998626708984,58.4900016784668,56.689998626708984,57.290000915527344,591529.0
2019-09-25,1527.5999755859375,1527.9000244140625,1504.5999755859375,1504.5999755859375,25.0,70.95829772949219,71.32499694824219,70.93479919433594,71.28500366210938,0.0,11564.849609375,11564.9501953125,11416.099609375,11440.2001953125,629100.0,56.70000076293945,57.02000045776367,55.54999923706055,56.4900016784668,563550.0
2019-09-26,1507.5,1507.5,1507.5,1507.5,8178.0,70.98100280761719,71.30999755859375,70.83149719238281,71.30999755859375,0.0,11469.849609375,11610.849609375,11466.349609375,11571.2001953125,844500.0,56.689998626708984,56.84000015258789,55.40999984741211,56.40999984741211,599653.0
2019-09-27,1504.199951171875,1506.0999755859375,1485.5999755859375,1499.0999755859375,7827.0,70.9530029296875,71.21499633789062,70.36599731445312,71.21499633789062,0.0,11556.349609375,11593.599609375,11499.75,11512.400390625,650000.0,56.5099983215332,56.7599983215332,54.75,55.90999984741211,712966.0
2019-09-30,1495.9000244140625,1495.9000244140625,1463.5,1465.699951171875,1078.0,70.5009994506836,70.87550354003906,70.37529754638672,70.49870300292969,0.0,11491.150390625,11508.25,11390.7998046875,11474.4501953125,756800.0,56.540000915527344,56.56999969482422,53.97999954223633,54.06999969482422,532522.0
2019-10-01,1468.699951171875,1485.5,1458.300048828125,1482.0,219.0,70.63800048828125,71.24150085449219,70.60649871826172,70.92250061035156,0.0,11515.400390625,11554.2001953125,11247.900390625,11359.900390625,1305400.0,54.279998779296875,54.84000015258789,53.04999923706055,53.619998931884766,589176.0
2019-10-03,1497.4000244140625,1518.199951171875,1496.5999755859375,1507.0999755859375,1213.0,71.1405029296875,71.41500091552734,70.86799621582031,71.1416015625,0.0,11322.25,11370.400390625,11257.349609375,11314.0,1017500.0,52.470001220703125,52.90999984741211,50.9900016784668,52.45000076293945,642466.0
2019-10-04,1505.5999755859375,1508.699951171875,1497.0999755859375,1506.199951171875,233.0,71.02300262451172,71.25,70.76249694824219,71.0199966430664,0.0,11388.4501953125,11400.2998046875,11158.349609375,11174.75,928500.0,52.290000915527344,53.349998474121094,52.040000915527344,52.810001373291016,541104.0
2019-10-07,1504.800048828125,1505.800048828125,1489.0999755859375,1497.699951171875,121.0,70.81800079345703,71.09149932861328,70.81500244140625,70.81500244140625,0.0,11196.2001953125,11233.849609375,11112.650390625,11126.400390625,733200.0,52.689998626708984,54.060001373291016,52.59000015258789,52.75,549019.0
2019-10-09,1507.699951171875,1507.699951171875,1498.4000244140625,1506.0999755859375,120.0,71.21299743652344,71.57499694824219,70.9489974975586,71.20999908447266,0.0,11152.9501953125,11321.599609375,11090.150390625,11313.2998046875,741100.0,52.56999969482422,53.7400016784668,52.310001373291016,52.59000015258789,632666.0
2019-10-10,1511.199951171875,1511.199951171875,1490.5999755859375,1494.800048828125,78.0,71.11299896240234,71.41000366210938,70.88200378417969,71.41000366210938,0.0,11280.5,11293.349609375,11208.5498046875,11234.5498046875,562000.0,52.689998626708984,53.970001220703125,51.380001068115234,53.54999923706055,613944.0
2019-10-11,1491.9000244140625,1494.9000244140625,1476.9000244140625,1482.699951171875,57.0,71.19999694824219,71.19999694824219,70.75900268554688,70.9800033569336,0.0,11257.7001953125,11362.900390625,11189.400390625,11305.0498046875,737800.0,53.880001068115234,54.93000030517578,53.63999938964844,54.70000076293945,467643.0
2019-10-14,1484.4000244140625,1493.5,1481.300048828125,1491.699951171875,400.0,70.91699981689453,71.24949645996094,70.73149871826172,70.91400146484375,0.0,11335.900390625,11420.4501953125,11290.0498046875,11341.150390625,587600.0,54.900001525878906,54.900001525878906,52.77000045776367,53.59000015258789,467643.0
2019-10-15,1488.9000244140625,1495.4000244140625,1476.5999755859375,1477.5999755859375,367.0,71.22899627685547,71.58300018310547,71.1240005493164,71.45249938964844,0.0,11360.849609375,11462.349609375,11342.099609375,11428.2998046875,527400.0,53.5099983215332,53.790000915527344,52.38999938964844,52.810001373291016,511249.0
2019-10-16,1482.0,1488.0,1480.0,1488.0,383.0,71.76000213623047,71.76000213623047,71.364501953125,71.76000213623047,0.0,11464.9501953125,11481.0498046875,11411.099609375,11464.0,533500.0,52.91999816894531,53.7400016784668,52.52000045776367,53.36000061035156,451643.0
2019-10-17,1486.199951171875,1493.199951171875,1485.800048828125,1492.300048828125,271.0,71.35440063476562,71.62000274658203,71.06999969482422,71.62000274658203,0.0,11466.2998046875,11599.099609375,11439.650390625,11586.349609375,797600.0,52.9900016784668,54.15999984741211,52.619998931884766,53.93000030517578,418422.0
2019-10-18,1487.300048828125,1489.0999755859375,1486.5999755859375,1488.199951171875,82.0,71.12300109863281,71.42250061035156,70.96600341796875,71.42250061035156,0.0,11580.2998046875,11684.7001953125,11553.150390625,11661.849609375,853400.0,54.09000015258789,54.619998931884766,53.349998474121094,53.779998779296875,174477.0
2019-10-22,1483.4000244140625,1483.5,1481.699951171875,1481.699951171875,99.0,71.1050033569336,71.1050033569336,70.75749969482422,71.1050033569336,0.0,11657.150390625,11714.349609375,11573.650390625,11588.349609375,867600.0,53.38999938964844,54.619998931884766,53.099998474121094,54.15999984741211,506573.0
2019-10-23,1486.4000244140625,1490.300048828125,1486.4000244140625,1489.9000244140625,67.0,71.07499694824219,71.17500305175781,70.70800018310547,71.07499694824219,0.0,11596.2001953125,11651.599609375,11554.400390625,11604.099609375,664200.0,54.29999923706055,56.06999969482422,53.619998931884766,55.970001220703125,620202.0
2019-10-24,1490.5,1501.199951171875,1485.9000244140625,1498.9000244140625,115.0,70.93250274658203,71.072998046875,70.69950103759766,70.71499633789062,0.0,11661.650390625,11679.599609375,11534.650390625,11582.599609375,700500.0,55.900001525878906,56.5099983215332,55.40999984741211,56.22999954223633,480764.0
2019-10-25,1501.4000244140625,1514.300048828125,1499.0,1499.5,93.0,70.95800018310547,71.19000244140625,70.75150299072266,71.19000244140625,0.0,11646.150390625,11646.900390625,11490.75,11583.900390625,812000.0,56.06999969482422,56.7400016784668,55.599998474121094,56.65999984741211,445020.0
2019-10-29,1485.9000244140625,1487.0,1485.9000244140625,1487.0,425.0,70.73509979248047,70.89800262451172,70.68000030517578,70.73500061035156,0.0,11643.9501953125,11809.400390625,11627.349609375,11786.849609375,951700.0,55.79999923706055,55.90999984741211,54.61000061035156,55.540000915527344,521457.0
2019-10-30,1487.199951171875,1495.4000244140625,1481.0,1493.199951171875,320.0,70.8843002319336,71.05000305175781,70.72899627685547,70.88459777832031,0.0,11883.900390625,11883.9501953125,11784.4501953125,11844.099609375,725200.0,55.529998779296875,55.72999954223633,54.41999816894531,55.060001373291016,659328.0
2019-10-31,1496.0999755859375,1513.0999755859375,1496.0999755859375,1511.4000244140625,210.0,70.98999786376953,71.13899993896484,70.67649841308594,70.98999786376953,0.0,11890.4501953125,11945.0,11855.099609375,11877.4501953125,1414800.0,54.900001525878906,55.59000015258789,53.709999084472656,54.18000030517578,677419.0
2019-11-01,1511.0,1511.5999755859375,1503.0,1508.0,235.0,71.27249908447266,71.27249908447266,70.53800201416016,70.97000122070312,0.0,11886.599609375,11918.2998046875,11843.349609375,11890.599609375,855300.0,54.150001525878906,56.33000183105469,54.06999969482422,56.20000076293945,538117.0
2019-11-04,1511.5999755859375,1511.5999755859375,1508.0,1508.0,101.0,70.51210021972656,70.81500244140625,70.47149658203125,70.51210021972656,0.0,11928.900390625,11989.150390625,11905.349609375,11941.2998046875,823100.0,56.40999984741211,57.43000030517578,55.83000183105469,56.540000915527344,580350.0
2019-11-05,1507.0999755859375,1507.0999755859375,1480.800048828125,1480.800048828125,31.0,71.0,71.0,70.61430358886719,71.0,0.0,11974.599609375,11978.9501953125,11861.900390625,11917.2001953125,632000.0,56.560001373291016,57.5,56.29999923706055,57.22999954223633,435319.0
2019-11-06,1483.199951171875,1491.0,1483.199951171875,1490.199951171875,567.0,70.8949966430664,71.09700012207031,70.64900207519531,70.8949966430664,0.0,11911.5,12002.900390625,11850.25,11966.0498046875,603400.0,57.2599983215332,57.849998474121094,56.11000061035156,56.349998474121094,623258.0
2019-11-07,1489.0999755859375,1489.0999755859375,1464.199951171875,1464.199951171875,581.0,71.25749969482422,71.25749969482422,70.87480163574219,71.0,0.0,12021.099609375,12021.400390625,11946.849609375,12012.0498046875,563000.0,56.349998474121094,57.880001068115234,56.27000045776367,57.150001525878906,678165.0
2019-11-08,1469.0999755859375,1469.0999755859375,1461.300048828125,1461.300048828125,21.0,71.30799865722656,71.47000122070312,71.26850128173828,71.37650299072266,0.0,11987.150390625,12034.150390625,11888.75,11908.150390625,789300.0,57.08000183105469,57.47999954223633,55.7599983215332,57.2400016784668,636941.0
2019-11-11,1461.0,1461.0,1449.300048828125,1455.5,22.0,71.3499984741211,71.61399841308594,71.23300170898438,71.37650299072266,0.0,11879.2001953125,11932.650390625,11853.9501953125,11913.4501953125,549000.0,57.400001525878906,57.400001525878906,56.25,56.86000061035156,498981.0
2019-11-13,1456.800048828125,1463.300048828125,1456.800048828125,1461.699951171875,56.0,71.78009796142578,72.19149780273438,71.63700103759766,71.77999877929688,0.0,11908.2998046875,11946.7998046875,11823.2001953125,11840.4501953125,659000.0,56.790000915527344,57.529998779296875,56.20000076293945,57.119998931884766,547635.0
2019-11-14,1463.800048828125,1471.800048828125,1463.699951171875,1471.800048828125,83.0,72.1416015625,72.36000061035156,71.8270034790039,72.1415023803711,0.0,11858.75,11895.650390625,11802.650390625,11872.099609375,559500.0,57.38999938964844,57.790000915527344,56.630001068115234,56.77000045776367,516832.0
2019-11-15,1469.0999755859375,1469.0999755859375,1467.300048828125,1467.300048828125,13.0,71.95559692382812,72.17250061035156,71.58650207519531,71.95580291748047,0.0,11904.2001953125,11973.650390625,11879.25,11895.4501953125,580200.0,56.90999984741211,57.970001220703125,56.43000030517578,57.720001220703125,375993.0
2019-11-18,1472.0,1472.0,1469.699951171875,1470.9000244140625,141.0,71.625,71.93900299072266,71.572998046875,71.70580291748047,0.0,11915.150390625,11946.2001953125,11867.599609375,11884.5,514400.0,57.880001068115234,58.09000015258789,56.54999923706055,57.04999923706055,159328.0
2019-11-19,1467.699951171875,1474.300048828125,1467.699951171875,1473.300048828125,18.0,71.93499755859375,72.16999816894531,71.61730194091797,71.93509674072266,0.0,11919.4501953125,11958.849609375,11881.75,11940.099609375,613900.0,56.900001525878906,57.11000061035156,55.040000915527344,55.209999084472656,121214.0
2019-11-20,1472.5999755859375,1474.5,1467.300048828125,1473.300048828125,31.0,72.06999969482422,72.06999969482422,71.65399932861328,71.85099792480469,0.0,12004.75,12038.599609375,11966.0498046875,11999.099609375,646700.0,55.15999984741211,57.25,54.7599983215332,57.11000061035156,674891.0
2019-11-21,1463.0999755859375,1463.0999755859375,1463.0999755859375,1463.0999755859375,16.0,71.9800033569336,71.9800033569336,71.69380187988281,71.76820373535156,0.0,12025.650390625,12028.2001953125,11956.900390625,11968.400390625,557700.0,57.0,58.66999816894531,56.599998474121094,58.58000183105469,593533.0
2019-11-22,1468.5999755859375,1468.5999755859375,1463.0999755859375,1463.0999755859375,19.0,71.74009704589844,71.94249725341797,71.63899993896484,71.7405014038086,0.0,11967.2998046875,11968.099609375,11883.5,11914.400390625,486800.0,58.310001373291016,58.7400016784668,57.5,57.77000045776367,508244.0
2019-11-25,1457.0999755859375,1457.0999755859375,1455.5,1456.5999755859375,14.0,71.78260040283203,71.86499786376953,71.61150360107422,71.78260040283203,0.0,11922.4501953125,12084.5,11919.75,12073.75,534300.0,57.91999816894531,58.150001525878906,57.209999084472656,58.0099983215332,420642.0
2019-11-26,1459.800048828125,1459.800048828125,1459.800048828125,1459.800048828125,346362.0,71.67939758300781,71.80999755859375,71.4219970703125,71.67949676513672,0.0,12110.2001953125,12132.4501953125,12006.349609375,12037.7001953125,1201300.0,57.91999816894531,58.560001373291016,57.7599983215332,58.40999984741211,443816.0
2019-11-27,1461.0999755859375,1461.9000244140625,1452.0,1453.4000244140625,88364.0,71.42949676513672,71.58000183105469,71.21980285644531,71.42839813232422,0.0,12068.5,12114.900390625,12055.150390625,12100.7001953125,584200.0,58.27000045776367,58.68000030517578,57.5099983215332,58.11000061035156,454256.0
2019-11-29,1453.5999755859375,1465.5999755859375,1452.0999755859375,1465.5999755859375,7020.0,71.54740142822266,71.87550354003906,71.49800109863281,71.54740142822266,0.0,12146.2001953125,12147.400390625,12017.400390625,12056.0498046875,804400.0,58.130001068115234,58.29999923706055,55.02000045776367,55.16999816894531,718724.0
2019-12-02,1462.800048828125,1464.4000244140625,1453.300048828125,1462.300048828125,2172.0,71.73899841308594,71.80899810791016,71.5739974975586,71.7229995727539,0.0,12137.0498046875,12137.150390625,12023.7001953125,12048.2001953125,720900.0,55.470001220703125,56.66999816894531,55.41999816894531,55.959999084472656,616423.0
2019-12-03,1461.5999755859375,1480.4000244140625,1459.5,1478.199951171875,1460.0,71.6250991821289,71.80899810791016,71.4990005493164,71.625,0.0,12067.650390625,12068.599609375,11956.400390625,11994.2001953125,605800.0,55.959999084472656,56.79999923706055,55.349998474121094,56.099998474121094,560554.0
2019-12-04,1477.5,1483.4000244140625,1471.199951171875,1474.0,613.0,71.73069763183594,71.95999908447266,71.46900177001953,71.95999908447266,0.0,11969.9501953125,12054.7001953125,11935.2998046875,12043.2001953125,747200.0,56.43000030517578,58.65999984741211,56.279998779296875,58.43000030517578,760541.0
2019-12-05,1474.699951171875,1478.0,1472.300048828125,1476.9000244140625,907.0,71.4800033569336,71.63999938964844,71.1791000366211,71.4801025390625,0.0,12071.25,12081.2001953125,11998.75,12018.400390625,562200.0,58.36000061035156,59.119998931884766,58.099998474121094,58.43000030517578,649461.0
2019-12-06,1475.0,1476.0,1458.199951171875,1459.0999755859375,899.0,71.22989654541016,71.43199920654297,71.19499969482422,71.38500213623047,0.0,12047.349609375,12057.0498046875,11888.849609375,11921.5,609200.0,58.31999969482422,59.849998474121094,57.70000076293945,59.20000076293945,679609.0
2019-12-09,1458.800048828125,1464.199951171875,1458.5999755859375,1459.300048828125,1461.0,71.27290344238281,71.2750015258789,71.00849914550781,71.28679656982422,0.0,11939.099609375,11981.9501953125,11888.0498046875,11937.5,599100.0,59.11000061035156,59.25,58.22999954223633,59.02000045776367,511561.0
2019-12-10,1460.699951171875,1467.199951171875,1460.699951171875,1462.5999755859375,367.0,70.96009826660156,71.1500015258789,70.78099822998047,70.96019744873047,0.0,11950.5,11953.2001953125,11844.7001953125,11856.7998046875,650200.0,58.91999816894531,59.52000045776367,58.52000045776367,59.2400016784668,566822.0
2019-12-11,1463.0999755859375,1475.4000244140625,1463.0999755859375,1469.4000244140625,393.0,70.82230377197266,71.01000213623047,70.65299987792969,71.01000213623047,0.0,11867.349609375,11923.2001953125,11832.2998046875,11910.150390625,997700.0,59.060001373291016,59.220001220703125,58.11000061035156,58.7599983215332,589650.0
2019-12-12,1475.0999755859375,1483.9000244140625,1463.699951171875,1466.699951171875,955.0,70.72920227050781,70.93000030517578,70.51699829101562,70.72930145263672,0.0,11944.2998046875,12005.5,11934.0,11971.7998046875,752600.0,58.880001068115234,59.720001220703125,58.75,59.18000030517578,530851.0
2019-12-13,1463.0999755859375,1475.9000244140625,1463.0999755859375,1475.5999755859375,468.0,70.70999908447266,70.85399627685547,70.47100067138672,70.55989837646484,0.0,12026.400390625,12098.849609375,12023.599609375,12086.7001953125,597700.0,59.36000061035156,60.47999954223633,59.27000045776367,60.06999969482422,512288.0
2019-12-16,1473.800048828125,1475.300048828125,1473.800048828125,1475.0,99.0,70.67949676513672,71.02799987792969,70.66649627685547,70.68900299072266,0.0,12131.349609375,12134.650390625,12046.2998046875,12053.9501953125,437700.0,59.869998931884766,60.34000015258789,59.709999084472656,60.209999084472656,347395.0
2019-12-17,1474.0999755859375,1476.9000244140625,1474.0,1474.5999755859375,410.0,70.92050170898438,71.09100341796875,70.8479995727539,70.92050170898438,0.0,12082.4501953125,12182.75,12070.349609375,12165.0,499600.0,60.22999954223633,61.060001373291016,60.029998779296875,60.939998626708984,163744.0
2019-12-18,1472.5999755859375,1472.5999755859375,1472.5999755859375,1472.5999755859375,250.0,71.02559661865234,71.2645034790039,70.87100219726562,71.21499633789062,0.0,12197.0,12237.7001953125,12163.4501953125,12221.650390625,518900.0,60.54999923706055,61.18000030517578,60.31999969482422,60.93000030517578,131071.0
2019-12-19,1475.9000244140625,1478.9000244140625,1473.300048828125,1478.199951171875,319.0,70.98999786376953,71.36499786376953,70.87200164794922,70.98989868164062,0.0,12223.400390625,12268.349609375,12191.150390625,12259.7001953125,623100.0,60.86000061035156,61.470001220703125,60.790000915527344,61.220001220703125,426341.0
2019-12-20,1476.699951171875,1478.0999755859375,1474.699951171875,1474.699951171875,118.0,71.22270202636719,71.42500305175781,71.03399658203125,71.22270202636719,0.0,12266.4501953125,12293.900390625,12252.75,12271.7998046875,810700.0,61.11000061035156,61.20000076293945,60.02000045776367,60.439998626708984,552517.0
2019-12-23,1482.300048828125,1482.5,1479.9000244140625,1482.5,391.0,71.05000305175781,71.29049682617188,71.03399658203125,71.02400207519531,0.0,12235.4501953125,12287.150390625,12213.25,12262.75,604800.0,60.40999984741211,60.77000045776367,60.099998474121094,60.52000045776367,314711.0
2019-12-24,1488.699951171875,1499.0999755859375,1488.699951171875,1499.0999755859375,52.0,71.20999908447266,71.41000366210938,71.14230346679688,71.21070098876953,0.0,12269.25,12283.7001953125,12202.099609375,12214.5498046875,470300.0,60.630001068115234,61.15999984741211,60.470001220703125,61.11000061035156,204535.0
2019-12-26,1505.199951171875,1512.300048828125,1505.0,1509.300048828125,126.0,71.33599853515625,71.54000091552734,71.20050048828125,71.54000091552734,0.0,12211.849609375,12221.5498046875,12118.849609375,12126.5498046875,520300.0,61.20000076293945,61.83000183105469,61.060001373291016,61.68000030517578,265091.0
2019-12-27,1513.800048828125,1513.800048828125,1513.800048828125,1513.800048828125,839.0,71.45999908447266,71.56199645996094,71.19000244140625,71.30030059814453,0.0,12172.900390625,12258.4501953125,12157.900390625,12245.7998046875,383800.0,61.72999954223633,61.970001220703125,61.2400016784668,61.720001220703125,351899.0
2019-12-30,1512.5999755859375,1515.0999755859375,1510.0,1514.5,446.0,71.41000366210938,71.5,71.25299835205078,71.31300354003906,0.0,12274.900390625,12286.4501953125,12213.7998046875,12255.849609375,411100.0,61.709999084472656,62.34000015258789,61.09000015258789,61.68000030517578,427149.0
2019-12-31,1513.800048828125,1523.4000244140625,1513.800048828125,1519.5,301.0,71.31099700927734,71.5374984741211,71.13480377197266,71.31099700927734,0.0,12247.099609375,12247.099609375,12151.7998046875,12168.4501953125,426900.0,61.68000030517578,61.880001068115234,60.630001068115234,61.060001373291016,494535.0
2020-01-02,1518.0999755859375,1528.699951171875,1518.0,1524.5,214.0,71.0250015258789,71.40550231933594,71.0250015258789,71.0250015258789,0.0,12198.5498046875,12289.900390625,12195.25,12282.2001953125,407700.0,61.599998474121094,61.599998474121094,60.63999938964844,61.18000030517578,486873.0
2020-01-03,1530.0999755859375,1552.699951171875,1530.0999755859375,1549.199951171875,107.0,71.41500091552734,71.99500274658203,71.22979736328125,71.41500091552734,0.0,12261.099609375,12265.599609375,12191.349609375,12226.650390625,428800.0,61.18000030517578,64.08999633789062,61.130001068115234,63.04999923706055,885861.0
2020-01-06,1580.0,1580.0,1560.4000244140625,1566.199951171875,416.0,71.72000122070312,72.19000244140625,71.7030029296875,71.73100280761719,0.0,12170.599609375,12179.099609375,11974.2001953125,11993.0498046875,396500.0,63.709999084472656,64.72000122070312,62.63999938964844,63.27000045776367,724236.0
2020-01-07,1558.300048828125,1576.300048828125,1558.300048828125,1571.800048828125,47.0,72.0199966430664,72.03260040283203,71.66899871826172,71.78700256347656,0.0,12079.099609375,12152.150390625,12005.349609375,12052.9501953125,447800.0,62.90999984741211,63.150001525878906,62.11000061035156,62.70000076293945,582649.0
2020-01-08,1579.699951171875,1604.199951171875,1552.300048828125,1557.4000244140625,236.0,72.16000366210938,72.5,71.34449768066406,72.16000366210938,0.0,11939.099609375,12044.9501953125,11929.599609375,12025.349609375,446000.0,62.84000015258789,65.6500015258789,59.150001525878906,59.61000061035156,1205710.0
2020-01-09,1555.699951171875,1555.699951171875,1543.300048828125,1551.699951171875,54.0,71.62999725341797,71.62999725341797,71.10199737548828,71.41190338134766,0.0,12153.150390625,12224.0498046875,12132.5498046875,12215.900390625,477500.0,59.9900016784668,60.310001373291016,58.65999984741211,59.560001373291016,750933.0
2020-01-10,1551.199951171875,1558.800048828125,1545.4000244140625,1557.5,16.0,71.39250183105469,71.39250183105469,70.8290023803711,71.19429779052734,0.0,12271.0,12311.2001953125,12213.2001953125,12256.7998046875,660600.0,59.61000061035156,59.779998779296875,58.849998474121094,59.040000915527344,596186.0
2020-01-13,1557.4000244140625,1558.0,1548.4000244140625,1548.4000244140625,48.0,70.9530029296875,70.98999786376953,70.64800262451172,70.9530029296875,0.0,12296.7001953125,12337.75,12285.7998046875,12329.5498046875,501000.0,59.040000915527344,59.27000045776367,57.90999984741211,58.08000183105469,584002.0
2020-01-14,1546.699951171875,1546.699951171875,1534.9000244140625,1542.4000244140625,32.0,70.71890258789062,70.95249938964844,70.60649871826172,70.71890258789062,0.0,12333.099609375,12374.25,12308.7001953125,12362.2998046875,616300.0,58.029998779296875,58.720001220703125,57.720001220703125,58.22999954223633,507714.0
2020-01-15,1548.0,1553.9000244140625,1545.5999755859375,1552.0999755859375,11.0,71.1050033569336,71.1050033569336,70.66000366210938,70.84510040283203,0.0,12349.400390625,12355.150390625,12278.75,12343.2998046875,684400.0,58.20000076293945,58.36000061035156,57.36000061035156,57.810001373291016,433169.0
2020-01-16,1555.699951171875,1556.0999755859375,1548.5,1549.0,98.0,70.93250274658203,71.0999984741211,70.6614990234375,70.71800231933594,0.0,12347.099609375,12389.0498046875,12315.7998046875,12355.5,395700.0,58.099998474121094,58.869998931884766,57.560001373291016,58.52000045776367,182871.0
2020-01-17,1554.0999755859375,1558.800048828125,1553.5999755859375,1558.800048828125,108.0,71.1624984741211,71.1624984741211,70.83599853515625,70.94560241699219,0.0,12328.400390625,12385.4501953125,12321.400390625,12352.349609375,502100.0,58.59000015258789,58.97999954223633,58.27000045776367,58.540000915527344,122561.0
2020-01-21,1559.300048828125,1566.199951171875,1551.0,1556.4000244140625,45.0,71.24250030517578,71.37000274658203,71.02999877929688,71.03099822998047,0.0,12195.2998046875,12230.0498046875,12162.2998046875,12169.849609375,400.0,59.16999816894531,59.72999954223633,57.68000030517578,58.34000015258789,648335.0
2020-01-22,1549.800048828125,1557.0999755859375,1549.800048828125,1555.300048828125,42.0,71.2040023803711,71.41500091552734,71.06649780273438,71.16999816894531,0.0,12218.349609375,12225.0498046875,12087.900390625,12106.900390625,500.0,58.2599983215332,58.380001068115234,56.029998779296875,56.7400016784668,620119.0
2020-01-23,1553.0999755859375,1564.5999755859375,1552.199951171875,1564.5999755859375,15.0,71.06999969482422,71.45249938964844,71.06999969482422,71.0781021118164,0.0,12123.75,12189.0,12094.099609375,12180.349609375,867700.0,56.11000061035156,56.27000045776367,54.77000045776367,55.59000015258789,703995.0
2020-01-24,1556.300048828125,1571.0999755859375,1556.300048828125,1571.0999755859375,43.0,71.32219696044922,71.51000213623047,71.20850372314453,71.32099914550781,0.0,12174.5498046875,12272.150390625,12149.650390625,12248.25,593200.0,55.689998626708984,55.95000076293945,53.849998474121094,54.189998626708984,586195.0
2020-01-27,1584.300048828125,1584.5,1576.800048828125,1576.800048828125,22.0,71.31999969482422,71.63500213623047,71.31999969482422,71.32499694824219,0.0,12197.099609375,12216.599609375,12107.0,12119.0,441200.0,53.70000076293945,53.709999084472656,52.130001068115234,53.13999938964844,712880.0
2020-01-28,1576.4000244140625,1576.4000244140625,1569.199951171875,1569.199951171875,3.0,71.65499877929688,71.65499877929688,71.1780014038086,71.44000244140625,0.0,12148.099609375,12163.5498046875,12024.5,12055.7998046875,478500.0,52.77000045776367,54.060001373291016,52.68000030517578,53.47999954223633,633963.0
2020-01-29,1569.800048828125,1569.800048828125,1569.800048828125,1569.800048828125,251274.0,71.2301025390625,71.42500305175781,71.16850280761719,71.23040008544922,0.0,12114.900390625,12169.599609375,12103.7998046875,12129.5,514400.0,53.970001220703125,54.369998931884766,52.810001373291016,53.33000183105469,624979.0
2020-01-30,1576.800048828125,1585.0,1571.4000244140625,1583.5,62336.0,71.30000305175781,71.71199798583984,71.30000305175781,71.30000305175781,0.0,12147.75,12150.2998046875,12010.599609375,12035.7998046875,538100.0,53.09000015258789,53.20000076293945,51.65999984741211,52.13999938964844,720123.0
2020-01-31,1573.4000244140625,1589.0,1570.0,1582.9000244140625,1095.0,71.63999938964844,71.63999938964844,71.27749633789062,71.63999938964844,0.0,12100.400390625,12103.5498046875,11945.849609375,11962.099609375,771300.0,52.91999816894531,53.36000061035156,50.970001220703125,51.560001373291016,827907.0
2020-02-03,1592.9000244140625,1593.300048828125,1568.199951171875,1577.199951171875,1062.0,71.54499816894531,71.69999694824219,71.2655029296875,71.49649810791016,0.0,11627.4501953125,11749.849609375,11614.5,11707.900390625,669800.0,51.0099983215332,51.970001220703125,49.79999923706055,50.11000061035156,876044.0
2020-02-04,1577.699951171875,1577.699951171875,1547.800048828125,1550.4000244140625,978.0,71.31410217285156,71.51499938964844,71.08499908447266,71.31410217285156,0.0,11786.25,11986.150390625,11783.400390625,11979.650390625,560400.0,49.939998626708984,51.54999923706055,49.310001373291016,49.61000061035156,859357.0
2020-02-05,1553.199951171875,1560.699951171875,1547.699951171875,1557.800048828125,1305.0,71.10040283203125,71.27999877929688,71.09989929199219,71.0999984741211,0.0,12005.849609375,12098.150390625,11953.349609375,12089.150390625,758000.0,49.5099983215332,51.880001068115234,49.470001220703125,50.75,887946.0
2020-02-06,1553.5999755859375,1565.5999755859375,1551.5999755859375,1565.0999755859375,110.0,71.18099975585938,71.39749908447266,71.12100219726562,71.18000030517578,0.0,12120.0,12160.599609375,12084.650390625,12137.9501953125,565100.0,51.16999816894531,52.20000076293945,50.2400016784668,50.95000076293945,750659.0
2020-02-07,1564.9000244140625,1571.9000244140625,1560.5,1568.5999755859375,431.0,71.47000122070312,71.57099914550781,71.17749786376953,71.47000122070312,0.0,12151.150390625,12154.7001953125,12073.9501953125,12098.349609375,473500.0,51.11000061035156,51.47999954223633,50.09000015258789,50.31999969482422,768345.0
2020-02-10,1569.300048828125,1574.699951171875,1568.5999755859375,1574.699951171875,128.0,71.50499725341797,71.50800323486328,71.25900268554688,71.5155029296875,0.0,12102.349609375,12103.5498046875,11990.75,12031.5,524700.0,50.119998931884766,50.4900016784668,49.41999816894531,49.56999969482422,715894.0
2020-02-11,1570.9000244140625,1571.0999755859375,1561.9000244140625,1565.5999755859375,440.0,71.47000122070312,71.47000122070312,71.17150115966797,71.27999877929688,0.0,12108.400390625,12172.2998046875,12099.0,12107.900390625,480000.0,49.61000061035156,50.689998626708984,49.58000183105469,49.939998626708984,725733.0
2020-02-12,1565.199951171875,1568.699951171875,1561.0,1567.4000244140625,36.0,71.27549743652344,71.4749984741211,71.06400299072266,71.27529907226562,0.0,12151.0,12231.75,12144.2998046875,12201.2001953125,411700.0,49.959999084472656,51.72999954223633,49.95000076293945,51.16999816894531,795256.0
2020-02-13,1570.199951171875,1575.0999755859375,1570.199951171875,1575.0999755859375,74.0,71.29650115966797,71.49189758300781,71.23580169677734,71.29620361328125,0.0,12219.5498046875,12225.650390625,12139.7998046875,12174.650390625,501200.0,51.720001220703125,51.959999084472656,50.599998474121094,51.41999816894531,745400.0
2020-02-14,1575.800048828125,1582.699951171875,1574.800048828125,1582.699951171875,68.0,71.26850128173828,71.59600067138672,71.25640106201172,71.26850128173828,0.0,12190.150390625,12246.7001953125,12091.2001953125,12113.4501953125,622800.0,51.5099983215332,52.34000015258789,51.31999969482422,52.04999923706055,607343.0
2020-02-18,1579.800048828125,1604.300048828125,1579.800048828125,1600.0,310.0,71.34929656982422,71.6135025024414,71.33000183105469,71.34919738769531,0.0,12028.25,12030.75,11908.0498046875,11992.5,676900.0,52.22999954223633,52.40999984741211,50.880001068115234,52.04999923706055,221774.0
2020-02-19,1600.5999755859375,1610.5,1599.699951171875,1607.5,542.0,71.79000091552734,71.81500244140625,71.4209976196289,71.57499694824219,0.0,12090.599609375,12134.7001953125,12042.099609375,12125.900390625,513600.0,52.119998931884766,53.65999984741211,51.93000030517578,53.290000915527344,113683.0
2020-02-20,1606.5,1621.0,1603.0,1616.5999755859375,117.0,71.63289642333984,71.91950225830078,71.54740142822266,71.82749938964844,0.0,12119.0,12152.0,12071.4501953125,12080.849609375,502600.0,53.5,54.5,53.220001220703125,53.779998779296875,676179.0
2020-02-24,1657.0,1686.5999755859375,1650.0,1672.4000244140625,435.0,71.87000274658203,72.3550033569336,71.76699829101562,71.88680267333984,0.0,12012.5498046875,12012.5498046875,11813.400390625,11829.400390625,490800.0,52.599998474121094,52.63999938964844,50.45000076293945,51.43000030517578,765515.0
2020-02-25,1645.0999755859375,1653.699951171875,1632.300048828125,1646.9000244140625,409.0,72.04669952392578,72.29499816894531,71.59300231933594,72.04669952392578,0.0,11877.5,11883.0498046875,11779.900390625,11797.900390625,461000.0,51.369998931884766,52.02000045776367,49.689998626708984,49.900001525878906,764989.0
2020-02-26,1644.0,1648.0999755859375,1636.4000244140625,1640.0,1990.0,71.87000274658203,72.13749694824219,71.52559661865234,71.87000274658203,0.0,11738.5498046875,11783.25,11639.599609375,11678.5,567600.0,50.08000183105469,50.439998626708984,48.29999923706055,48.72999954223633,884482.0
2020-02-27,1641.0999755859375,1658.0,1638.5,1640.0,707.0,71.66339874267578,71.95249938964844,71.53500366210938,71.66339874267578,0.0,11661.25,11663.849609375,11536.7001953125,11633.2998046875,608600.0,48.630001068115234,48.779998779296875,45.880001068115234,47.09000015258789,1011915.0
2020-02-28,1640.300048828125,1642.5,1564.0999755859375,1564.0999755859375,289.0,71.93000030517578,72.81500244140625,71.62750244140625,71.93000030517578,0.0,11382.0,11384.7998046875,11175.0498046875,11201.75,809900.0,46.4900016784668,47.029998779296875,43.849998474121094,44.7599983215332,1101659.0
2020-03-02,1583.9000244140625,1608.300048828125,1574.300048828125,1592.300048828125,537.0,72.52899932861328,73.38749694824219,71.95249938964844,72.1500015258789,0.0,11387.349609375,11433.0,11036.25,11132.75,680800.0,43.70000076293945,47.560001373291016,43.31999969482422,46.75,949471.0
2020-03-03,1594.5,1645.300048828125,1594.0,1642.0999755859375,610.0,72.42350006103516,73.5999984741211,72.34249877929688,72.82499694824219,0.0,11217.5498046875,11342.25,11152.5498046875,11303.2998046875,696500.0,47.720001220703125,48.65999984741211,46.470001220703125,47.18000030517578,1011933.0
2020-03-04,1645.4000244140625,1645.9000244140625,1631.300048828125,1641.0999755859375,83.0,73.34200286865234,74.0374984741211,72.8949966430664,73.34200286865234,0.0,11351.349609375,11356.599609375,11082.150390625,11251.0,797700.0,46.939998626708984,48.40999984741211,46.650001525878906,46.779998779296875,745856.0
2020-03-05,1637.300048828125,1672.9000244140625,1637.199951171875,1666.4000244140625,154.0,74.0425033569336,74.08000183105469,73.05000305175781,74.0425033569336,0.0,11306.0498046875,11389.5,11244.599609375,11269.0,1352500.0,47.130001068115234,47.56999969482422,45.650001525878906,45.900001525878906,704591.0
2020-03-06,1670.800048828125,1686.199951171875,1647.199951171875,1670.800048828125,175.0,73.8551025390625,74.44000244140625,73.49649810791016,73.8551025390625,0.0,10942.650390625,11035.099609375,10827.400390625,10989.4501953125,1811000.0,46.09000015258789,46.380001068115234,41.04999923706055,41.279998779296875,1276180.0
2020-03-09,1696.0999755859375,1701.5999755859375,1657.699951171875,1674.5,161.0,73.99530029296875,75.0625,73.86250305175781,73.99530029296875,0.0,10742.0498046875,10751.5498046875,10294.4501953125,10451.4501953125,1565500.0,32.869998931884766,34.880001068115234,27.34000015258789,31.1299991607666,1774383.0
2020-03-11,1656.5999755859375,1666.5,1635.0,1641.4000244140625,47.0,74.20500183105469,74.40499877929688,73.40450286865234,74.20500183105469,0.0,10334.2998046875,10545.099609375,10334.0,10458.400390625,1218500.0,34.619998931884766,36.349998474121094,32.560001373291016,32.97999954223633,874646.0
2020-03-12,1637.0,1647.5,1566.4000244140625,1589.300048828125,256.0,74.76000213623047,75.37999725341797,73.99449920654297,74.76000213623047,0.0,10039.9501953125,10040.75,9508.0,9590.150390625,1343500.0,33.06999969482422,33.630001068115234,30.020000457763672,31.5,1025036.0
2020-03-13,1574.9000244140625,1589.800048828125,1513.800048828125,1515.699951171875,89.0,74.43609619140625,75.43499755859375,73.69950103759766,75.30000305175781,0.0,9107.599609375,10159.400390625,8555.150390625,9955.2001953125,1388000.0,30.770000457763672,33.869998931884766,30.329999923706055,31.729999542236328,743129.0
2020-03-16,1569.0999755859375,1569.0999755859375,1452.0999755859375,1485.9000244140625,193.0,73.83000183105469,75.12249755859375,73.75749969482422,73.90399932861328,0.0,9587.7998046875,9602.2001953125,9165.099609375,9197.400390625,897700.0,33.75,33.75,28.100000381469727,28.700000762939453,698829.0
2020-03-17,1469.300048828125,1537.699951171875,1469.300048828125,1524.9000244140625,122.0,75.15499877929688,75.15499877929688,73.58000183105469,75.15499877929688,0.0,9285.400390625,9403.7998046875,8915.599609375,8967.0498046875,935600.0,28.690000534057617,30.299999237060547,26.6299991607666,26.950000762939453,545820.0
2020-03-18,1537.5,1542.0,1477.300048828125,1477.300048828125,333.0,74.01239776611328,74.989501953125,73.70500183105469,74.01239776611328,0.0,9088.4501953125,9127.5498046875,8407.0498046875,8468.7998046875,1516600.0,26.940000534057617,27.219999313354492,20.059999465942383,20.3700008392334,309481.0
2020-03-19,1481.5,1491.5999755859375,1471.0,1478.5999755859375,262.0,74.98200225830078,75.5719985961914,74.41100311279297,74.98200225830078,0.0,8063.2998046875,8575.4501953125,7832.5498046875,8263.4501953125,925700.0,22.299999237060547,27.709999084472656,21.360000610351562,25.219999313354492,136722.0
2020-03-20,1483.5,1484.0,1483.5,1484.0,14.0,76.12000274658203,76.2300033569336,74.15499877929688,75.15969848632812,0.0,8284.4501953125,8883.0,8178.2001953125,8745.4501953125,1071500.0,24.729999542236328,27.889999389648438,19.459999084472656,22.43000030517578,1133808.0
2020-03-23,1505.300048828125,1567.0,1490.199951171875,1567.0,51.0,75.38849639892578,77.75499725341797,75.2750015258789,75.62210083007812,0.0,7945.7001953125,8159.25,7583.60009765625,7610.25,653500.0,22.520000457763672,24.06999969482422,20.799999237060547,23.360000610351562,852951.0
2020-03-24,1592.699951171875,1685.5,1592.699951171875,1660.199951171875,442.0,76.50599670410156,77.75,75.01249694824219,76.50599670410156,0.0,7848.2998046875,8036.9501953125,7511.10009765625,7801.0498046875,738400.0,23.8700008392334,25.15999984741211,23.09000015258789,24.010000228881836,659697.0
2020-03-25,1676.5,1676.5,1631.0999755859375,1632.300048828125,476.0,77.26000213623047,77.4749984741211,75.8499984741211,77.26000213623047,0.0,7735.14990234375,8376.75,7714.75,8317.849609375,736900.0,24.3700008392334,25.239999771118164,22.90999984741211,24.489999771118164,618725.0
2020-03-26,1660.5,1660.5,1650.0999755859375,1650.0999755859375,3.0,77.09500122070312,77.09500122070312,74.76950073242188,75.84549713134766,0.0,8451.0,8749.0498046875,8304.900390625,8641.4501953125,865600.0,24.25,24.649999618530273,22.3799991607666,22.600000381469727,633877.0
2020-03-27,1623.9000244140625,1623.9000244140625,1623.9000244140625,1623.9000244140625,100638.0,74.72560119628906,76.25,73.98999786376953,74.72560119628906,0.0,8949.099609375,9038.900390625,8522.900390625,8660.25,801500.0,23.290000915527344,23.440000534057617,20.8799991607666,21.510000228881836,603124.0
2020-03-30,1641.199951171875,1652.800048828125,1607.199951171875,1622.0,16389.0,75.46499633789062,76.37999725341797,74.98999786376953,75.46499633789062,0.0,8385.9501953125,8576.0,8244.0,8281.099609375,593300.0,20.93000030517578,20.93000030517578,19.270000457763672,20.09000015258789,758711.0
2020-03-31,1618.699951171875,1621.0,1576.0,1583.4000244140625,2874.0,75.40010070800781,76.48249816894531,75.1344985961914,75.4000015258789,0.0,8529.349609375,8678.2998046875,8358.0,8597.75,712700.0,20.229999542236328,21.889999389648438,20.010000228881836,20.479999542236328,660082.0
2020-04-01,1570.0,1600.0,1570.0,1578.199951171875,2158.0,76.11000061035156,77.37760162353516,75.32499694824219,75.32499694824219,0.0,8584.099609375,8588.099609375,8198.349609375,8253.7998046875,506300.0,20.100000381469727,21.549999237060547,19.899999618530273,20.309999465942383,703286.0
2020-04-03,1624.5,1636.0,1619.800048828125,1633.699951171875,643.0,77.13999938964844,77.50499725341797,75.75,77.13999938964844,0.0,8356.5498046875,8356.5498046875,8055.7998046875,8083.7998046875,697000.0,24.809999465942383,29.1299991607666,23.520000457763672,28.34000015258789,1007577.0
2020-04-07,1695.699951171875,1724.4000244140625,1658.0,1664.800048828125,1144.0,75.96489715576172,77.11499786376953,75.25199890136719,75.96489715576172,0.0,8446.2998046875,8819.400390625,8360.9501953125,8792.2001953125,814200.0,26.34000015258789,27.239999771118164,23.540000915527344,23.6299991607666,797707.0
2020-04-08,1669.699951171875,1677.0,1662.5,1665.4000244140625,747.0,76.66000366210938,77.19999694824219,75.57250213623047,76.66000366210938,0.0,8688.900390625,9131.7001953125,8653.900390625,8748.75,896500.0,24.299999237060547,26.450000762939453,23.739999771118164,25.09000015258789,823554.0
2020-04-09,1662.699951171875,1736.199951171875,1662.699951171875,1736.199951171875,825.0,75.95899963378906,77.19999694824219,75.74749755859375,75.95899963378906,0.0,8973.0498046875,9128.349609375,8904.5498046875,9111.900390625,742100.0,26.280000686645508,28.360000610351562,22.56999969482422,22.760000228881836,1122149.0
2020-04-13,1722.0,1756.800048828125,1710.699951171875,1744.800048828125,696.0,76.16649627685547,76.95249938964844,75.99250030517578,76.16649627685547,0.0,9103.9501953125,9112.0498046875,8912.400390625,8993.849609375,644000.0,24.600000381469727,24.739999771118164,22.030000686645508,22.40999984741211,775120.0
2020-04-15,1739.4000244140625,1744.9000244140625,1722.699951171875,1727.199951171875,642.0,75.93099975585938,76.70950317382812,75.92130279541016,75.93099975585938,0.0,9196.400390625,9261.2001953125,8874.099609375,8925.2998046875,879100.0,20.719999313354492,20.889999389648438,19.200000762939453,19.8700008392334,544797.0
2020-04-16,1731.0,1750.5999755859375,1715.0,1720.4000244140625,162.0,76.5000991821289,77.51000213623047,76.47200012207031,77.2125015258789,0.0,8851.25,9053.75,8821.900390625,8992.7998046875,719400.0,20.149999618530273,20.530000686645508,19.420000076293945,19.8700008392334,350942.0
2020-04-17,1715.699951171875,1725.0,1684.9000244140625,1689.199951171875,223.0,76.85890197753906,77.56999969482422,76.24700164794922,77.56999969482422,0.0,9323.4501953125,9324.0,9091.349609375,9266.75,684200.0,20.0,20.219999313354492,17.309999465942383,18.270000457763672,240628.0
2020-04-20,1686.0,1701.5999755859375,1680.0,1701.5999755859375,106.0,76.55999755859375,77.31500244140625,76.3113021850586,76.55999755859375,0.0,9390.2001953125,9390.849609375,9230.7998046875,9261.849609375,726400.0,17.729999542236328,17.850000381469727,-40.31999969482422,-37.630001068115234,247947.0
2020-04-21,1697.0,1707.0999755859375,1659.9000244140625,1678.199951171875,666.0,76.59239959716797,77.61499786376953,76.49629974365234,77.20999908447266,0.0,9016.9501953125,9044.400390625,8909.400390625,8981.4501953125,655100.0,-14.0,13.859999656677246,-16.739999771118164,10.010000228881836,2288230.0
2020-04-22,1696.0,1728.699951171875,1684.800048828125,1728.699951171875,453.0,77.68499755859375,77.68499755859375,76.3844985961914,76.96939849853516,0.0,9026.75,9209.75,8946.25,9187.2998046875,734400.0,13.119999885559082,16.18000030517578,10.260000228881836,13.779999732971191,1235218.0
2020-04-23,1734.0,1745.0999755859375,1733.300048828125,1733.300048828125,482.0,76.99500274658203,76.99500274658203,75.67250061035156,76.4000015258789,0.0,9232.349609375,9343.599609375,9170.150390625,9313.900390625,666700.0,14.199999809265137,18.260000228881836,13.350000381469727,16.5,833584.0
2020-04-24,1744.0,1744.0,1714.5,1723.5,221.0,76.42250061035156,76.80000305175781,75.83999633789062,76.42250061035156,0.0,9163.900390625,9296.900390625,9141.2998046875,9154.400390625,659400.0,16.780000686645508,17.969999313354492,15.640000343322754,16.940000534057617,600220.0
2020-04-27,1731.9000244140625,1731.9000244140625,1711.9000244140625,1711.9000244140625,169.0,76.27149963378906,76.78500366210938,75.88749694824219,76.27149963378906,0.0,9259.7001953125,9377.099609375,9250.349609375,9282.2998046875,512800.0,16.84000015258789,16.979999542236328,11.880000114440918,12.779999732971191,623201.0
2020-04-28,1716.5999755859375,1716.5999755859375,1707.0999755859375,1710.5,1255.0,76.65499877929688,76.65499877929688,75.79039764404297,76.1863021850586,0.0,9389.7998046875,9404.400390625,9260.0,9380.900390625,614500.0,12.960000038146973,13.6899995803833,10.069999694824219,12.34000015258789,897087.0
2020-04-29,1710.0,1713.5,1702.0,1703.4000244140625,373.0,76.46499633789062,76.46499633789062,75.41200256347656,76.46499633789062,0.0,9408.599609375,9599.849609375,9392.349609375,9553.349609375,653000.0,13.350000381469727,16.780000686645508,12.670000076293945,15.0600004196167,554134.0
2020-04-30,1719.300048828125,1719.300048828125,1680.800048828125,1684.199951171875,327.0,75.61000061035156,75.75,74.80500030517578,75.25849914550781,0.0,9753.5,9889.0498046875,9731.5,9859.900390625,931200.0,15.640000343322754,19.440000534057617,15.449999809265137,18.84000015258789,545344.0
2020-05-04,1702.5999755859375,1709.0,1699.5999755859375,1706.9000244140625,320.0,75.59100341796875,75.80500030517578,75.35250091552734,75.60050201416016,0.0,9533.5,9533.5,9266.9501953125,9293.5,687500.0,19.110000610351562,21.420000076293945,18.049999237060547,20.389999389648438,311488.0
2020-05-05,1701.5,1704.4000244140625,1697.199951171875,1704.4000244140625,82.0,75.62999725341797,76.11579895019531,75.37999725341797,75.8499984741211,0.0,9429.400390625,9450.900390625,9190.75,9205.599609375,725200.0,21.239999771118164,25.489999771118164,21.1299991607666,24.559999465942383,387240.0
2020-05-06,1704.0,1704.0,1684.199951171875,1684.199951171875,469.0,76.16999816894531,76.16999816894531,75.59030151367188,76.16999816894531,0.0,9226.7998046875,9346.900390625,9116.5,9270.900390625,722200.0,25.520000457763672,26.079999923706055,22.579999923706055,23.989999771118164,381165.0
2020-05-07,1686.199951171875,1721.800048828125,1685.5999755859375,1721.800048828125,853.0,76.55000305175781,76.55000305175781,75.70950317382812,76.15129852294922,0.0,9234.0498046875,9277.849609375,9175.900390625,9199.0498046875,708700.0,24.09000015258789,26.739999771118164,22.940000534057617,23.549999237060547,310261.0
2020-05-08,1726.199951171875,1728.9000244140625,1703.800048828125,1709.9000244140625,330.0,76.08000183105469,76.08000183105469,75.26000213623047,76.08000183105469,0.0,9376.9501953125,9382.650390625,9238.2001953125,9251.5,609100.0,23.350000381469727,24.989999771118164,23.260000228881836,24.739999771118164,205181.0
2020-05-11,1702.300048828125,1704.5,1690.199951171875,1695.300048828125,749.0,75.5250015258789,76.26000213623047,75.03949737548828,75.5250015258789,0.0,9348.150390625,9439.900390625,9219.9501953125,9239.2001953125,704600.0,24.489999771118164,25.579999923706055,23.670000076293945,24.139999389648438,179591.0
2020-05-12,1699.300048828125,1713.0999755859375,1699.300048828125,1704.4000244140625,324.0,75.92759704589844,76.30999755859375,75.04129791259766,76.30999755859375,0.0,9168.849609375,9240.849609375,9043.9501953125,9196.5498046875,805500.0,24.489999771118164,26.229999542236328,24.219999313354492,25.780000686645508,212335.0
2020-05-13,1702.0,1721.300048828125,1701.9000244140625,1713.9000244140625,431.0,75.36849975585938,75.68000030517578,75.04399871826172,75.68000030517578,0.0,9584.2001953125,9584.5,9351.099609375,9383.5498046875,846400.0,25.299999237060547,26.450000762939453,24.790000915527344,25.290000915527344,150864.0
2020-05-14,1724.300048828125,1743.0999755859375,1720.5,1738.0999755859375,672.0,75.42720031738281,75.7300033569336,75.34100341796875,75.42620086669922,0.0,9213.9501953125,9281.099609375,9119.75,9142.75,602600.0,25.559999465942383,27.959999084472656,25.18000030517578,27.559999465942383,160507.0
2020-05-15,1739.699951171875,1753.4000244140625,1739.699951171875,1753.4000244140625,719.0,75.48500061035156,76.18550109863281,75.31929779052734,75.48500061035156,0.0,9182.400390625,9182.400390625,9050.0,9136.849609375,575900.0,27.639999389648438,29.920000076293945,27.239999771118164,29.43000030517578,108016.0
2020-05-18,1755.699951171875,1770.5,1731.800048828125,1731.800048828125,229.0,75.81999969482422,76.09200286865234,75.61239624023438,75.81999969482422,0.0,9158.2998046875,9158.2998046875,8806.75,8823.25,773000.0,29.530000686645508,33.31999969482422,29.530000686645508,31.81999969482422,89376.0
2020-05-19,1744.199951171875,1749.5,1744.199951171875,1744.199951171875,167.0,75.5999984741211,76.04000091552734,75.52749633789062,75.60009765625,0.0,8961.7001953125,9030.349609375,8855.2998046875,8879.099609375,762200.0,32.83000183105469,33.439998626708984,31.34000015258789,32.5,430823.0
2020-05-20,1751.5999755859375,1752.0999755859375,1745.5999755859375,1750.5999755859375,16.0,75.69999694824219,76.0,75.46299743652344,76.0,0.0,8889.150390625,9093.7998046875,8875.349609375,9066.5498046875,622300.0,31.889999389648438,33.779998779296875,31.559999465942383,33.4900016784668,406431.0
2020-05-21,1746.800048828125,1746.800048828125,1720.5,1720.5,528.0,75.77999877929688,75.91999816894531,75.41600036621094,75.77999877929688,0.0,9079.4501953125,9178.5498046875,9056.099609375,9106.25,631500.0,33.529998779296875,34.65999984741211,33.2599983215332,33.91999816894531,372814.0
2020-05-22,1726.5999755859375,1734.5999755859375,1726.5999755859375,1734.5999755859375,6.0,75.625,76.20950317382812,75.61000061035156,75.625,0.0,9067.900390625,9149.599609375,8968.5498046875,9039.25,675800.0,33.95000076293945,34.0,30.719999313354492,33.25,429036.0
2020-05-26,1726.4000244140625,1726.4000244140625,1704.800048828125,1704.800048828125,39.0,75.87359619140625,76.11000061035156,75.40499877929688,76.11000061035156,0.0,9099.75,9161.650390625,8996.650390625,9029.0498046875,655000.0,33.29999923706055,34.810001373291016,32.47999954223633,34.349998474121094,466737.0
2020-05-27,1685.5999755859375,1710.300048828125,1685.5999755859375,1710.300048828125,137416.0,75.489501953125,76.0,75.38130187988281,75.81999969482422,0.0,9082.2001953125,9334.0,9004.25,9314.9501953125,763500.0,34.13999938964844,34.31999969482422,31.75,32.810001373291016,415246.0
2020-05-28,1709.300048828125,1727.800048828125,1705.0,1713.300048828125,23355.0,75.88569641113281,76.12999725341797,75.6344985961914,76.12999725341797,0.0,9364.9501953125,9511.25,9336.5,9490.099609375,837900.0,32.099998474121094,34.209999084472656,31.139999389648438,33.709999084472656,440168.0
2020-05-29,1718.800048828125,1738.300048828125,1715.0999755859375,1736.9000244140625,1526.0,75.95999908447266,75.95999908447266,75.42630004882812,75.95999908447266,0.0,9422.2001953125,9598.849609375,9376.900390625,9580.2998046875,967000.0,33.68000030517578,35.77000045776367,32.36000061035156,35.4900016784668,443647.0
2020-06-01,1740.4000244140625,1747.0,1727.0999755859375,1737.800048828125,871.0,75.51319885253906,75.7699966430664,75.2354965209961,75.51319885253906,0.0,9726.849609375,9931.599609375,9706.9501953125,9826.150390625,794200.0,35.209999084472656,35.900001525878906,34.27000045776367,35.439998626708984,385710.0
2020-06-02,1743.0,1745.5,1721.800048828125,1725.199951171875,741.0,75.7300033569336,75.7300033569336,74.98280334472656,75.7300033569336,0.0,9880.849609375,9995.599609375,9824.0498046875,9979.099609375,770200.0,35.560001373291016,37.060001373291016,35.279998779296875,36.810001373291016,343483.0
2020-06-03,1726.300048828125,1726.300048828125,1684.5,1697.800048828125,2755.0,75.2750015258789,75.68499755859375,74.91439819335938,75.06580352783203,0.0,10108.2998046875,10176.2001953125,10035.5498046875,10061.5498046875,794700.0,36.86000061035156,38.18000030517578,35.880001068115234,37.290000915527344,494253.0
2020-06-04,1694.5,1718.9000244140625,1694.5,1718.9000244140625,807.0,75.32769775390625,75.63500213623047,75.28189849853516,75.54499816894531,0.0,10054.25,10123.849609375,9944.25,10029.099609375,775100.0,36.7599983215332,37.619998931884766,36.380001068115234,37.40999984741211,307612.0
2020-06-05,1711.800048828125,1711.800048828125,1668.5999755859375,1676.199951171875,1502.0,75.48320007324219,75.7925033569336,75.30940246582031,75.49089813232422,0.0,10093.7998046875,10177.7998046875,10040.75,10142.150390625,987100.0,37.33000183105469,39.68000030517578,37.04999923706055,39.54999923706055,396856.0
2020-06-08,1679.0999755859375,1699.4000244140625,1675.9000244140625,1698.300048828125,587.0,75.5177001953125,75.73999786376953,75.38880157470703,75.5177001953125,0.0,10326.75,10328.5,10120.25,10167.4501953125,936500.0,39.40999984741211,40.439998626708984,37.959999084472656,38.189998626708984,416639.0
2020-06-09,1694.5999755859375,1720.9000244140625,1692.0,1714.699951171875,690.0,75.3998031616211,75.69100189208984,75.39189910888672,75.625,0.0,10181.150390625,10291.150390625,10021.4501953125,10046.650390625,754200.0,38.220001220703125,39.099998474121094,37.06999969482422,38.939998626708984,396033.0
2020-06-10,1716.0999755859375,1740.800048828125,1711.9000244140625,1713.300048828125,718.0,75.50969696044922,75.77989959716797,75.37689971923828,75.50980377197266,0.0,10072.599609375,10148.75,10036.849609375,10116.150390625,632400.0,38.5,39.90999984741211,37.72999954223633,39.599998474121094,385868.0
2020-06-11,1737.199951171875,1744.0999755859375,1720.0,1732.0,347.0,75.875,76.1969985961914,75.5,75.875,0.0,10094.099609375,10112.0498046875,9885.0498046875,9902.0,715500.0,39.09000015258789,39.09000015258789,35.40999984741211,36.34000015258789,513912.0
2020-06-12,1724.9000244140625,1743.0,1724.9000244140625,1729.300048828125,318.0,76.38999938964844,76.38999938964844,75.76750183105469,76.38999938964844,0.0,9544.9501953125,9996.0498046875,9544.349609375,9972.900390625,796300.0,36.2599983215332,36.9900016784668,34.47999954223633,36.2599983215332,406508.0
2020-06-15,1730.0,1730.0,1703.300048828125,1720.300048828125,188.0,75.95690155029297,76.22000122070312,75.8949966430664,75.95680236816406,0.0,9919.349609375,9943.349609375,9726.349609375,9813.7001953125,716100.0,36.029998779296875,37.2599983215332,34.36000061035156,37.119998931884766,387546.0
2020-06-16,1726.300048828125,1729.5999755859375,1722.4000244140625,1729.5999755859375,22.0,76.09750366210938,76.28379821777344,75.74500274658203,75.97799682617188,0.0,10014.7998046875,10046.150390625,9728.5,9914.0,899900.0,37.04999923706055,39.060001373291016,36.380001068115234,38.380001068115234,366323.0
2020-06-17,1714.699951171875,1729.199951171875,1714.699951171875,1729.199951171875,51.0,76.40370178222656,76.65499877929688,76.09449768066406,76.65499877929688,0.0,9876.7001953125,10003.599609375,9833.7998046875,9881.150390625,685400.0,37.93000030517578,38.75,37.209999084472656,37.959999084472656,239516.0
2020-06-18,1730.5,1734.0999755859375,1717.300048828125,1724.800048828125,110.0,76.28980255126953,76.55000305175781,76.00150299072266,76.55000305175781,0.0,9863.25,10111.2001953125,9845.0498046875,10091.650390625,622900.0,37.7400016784668,38.970001220703125,37.11000061035156,38.84000015258789,113384.0
2020-06-19,1723.699951171875,1750.699951171875,1723.5,1745.9000244140625,1329.0,76.48310089111328,76.63500213623047,76.10549926757812,76.40039825439453,0.0,10119.0,10272.400390625,10072.650390625,10244.400390625,892100.0,38.849998474121094,40.4900016784668,38.400001525878906,39.75,64113.0
2020-06-22,1755.199951171875,1767.5999755859375,1750.5,1756.699951171875,1356.0,76.2573013305664,76.45349884033203,75.7385025024414,76.2520980834961,0.0,10318.75,10393.650390625,10277.599609375,10311.2001953125,685400.0,39.18000030517578,40.70000076293945,39.119998931884766,40.459999084472656,315264.0
2020-06-23,1755.4000244140625,1776.300048828125,1754.199951171875,1772.0999755859375,666.0,76.0,76.11979675292969,75.47200012207031,75.78980255126953,0.0,10347.9501953125,10484.7001953125,10301.75,10471.0,669200.0,40.68000030517578,41.630001068115234,39.7599983215332,40.369998931884766,368730.0
2020-06-24,1778.300048828125,1783.0999755859375,1764.5,1765.800048828125,961.0,75.83999633789062,75.83999633789062,75.46600341796875,75.60780334472656,0.0,10529.25,10553.150390625,10281.9501953125,10305.2998046875,854800.0,39.9900016784668,40.540000915527344,37.310001373291016,38.0099983215332,499490.0
2020-06-25,1761.699951171875,1764.800048828125,1759.800048828125,1762.0999755859375,207.0,75.97000122070312,75.97000122070312,75.5197982788086,75.97000122070312,0.0,10235.5498046875,10361.7998046875,10194.5,10288.900390625,994200.0,38.04999923706055,39.22999954223633,37.08000183105469,38.720001220703125,451640.0
2020-06-26,1766.0,1772.5,1764.699951171875,1772.5,640.0,75.54199981689453,75.74500274658203,75.43049621582031,75.53980255126953,0.0,10378.900390625,10409.849609375,10311.25,10383.0,671900.0,39.09000015258789,39.349998474121094,37.790000915527344,38.4900016784668,356712.0
2020-06-29,1779.800048828125,1780.199951171875,1774.300048828125,1774.800048828125,584.0,75.61979675292969,75.64179992675781,75.43190002441406,75.61979675292969,0.0,10311.9501953125,10337.9501953125,10223.599609375,10312.400390625,574500.0,37.959999084472656,39.88999938964844,37.5,39.70000076293945,343913.0
2020-06-30,1777.300048828125,1793.199951171875,1774.4000244140625,1793.0,986.0,75.518798828125,75.69999694824219,75.38849639892578,75.69999694824219,0.0,10382.599609375,10401.0498046875,10267.349609375,10302.099609375,556200.0,39.63999938964844,40.08000183105469,38.849998474121094,39.27000045776367,370059.0
2020-07-01,1793.5999755859375,1798.0,1765.800048828125,1773.199951171875,331.0,75.55699920654297,75.75,75.4749984741211,75.75,0.0,10323.7998046875,10447.0498046875,10299.599609375,10430.0498046875,573600.0,39.84000015258789,40.58000183105469,39.04999923706055,39.81999969482422,407170.0
2020-07-02,1773.4000244140625,1784.0,1768.699951171875,1784.0,215.0,75.67749786376953,75.67749786376953,74.60749816894531,75.45490264892578,0.0,10493.0498046875,10598.2001953125,10485.5498046875,10551.7001953125,597400.0,39.779998779296875,40.7400016784668,39.459999084472656,40.650001525878906,347096.0
2020-07-06,1788.199951171875,1790.0999755859375,1788.199951171875,1788.5,172.0,74.6792984008789,74.80799865722656,74.4302978515625,74.6792984008789,0.0,10723.849609375,10811.400390625,10695.099609375,10763.650390625,571200.0,40.380001068115234,41.08000183105469,39.84000015258789,40.630001068115234,373236.0
2020-07-07,1789.300048828125,1804.199951171875,1783.300048828125,1804.199951171875,751.0,74.60749816894531,74.96299743652344,74.54029846191406,74.60759735107422,0.0,10802.849609375,10813.7998046875,10689.7001953125,10799.650390625,636800.0,40.68000030517578,40.95000076293945,39.900001525878906,40.619998931884766,256596.0
2020-07-08,1801.5,1817.9000244140625,1801.5,1815.5,209.0,75.125,75.125,74.8125,75.125,0.0,10818.650390625,10847.849609375,10676.5498046875,10705.75,767900.0,40.47999954223633,41.08000183105469,40.29999923706055,40.900001525878906,286740.0
2020-07-09,1816.0999755859375,1819.800048828125,1799.199951171875,1799.199951171875,396.0,74.9209976196289,75.15670013427734,74.8478012084961,74.93990325927734,0.0,10755.5498046875,10836.849609375,10733.0,10813.4501953125,618700.0,40.869998931884766,40.9900016784668,39.27000045776367,39.619998931884766,367386.0
2020-07-10,1805.5,1805.5,1797.699951171875,1798.199951171875,236.0,75.33999633789062,75.3550033569336,75.05670166015625,75.33999633789062,0.0,10764.099609375,10819.400390625,10713.0,10768.0498046875,590700.0,39.58000183105469,40.77000045776367,38.540000915527344,40.54999923706055,393149.0
2020-07-13,1805.0,1811.0,1805.0,1811.0,164.0,75.19429779052734,75.43499755859375,75.07050323486328,75.15850067138672,0.0,10851.849609375,10894.0498046875,10756.0498046875,10802.7001953125,554100.0,40.349998474121094,40.720001220703125,39.470001220703125,40.099998474121094,370715.0
2020-07-14,1791.0,1811.5,1791.0,1810.5999755859375,339.0,75.44999694824219,75.510498046875,75.21179962158203,75.44999694824219,0.0,10750.849609375,10755.650390625,10562.900390625,10607.349609375,532400.0,39.599998474121094,40.56999969482422,39.06999969482422,40.290000915527344,426971.0
2020-07-15,1806.0999755859375,1813.5,1806.0999755859375,1811.4000244140625,167.0,75.57499694824219,75.57499694824219,75.04329681396484,75.57499694824219,0.0,10701.0,10827.4501953125,10577.75,10618.2001953125,715900.0,40.54999923706055,41.2599983215332,40.08000183105469,41.20000076293945,352542.0
2020-07-16,1810.9000244140625,1810.9000244140625,1794.300048828125,1798.699951171875,146.0,75.1249008178711,75.3499984741211,75.08599853515625,75.1249008178711,0.0,10706.2001953125,10755.2998046875,10595.2001953125,10739.9501953125,694400.0,40.970001220703125,41.18000030517578,40.52000045776367,40.75,200101.0
2020-07-17,1798.5,1810.0999755859375,1798.5,1808.300048828125,24.0,75.41999816894531,75.41999816894531,74.91600036621094,75.17449951171875,0.0,10752.0,10933.4501953125,10749.650390625,10901.7001953125,676900.0,40.720001220703125,40.900001525878906,40.02000045776367,40.59000015258789,88220.0
2020-07-20,1807.0,1817.300048828125,1807.0,1815.9000244140625,89.0,74.89739990234375,75.1500015258789,74.74700164794922,74.89730072021484,0.0,10999.4501953125,11037.900390625,10953.0,11022.2001953125,554300.0,40.63999938964844,40.90999984741211,39.83000183105469,40.810001373291016,60179.0
2020-07-21,1822.0,1842.4000244140625,1822.0,1842.4000244140625,117.0,74.98999786376953,74.99400329589844,74.50740051269531,74.98999786376953,0.0,11126.099609375,11179.5498046875,11113.25,11162.25,772000.0,40.650001525878906,42.400001525878906,40.63999938964844,41.959999084472656,389117.0
2020-07-22,1858.0999755859375,1867.0,1854.699951171875,1864.0999755859375,213.0,74.7699966430664,74.83309936523438,74.464599609375,74.7699966430664,0.0,11231.2001953125,11238.099609375,11056.5498046875,11132.599609375,765100.0,41.540000915527344,42.029998779296875,41.13999938964844,41.900001525878906,333647.0
2020-07-23,1868.699951171875,1890.300048828125,1868.5,1889.0999755859375,133.0,74.81999969482422,74.92559814453125,74.57230377197266,74.81999969482422,0.0,11135.0,11239.7998046875,11103.150390625,11215.4501953125,621600.0,41.95000076293945,42.36000061035156,40.83000183105469,41.06999969482422,389412.0
2020-07-24,1884.300048828125,1897.300048828125,1884.300048828125,1897.300048828125,474.0,75.04499816894531,75.0999984741211,74.68470001220703,74.80729675292969,0.0,11149.9501953125,11225.400390625,11090.2998046875,11194.150390625,678900.0,41.060001373291016,41.66999816894531,40.65999984741211,41.290000915527344,353159.0
2020-07-27,1901.699951171875,1938.0,1901.5,1931.0,364.0,74.72560119628906,74.9834976196289,74.51349639892578,74.75980377197266,0.0,11225.0,11225.0,11087.849609375,11131.7998046875,588100.0,41.2599983215332,41.81999969482422,40.47999954223633,41.599998474121094,377714.0
2020-07-28,1931.5,1944.699951171875,1928.5999755859375,1944.699951171875,825.0,75.0,75.0,74.64849853515625,75.0,0.0,11154.099609375,11317.75,11151.400390625,11300.5498046875,683900.0,41.650001525878906,41.93000030517578,40.849998474121094,41.040000915527344,276804.0
2020-07-29,1953.199951171875,1953.5,1952.5999755859375,1953.5,209835.0,75.08999633789062,75.08999633789062,74.68399810791016,75.08999633789062,0.0,11276.900390625,11341.400390625,11149.75,11202.849609375,600700.0,41.130001068115234,41.56999969482422,40.93000030517578,41.27000045776367,295855.0
2020-07-30,1963.4000244140625,1965.0999755859375,1930.0,1942.300048828125,28853.0,74.8311996459961,75.0199966430664,74.75050354003906,74.8311996459961,0.0,11254.2998046875,11299.9501953125,11084.9501953125,11102.150390625,677800.0,41.31999969482422,41.38999938964844,38.720001220703125,39.91999816894531,487325.0
2020-07-31,1948.5999755859375,1981.0999755859375,1948.0,1962.800048828125,2914.0,74.78379821777344,74.98999786376953,74.6135025024414,74.98999786376953,0.0,11139.5,11150.400390625,11026.650390625,11073.4501953125,642600.0,40.34000015258789,40.54999923706055,39.65999984741211,40.27000045776367,318788.0
2020-08-03,1984.300048828125,1984.300048828125,1955.5,1966.0,683.0,74.91790008544922,75.29840087890625,74.83599853515625,74.91780090332031,0.0,11057.5498046875,11058.0498046875,10882.25,10891.599609375,680900.0,40.38999938964844,41.2400016784668,39.58000183105469,41.0099983215332,338326.0
2020-08-04,1971.0,2016.199951171875,1968.800048828125,2001.199951171875,2010.0,75.33000183105469,75.36499786376953,74.9729995727539,75.33000183105469,0.0,10946.650390625,11112.25,10908.099609375,11095.25,625700.0,40.779998779296875,42.08000183105469,40.13999938964844,41.70000076293945,451575.0
2020-08-05,2024.0,2050.199951171875,2011.0,2031.0999755859375,1422.0,75.25,75.25,74.77130126953125,75.25,0.0,11155.75,11225.650390625,11064.0498046875,11101.650390625,667600.0,41.560001373291016,43.52000045776367,41.470001220703125,42.189998626708984,491268.0
2020-08-06,2045.5,2063.0,2040.0,2051.5,294.0,75.0999984741211,75.0999984741211,74.76899719238281,74.8822021484375,0.0,11185.7001953125,11256.7998046875,11127.2998046875,11200.150390625,600400.0,42.189998626708984,42.650001525878906,41.61000061035156,41.95000076293945,359610.0
2020-08-07,2040.0999755859375,2055.0,2009.5999755859375,2010.0999755859375,808.0,74.8998031616211,75.10919952392578,74.8759994506836,74.8998031616211,0.0,11186.650390625,11231.900390625,11142.0498046875,11214.0498046875,452600.0,41.970001220703125,42.220001220703125,41.060001373291016,41.220001220703125,398997.0
2020-08-10,2026.4000244140625,2043.800048828125,2017.5,2024.4000244140625,233.0,75.02690124511719,75.24600219726562,74.85600280761719,75.0248031616211,0.0,11270.25,11337.2998046875,11238.0,11270.150390625,492000.0,41.5,42.33000183105469,41.16999816894531,41.939998626708984,367796.0
2020-08-11,2012.4000244140625,2016.0,1904.0,1932.5999755859375,971.0,75.0999984741211,75.0999984741211,74.51599884033203,75.0999984741211,0.0,11322.25,11373.599609375,11299.150390625,11322.5,586100.0,41.97999954223633,42.939998626708984,41.47999954223633,41.61000061035156,432843.0
2020-08-12,1923.0,1946.5999755859375,1871.5999755859375,1934.9000244140625,404.0,74.9000015258789,74.92400360107422,74.61979675292969,74.9000015258789,0.0,11289.0,11322.0,11242.650390625,11308.400390625,609900.0,41.619998931884766,42.900001525878906,41.529998779296875,42.66999816894531,397831.0
2020-08-13,1921.5,1957.4000244140625,1916.9000244140625,1956.699951171875,71.0,74.99749755859375,74.99749755859375,74.74400329589844,74.77210235595703,0.0,11334.849609375,11359.2998046875,11269.9501953125,11300.4501953125,562400.0,42.56999969482422,42.84000015258789,42.09000015258789,42.2400016784668,329507.0
2020-08-14,1938.699951171875,1947.4000244140625,1937.0,1937.0,201.0,75.02999877929688,75.02999877929688,74.72850036621094,75.02999877929688,0.0,11353.2998046875,11366.25,11111.4501953125,11178.400390625,645100.0,42.33000183105469,42.56999969482422,41.619998931884766,42.0099983215332,310866.0
2020-08-17,1949.5999755859375,1985.0,1949.5999755859375,1985.0,97.0,74.90280151367188,75.08000183105469,74.66239929199219,74.90280151367188,0.0,11248.900390625,11267.099609375,11144.5,11247.099609375,634000.0,42.2400016784668,42.970001220703125,41.79999923706055,42.88999938964844,208429.0
2020-08-18,2001.0999755859375,2002.800048828125,1972.0999755859375,1999.4000244140625,92.0,75.0,75.0,74.57029724121094,75.0,0.0,11259.7998046875,11401.7001953125,11253.150390625,11385.349609375,579200.0,42.790000915527344,42.9900016784668,42.11000061035156,42.88999938964844,111628.0
2020-08-19,1980.0,1980.0,1938.699951171875,1958.699951171875,347.0,74.79499816894531,75.05750274658203,74.57530212402344,74.79499816894531,0.0,11452.150390625,11460.349609375,11394.099609375,11408.400390625,626200.0,42.599998474121094,43.029998779296875,42.36000061035156,42.93000030517578,81299.0
2020-08-20,1941.199951171875,1948.300048828125,1922.300048828125,1933.800048828125,106.0,75.18000030517578,75.19999694824219,74.84719848632812,74.966796875,0.0,11317.4501953125,11361.4501953125,11289.7998046875,11312.2001953125,791600.0,42.7400016784668,42.790000915527344,41.5,42.58000183105469,377070.0
2020-08-21,1941.0,1945.0,1908.9000244140625,1934.5999755859375,184.0,75.19000244140625,75.19000244140625,74.822998046875,74.9999008178711,0.0,11409.650390625,11418.5,11362.2001953125,11371.599609375,668700.0,42.75,42.959999084472656,41.459999084472656,42.34000015258789,345368.0
2020-08-24,1930.199951171875,1940.0,1922.199951171875,1927.699951171875,85.0,74.92179870605469,74.92179870605469,73.92530059814453,74.92179870605469,0.0,11412.0,11497.25,11410.650390625,11466.4501953125,532900.0,42.47999954223633,42.88999938964844,42.22999954223633,42.619998931884766,294731.0
2020-08-25,1927.5,1928.5,1911.800048828125,1911.800048828125,176.0,74.4000015258789,74.63929748535156,74.0469970703125,74.4000015258789,0.0,11513.099609375,11525.900390625,11423.349609375,11472.25,638200.0,42.36000061035156,43.56999969482422,42.310001373291016,43.349998474121094,330800.0
2020-08-26,1909.699951171875,1950.800048828125,1909.699951171875,1940.699951171875,287.0,74.45249938964844,74.45249938964844,74.18599700927734,74.45249938964844,0.0,11512.849609375,11561.75,11461.849609375,11549.599609375,743400.0,43.38999938964844,43.779998779296875,43.0,43.38999938964844,262243.0
2020-08-27,1948.9000244140625,1972.5,1921.5999755859375,1921.5999755859375,2303.0,74.45999908447266,74.45999908447266,73.76390075683594,74.24009704589844,0.0,11609.2998046875,11617.349609375,11540.599609375,11559.25,719800.0,43.45000076293945,43.5,42.36000061035156,43.040000915527344,320968.0
2020-08-28,1927.0999755859375,1971.300048828125,1922.5,1964.5999755859375,778.0,73.97000122070312,73.97000122070312,73.0958023071289,73.77449798583984,0.0,11602.9501953125,11686.0498046875,11589.400390625,11647.599609375,807000.0,42.97999954223633,43.41999816894531,42.689998626708984,42.970001220703125,272800.0
2020-08-31,1970.0,1971.300048828125,1953.300048828125,1967.5999755859375,158.0,73.12840270996094,73.88500213623047,73.03450012207031,73.12830352783203,0.0,11777.5498046875,11794.25,11325.849609375,11387.5,1371800.0,42.90999984741211,43.56999969482422,42.560001373291016,42.61000061035156,236877.0
2020-09-01,1961.699951171875,1986.300048828125,1961.699951171875,1968.199951171875,186.0,73.66999816894531,73.66999816894531,72.71849822998047,73.66999816894531,0.0,11464.2998046875,11553.5498046875,11366.900390625,11470.25,783800.0,42.83000183105469,43.43000030517578,42.720001220703125,42.7599983215332,285146.0
2020-09-02,1967.300048828125,1967.300048828125,1934.4000244140625,1934.4000244140625,71.0,73.2699966430664,73.37000274658203,72.88929748535156,73.2699966430664,0.0,11478.5498046875,11554.75,11430.400390625,11535.0,593500.0,43.02000045776367,43.209999084472656,41.22999954223633,41.5099983215332,421771.0
2020-09-03,1937.0999755859375,1938.800048828125,1923.0,1927.5999755859375,179.0,73.45999908447266,73.7113037109375,72.89350128173828,73.24849700927734,0.0,11566.2001953125,11584.9501953125,11507.650390625,11527.4501953125,607100.0,41.630001068115234,41.790000915527344,40.220001220703125,41.369998931884766,417634.0
2020-09-04,1927.9000244140625,1939.699951171875,1917.699951171875,1923.9000244140625,607.0,73.6675033569336,73.66999816894531,73.01080322265625,73.4478988647461,0.0,11354.400390625,11452.0498046875,11303.650390625,11333.849609375,681300.0,41.25,41.869998931884766,39.349998474121094,39.77000045776367,444184.0
2020-09-08,1930.9000244140625,1937.9000244140625,1903.0999755859375,1933.0,271.0,73.6500015258789,73.95780181884766,73.39299774169922,73.6500015258789,0.0,11378.5498046875,11437.25,11290.4501953125,11317.349609375,572200.0,39.47999954223633,39.59000015258789,36.130001068115234,36.7599983215332,720975.0
2020-09-09,1926.9000244140625,1946.199951171875,1924.5999755859375,1944.699951171875,219.0,73.78679656982422,74.05000305175781,73.0824966430664,73.78679656982422,0.0,11218.599609375,11298.150390625,11185.150390625,11278.0,728900.0,36.790000915527344,38.45000076293945,36.15999984741211,38.04999923706055,455356.0
2020-09-10,1944.0999755859375,1962.699951171875,1944.0999755859375,1954.199951171875,722.0,73.55000305175781,73.55000305175781,73.01200103759766,73.55000305175781,0.0,11363.2998046875,11464.0498046875,11327.400390625,11449.25,679400.0,37.79999923706055,38.18000030517578,36.93000030517578,37.29999923706055,367555.0
2020-09-11,1944.0,1949.5,1937.800048828125,1937.800048828125,73.0,73.75,73.75,73.36399841308594,73.52729797363281,0.0,11447.7998046875,11493.5,11419.900390625,11464.4501953125,554800.0,37.0099983215332,37.81999969482422,36.66999816894531,37.33000183105469,363787.0
2020-09-14,1946.300048828125,1953.0999755859375,1943.0,1953.0999755859375,55.0,73.47869873046875,73.70240020751953,73.24400329589844,73.47859954833984,0.0,11540.150390625,11568.900390625,11383.5498046875,11440.0498046875,642300.0,37.31999969482422,37.68000030517578,36.81999969482422,37.2599983215332,347563.0
2020-09-15,1955.800048828125,1968.5,1955.800048828125,1956.300048828125,74.0,73.38400268554688,73.7229995727539,73.28849792480469,73.61499786376953,0.0,11487.2001953125,11535.9501953125,11442.25,11521.7998046875,506700.0,37.279998779296875,38.56999969482422,37.060001373291016,38.279998779296875,348861.0
2020-09-16,1961.300048828125,1961.4000244140625,1956.699951171875,1960.199951171875,124.0,73.61009979248047,73.80000305175781,73.46379852294922,73.80000305175781,0.0,11538.4501953125,11618.099609375,11516.75,11604.5498046875,527800.0,38.349998474121094,40.34000015258789,38.349998474121094,40.15999984741211,367612.0
2020-09-17,1939.0,1946.0,1933.699951171875,1940.0,67.0,73.76499938964844,73.78810119628906,73.39800262451172,73.55069732666016,0.0,11539.400390625,11587.2001953125,11498.5,11516.099609375,0.0,40.189998626708984,41.220001220703125,39.41999816894531,40.970001220703125,280669.0
2020-09-18,1950.5,1952.0999755859375,1949.0,1952.0999755859375,38.0,73.77999877929688,73.77999877929688,73.1729965209961,73.58360290527344,0.0,11584.099609375,11584.099609375,11446.099609375,11504.9501953125,764200.0,40.970001220703125,41.4900016784668,40.29999923706055,41.11000061035156,85906.0
2020-09-21,1946.199951171875,1946.199951171875,1883.4000244140625,1901.199951171875,52.0,73.53479766845703,73.64959716796875,73.27799987792969,73.53479766845703,0.0,11503.7998046875,11535.25,11218.5,11250.5498046875,602900.0,40.97999954223633,41.27000045776367,38.65999984741211,39.310001373291016,66195.0
2020-09-22,1913.0999755859375,1913.0999755859375,1898.5999755859375,1898.5999755859375,331.0,73.57980346679688,73.6500015258789,73.38800048828125,73.57980346679688,0.0,11301.75,11302.2001953125,11084.650390625,11153.650390625,672200.0,39.630001068115234,40.02000045776367,39.0,39.599998474121094,287807.0
2020-09-23,1875.5,1875.5,1859.9000244140625,1859.9000244140625,5.0,73.50289916992188,73.80000305175781,73.43800354003906,73.50299835205078,0.0,11258.75,11259.5498046875,11024.400390625,11131.849609375,714900.0,39.7599983215332,40.75,39.2599983215332,39.93000030517578,318754.0
2020-09-24,1851.5,1868.300048828125,1851.5,1868.300048828125,365.0,74.01000213623047,74.22200012207031,73.56300354003906,73.77839660644531,0.0,11011.0,11015.2998046875,10790.2001953125,10805.5498046875,706100.0,39.599998474121094,40.369998931884766,39.119998931884766,40.310001373291016,269992.0
2020-09-25,1856.300048828125,1857.699951171875,1856.300048828125,1857.699951171875,4.0,73.91000366210938,73.91000366210938,73.5615005493164,73.68240356445312,0.0,10910.400390625,11072.599609375,10854.849609375,11050.25,559600.0,40.150001525878906,40.63999938964844,39.709999084472656,40.25,229025.0
2020-09-28,1872.800048828125,1872.800048828125,1872.800048828125,1872.800048828125,10455.0,73.69940185546875,73.87000274658203,73.51930236816406,73.69930267333984,0.0,11140.849609375,11239.349609375,11099.849609375,11227.5498046875,472800.0,40.06999969482422,40.79999923706055,39.779998779296875,40.599998474121094,226425.0
2020-09-29,1876.5,1895.4000244140625,1872.4000244140625,1894.300048828125,3283.0,73.76480102539062,73.9749984741211,73.60399627685547,73.9749984741211,0.0,11288.599609375,11305.400390625,11181.0,11222.400390625,498300.0,40.58000183105469,40.70000076293945,38.40999984741211,39.290000915527344,379599.0
2020-09-30,1893.0,1899.699951171875,1879.800048828125,1887.5,600.0,73.65499877929688,73.85649871826172,73.52439880371094,73.84500122070312,0.0,11244.4501953125,11295.400390625,11184.5498046875,11247.5498046875,499300.0,39.15999984741211,40.369998931884766,38.68000030517578,40.220001220703125,340294.0
2020-10-01,1884.0999755859375,1909.5999755859375,1882.5,1908.4000244140625,730.0,73.70500183105469,73.70500183105469,73.0270004272461,73.70500183105469,0.0,11364.4501953125,11428.599609375,11347.0498046875,11416.9501953125,447700.0,39.900001525878906,40.470001220703125,37.61000061035156,38.720001220703125,443442.0
2020-10-05,1898.9000244140625,1915.5999755859375,1884.699951171875,1912.5,1360.0,73.32250213623047,73.39800262451172,73.0470962524414,73.32240295410156,0.0,11487.7998046875,11578.0498046875,11452.2998046875,11503.349609375,530600.0,37.0,39.720001220703125,37.0,39.220001220703125,378579.0
2020-10-06,1906.5999755859375,1918.0,1874.4000244140625,1901.0999755859375,968.0,73.11579895019531,73.48899841308594,73.04399871826172,73.1082992553711,0.0,11603.4501953125,11680.2998046875,11564.2998046875,11662.400390625,561400.0,39.349998474121094,40.86000061035156,39.099998474121094,40.66999816894531,400531.0
2020-10-07,1874.0999755859375,1889.800048828125,1873.0999755859375,1883.5999755859375,50.0,73.81500244140625,73.81500244140625,73.08000183105469,73.81500244140625,0.0,11679.25,11763.0498046875,11629.349609375,11738.849609375,513400.0,39.83000183105469,40.349998474121094,39.279998779296875,39.95000076293945,433065.0
2020-10-08,1893.0,1893.0,1882.699951171875,1888.5999755859375,348.0,73.5425033569336,73.54650115966797,73.19400024414062,73.5425033569336,0.0,11835.400390625,11905.7001953125,11791.150390625,11834.599609375,608800.0,39.9900016784668,41.33000183105469,39.7599983215332,41.189998626708984,409787.0
2020-10-09,1909.300048828125,1929.0999755859375,1905.0999755859375,1919.5,580.0,73.28050231933594,73.49729919433594,72.97699737548828,73.28050231933594,0.0,11852.0498046875,11938.599609375,11805.2001953125,11914.2001953125,611100.0,41.310001373291016,41.470001220703125,40.380001068115234,40.599998474121094,331703.0
2020-10-12,1924.0,1926.5,1921.5999755859375,1922.5,96.0,73.01490020751953,73.41320037841797,72.93399810791016,73.01480102539062,0.0,11973.5498046875,12022.0498046875,11867.2001953125,11930.9501953125,522600.0,40.400001525878906,40.45000076293945,39.040000915527344,39.43000030517578,322035.0
2020-10-13,1921.9000244140625,1922.199951171875,1887.0,1888.5,191.0,73.35079956054688,73.50499725341797,73.24559783935547,73.35079956054688,0.0,11934.650390625,11988.2001953125,11888.900390625,11934.5,458300.0,39.529998779296875,40.529998779296875,39.349998474121094,40.20000076293945,375470.0
2020-10-14,1889.699951171875,1910.800048828125,1882.5,1901.300048828125,33.0,73.41829681396484,73.62000274658203,73.2052001953125,73.62000274658203,0.0,11917.400390625,11997.2001953125,11822.150390625,11971.0498046875,569200.0,40.189998626708984,41.15999984741211,39.81999969482422,41.040000915527344,328295.0
2020-10-15,1897.300048828125,1906.300048828125,1889.5999755859375,1903.199951171875,254.0,73.49250030517578,73.5186996459961,73.2020034790039,73.29620361328125,0.0,12023.4501953125,12025.4501953125,11661.2998046875,11680.349609375,608900.0,41.130001068115234,41.290000915527344,39.220001220703125,40.959999084472656,248251.0
2020-10-16,1898.5,1900.800048828125,1898.5,1900.800048828125,53.0,73.56999969482422,73.56999969482422,73.27269744873047,73.37100219726562,0.0,11727.400390625,11789.75,11667.849609375,11762.4501953125,555800.0,40.880001068115234,41.04999923706055,40.08000183105469,40.880001068115234,96488.0
2020-10-19,1907.300048828125,1907.800048828125,1899.5,1906.4000244140625,43.0,73.44380187988281,73.59500122070312,73.28399658203125,73.44380187988281,0.0,11879.2001953125,11898.25,11820.400390625,11873.0498046875,541400.0,40.689998626708984,41.220001220703125,40.540000915527344,40.83000183105469,75335.0
2020-10-20,1901.300048828125,1910.4000244140625,1896.0999755859375,1910.4000244140625,329.0,73.3936996459961,73.57499694824219,73.29499816894531,73.57499694824219,0.0,11861.0,11949.25,11837.25,11896.7998046875,453600.0,40.650001525878906,41.70000076293945,40.25,41.459999084472656,360574.0
2020-10-21,1913.5999755859375,1927.300048828125,1913.5999755859375,1924.5999755859375,1202.0,73.47969818115234,73.7842025756836,73.35900115966797,73.64749908447266,0.0,11958.5498046875,12018.650390625,11775.75,11937.650390625,623700.0,41.220001220703125,41.59000015258789,39.779998779296875,40.029998779296875,366899.0
2020-10-22,1924.300048828125,1924.300048828125,1898.199951171875,1901.0999755859375,899.0,73.7249984741211,73.88400268554688,73.4728012084961,73.6812973022461,0.0,11890.0,11939.5498046875,11823.4501953125,11896.4501953125,544900.0,40.040000915527344,41.02000045776367,39.709999084472656,40.63999938964844,307494.0
2020-10-23,1899.9000244140625,1913.300048828125,1896.199951171875,1902.0,287.0,73.72000122070312,73.88529968261719,73.4729995727539,73.72000122070312,0.0,11957.900390625,11974.5498046875,11908.75,11930.349609375,502300.0,40.61000061035156,40.91999816894531,39.56999969482422,39.849998474121094,268931.0
2020-10-26,1895.5,1907.0,1893.5,1902.699951171875,242.0,73.83399963378906,74.11430358886719,73.69000244140625,73.8228988647461,0.0,11937.400390625,11942.849609375,11711.7001953125,11767.75,519800.0,39.689998626708984,39.7400016784668,38.279998779296875,38.560001373291016,360184.0
2020-10-27,1904.5999755859375,1908.800048828125,1904.4000244140625,1908.800048828125,176.0,74.13749694824219,74.13749694824219,73.61399841308594,73.94850158691406,0.0,11807.099609375,11899.0498046875,11723.0,11889.400390625,616300.0,38.59000015258789,39.83000183105469,38.5099983215332,39.56999969482422,339535.0
2020-10-28,1870.9000244140625,1876.199951171875,1870.9000244140625,1876.199951171875,277.0,73.81490325927734,74.25199890136719,73.64299774169922,73.80500030517578,0.0,11922.599609375,11929.400390625,11684.849609375,11729.599609375,704000.0,38.970001220703125,39.0099983215332,36.970001220703125,37.38999938964844,489954.0
2020-10-29,1876.0999755859375,1879.800048828125,1858.800048828125,1865.5999755859375,240.0,74.44000244140625,74.52469635009766,73.93299865722656,74.44000244140625,0.0,11633.2998046875,11744.150390625,11606.4501953125,11670.7998046875,555000.0,37.38999938964844,37.7599983215332,34.91999816894531,36.16999816894531,568816.0
2020-10-30,1862.800048828125,1886.5999755859375,1862.800048828125,1877.4000244140625,725.0,74.26399993896484,74.7020034790039,74.03199768066406,74.26399993896484,0.0,11678.4501953125,11748.9501953125,11535.4501953125,11642.400390625,553700.0,36.06999969482422,36.599998474121094,35.209999084472656,35.790000915527344,388971.0
2020-11-02,1872.9000244140625,1894.699951171875,1872.9000244140625,1890.4000244140625,190.0,74.7072982788086,74.70760345458984,74.27400207519531,74.55049896240234,0.0,11697.349609375,11725.650390625,11557.400390625,11669.150390625,568400.0,35.2400016784668,37.150001525878906,33.63999938964844,36.810001373291016,489204.0
2020-11-03,1891.5,1908.5,1891.5,1908.5,712.0,74.45680236816406,74.68479919433594,74.24500274658203,74.45680236816406,0.0,11734.4501953125,11836.2001953125,11723.2998046875,11813.5,674300.0,37.029998779296875,38.31999969482422,36.56999969482422,37.65999984741211,410611.0
2020-11-04,1893.800048828125,1907.0,1885.300048828125,1894.5999755859375,782.0,74.8499984741211,75.0009994506836,74.27880096435547,74.65560150146484,0.0,11783.349609375,11929.650390625,11756.400390625,11908.5,667300.0,38.150001525878906,39.25,37.2599983215332,39.150001525878906,437000.0
2020-11-05,1901.699951171875,1948.0,1901.699951171875,1945.300048828125,135.0,74.19049835205078,74.40730285644531,73.8458023071289,74.37999725341797,0.0,12062.400390625,12131.099609375,12027.599609375,12120.2998046875,632500.0,39.16999816894531,39.349998474121094,38.27000045776367,38.790000915527344,298366.0
2020-11-06,1940.800048828125,1958.800048828125,1940.800048828125,1950.300048828125,304.0,74.12000274658203,74.27850341796875,73.86399841308594,74.12000274658203,0.0,12156.650390625,12280.400390625,12131.849609375,12263.5498046875,576800.0,38.540000915527344,38.61000061035156,37.060001373291016,37.13999938964844,411026.0
2020-11-09,1955.5999755859375,1963.199951171875,1847.0999755859375,1853.199951171875,745.0,73.97579956054688,74.16799926757812,73.64309692382812,73.97979736328125,0.0,12399.400390625,12474.0498046875,12367.349609375,12461.0498046875,553400.0,37.34000015258789,41.33000183105469,37.15999984741211,40.290000915527344,622921.0
2020-11-10,1879.300048828125,1885.300048828125,1871.199951171875,1875.4000244140625,276.0,74.13999938964844,74.4657974243164,73.87799835205078,73.95320129394531,0.0,12556.400390625,12643.900390625,12475.25,12631.099609375,847500.0,39.90999984741211,41.84000015258789,39.40999984741211,41.36000061035156,457045.0
2020-11-11,1878.800048828125,1878.800048828125,1855.5,1860.699951171875,222.0,74.47250366210938,74.53790283203125,74.10800170898438,74.28160095214844,0.0,12680.599609375,12769.75,12571.099609375,12749.150390625,880500.0,41.790000915527344,43.060001373291016,41.31999969482422,41.45000076293945,443772.0
2020-11-12,1869.0,1878.5,1866.5999755859375,1872.5999755859375,220.0,74.62480163574219,74.75900268554688,74.36599731445312,74.56999969482422,0.0,12702.150390625,12741.150390625,12624.849609375,12690.7998046875,622000.0,41.470001220703125,42.189998626708984,40.869998931884766,41.119998931884766,401031.0
2020-11-13,1877.0,1890.0999755859375,1876.800048828125,1885.699951171875,240.0,74.67169952392578,74.88729858398438,74.46610260009766,74.86499786376953,0.0,12659.7001953125,12735.9501953125,12607.7001953125,12719.9501953125,513900.0,40.939998626708984,40.939998626708984,40.060001373291016,40.130001068115234,338187.0
2020-11-17,1888.4000244140625,1888.4000244140625,1884.5,1884.5,59.0,74.55000305175781,74.60890197753906,74.32679748535156,74.41809844970703,0.0,12932.5,12934.0498046875,12797.099609375,12874.2001953125,707700.0,41.439998626708984,41.689998626708984,40.56999969482422,41.43000030517578,243677.0
2020-11-18,1873.5,1873.5,1873.5,1873.5,152.0,74.4801025390625,74.70480346679688,74.03520202636719,74.47969818115234,0.0,12860.099609375,12948.849609375,12819.349609375,12938.25,731300.0,41.349998474121094,42.459999084472656,41.08000183105469,41.81999969482422,107013.0
2020-11-19,1865.800048828125,1865.800048828125,1856.0,1861.0999755859375,59.0,74.41999816894531,74.44229888916016,74.11979675292969,74.41999816894531,0.0,12839.5,12963.0,12745.75,12771.7001953125,768800.0,41.61000061035156,41.97999954223633,41.08000183105469,41.7400016784668,88144.0
2020-11-20,1871.199951171875,1872.5999755859375,1871.199951171875,1872.5999755859375,1900.0,74.09960174560547,74.33920288085938,74.072998046875,74.09960174560547,0.0,12813.400390625,12892.4501953125,12730.25,12859.0498046875,664000.0,41.70000076293945,42.31999969482422,41.5099983215332,42.150001525878906,276340.0
2020-11-23,1834.800048828125,1837.800048828125,1829.199951171875,1837.800048828125,843.0,74.11979675292969,74.40630340576172,74.00299835205078,74.16239929199219,0.0,12960.2998046875,12968.849609375,12825.7001953125,12926.4501953125,633100.0,42.459999084472656,43.36000061035156,42.290000915527344,43.060001373291016,300717.0
2020-11-24,1829.300048828125,1829.300048828125,1799.300048828125,1804.800048828125,1041.0,74.24449920654297,74.2490005493164,73.8843994140625,74.24490356445312,0.0,13002.599609375,13079.099609375,12978.0,13055.150390625,571900.0,42.84000015258789,45.20000076293945,42.81999969482422,44.90999984741211,418527.0
2020-11-25,1801.4000244140625,1805.699951171875,1801.4000244140625,1805.699951171875,205754.0,73.96080017089844,74.16999816894531,73.7488021850586,73.96080017089844,0.0,13130.0,13145.849609375,12833.650390625,12858.400390625,679000.0,44.81999969482422,46.2599983215332,44.72999954223633,45.709999084472656,417182.0
2020-11-27,1806.0999755859375,1817.0,1770.699951171875,1781.9000244140625,71804.0,74.04879760742188,74.26850128173828,73.74620056152344,74.04879760742188,0.0,13012.0498046875,13035.2998046875,12914.2998046875,12968.9501953125,1162400.0,45.900001525878906,46.09000015258789,44.54999923706055,45.529998779296875,365128.0
2020-12-01,1775.0,1815.9000244140625,1774.9000244140625,1814.0999755859375,1859.0,74.02519989013672,74.17289733886719,73.46499633789062,74.02519989013672,0.0,13062.2001953125,13128.400390625,12962.7998046875,13109.0498046875,583600.0,45.08000183105469,45.70000076293945,44.119998931884766,44.54999923706055,314919.0
2020-12-02,1811.300048828125,1830.0,1807.800048828125,1825.699951171875,771.0,73.6697998046875,73.81379699707031,73.39800262451172,73.65499877929688,0.0,13121.400390625,13128.5,12983.5498046875,13113.75,717700.0,44.380001068115234,45.91999816894531,43.91999816894531,45.279998779296875,368854.0
2020-12-03,1829.199951171875,1842.0,1825.300048828125,1836.800048828125,1765.0,73.66259765625,73.95320129394531,73.63040161132812,73.66259765625,0.0,13215.2998046875,13216.599609375,13107.900390625,13133.900390625,713700.0,44.9900016784668,45.84000015258789,44.65999984741211,45.63999938964844,350768.0
2020-12-04,1840.699951171875,1847.5999755859375,1828.199951171875,1835.9000244140625,1213.0,73.93900299072266,74.0873031616211,73.65969848632812,73.86489868164062,0.0,13177.400390625,13280.0498046875,13152.849609375,13258.5498046875,640500.0,45.63999938964844,46.68000030517578,45.61000061035156,46.2599983215332,335453.0
2020-12-07,1836.5,1866.9000244140625,1820.800048828125,1861.800048828125,1427.0,73.79029846191406,73.947998046875,73.63179779052734,73.79029846191406,0.0,13264.849609375,13366.650390625,13241.9501953125,13355.75,591700.0,46.150001525878906,46.540000915527344,45.36000061035156,45.7599983215332,348871.0
2020-12-08,1863.0,1875.800048828125,1861.800048828125,1870.800048828125,121.0,73.80989837646484,74.03730010986328,73.54199981689453,74.0199966430664,0.0,13393.849609375,13435.4501953125,13311.0498046875,13392.9501953125,543200.0,45.65999984741211,45.93000030517578,45.13999938964844,45.599998474121094,332641.0
2020-12-09,1867.0999755859375,1867.0999755859375,1827.0,1834.5999755859375,215.0,73.8322982788086,73.9397964477539,73.53099822998047,73.72640228271484,0.0,13458.099609375,13548.900390625,13449.599609375,13529.099609375,502600.0,45.599998474121094,46.2400016784668,44.95000076293945,45.52000045776367,434976.0
2020-12-10,1833.199951171875,1849.0999755859375,1828.0,1833.5999755859375,177.0,73.81729888916016,73.93499755859375,73.6240005493164,73.93499755859375,0.0,13488.5,13503.5498046875,13399.2998046875,13478.2998046875,553400.0,45.689998626708984,47.7400016784668,45.52000045776367,46.779998779296875,447529.0
2020-12-11,1838.5,1846.0,1829.0999755859375,1839.800048828125,109.0,73.72669982910156,73.92250061035156,73.5364990234375,73.72669982910156,0.0,13512.2998046875,13579.349609375,13402.849609375,13513.849609375,787700.0,46.970001220703125,47.290000915527344,46.34000015258789,46.56999969482422,367305.0
2020-12-14,1835.5,1835.699951171875,1822.699951171875,1828.699951171875,258.0,73.73799896240234,73.78099822998047,73.47000122070312,73.73799896240234,0.0,13571.4501953125,13597.5,13472.4501953125,13558.150390625,558400.0,46.72999954223633,47.439998626708984,45.689998626708984,46.9900016784668,403543.0
2020-12-15,1833.5,1853.5999755859375,1833.199951171875,1852.300048828125,961.0,73.86000061035156,73.90029907226562,73.502197265625,73.86000061035156,0.0,13547.2001953125,13589.650390625,13447.0498046875,13567.849609375,497600.0,46.9900016784668,47.72999954223633,46.540000915527344,47.619998931884766,311169.0
2020-12-16,1856.5,1864.699951171875,1850.5,1856.0999755859375,1090.0,73.75980377197266,73.7959976196289,73.45860290527344,73.75980377197266,0.0,13663.099609375,13692.349609375,13606.4501953125,13682.7001953125,462200.0,47.599998474121094,47.939998626708984,47.16999816894531,47.81999969482422,275331.0
2020-12-17,1874.199951171875,1896.199951171875,1874.199951171875,1887.199951171875,414.0,73.82479858398438,73.82479858398438,73.38469696044922,73.6166000366211,0.0,13713.5498046875,13773.25,13673.5498046875,13740.7001953125,416000.0,47.849998474121094,48.59000015258789,47.810001373291016,48.36000061035156,96536.0
2020-12-18,1882.4000244140625,1889.5,1882.300048828125,1885.699951171875,276.0,73.60479736328125,73.75479888916016,73.47100067138672,73.52980041503906,0.0,13764.400390625,13772.849609375,13658.599609375,13760.5498046875,519400.0,48.43000030517578,49.279998779296875,48.099998474121094,49.099998474121094,83711.0
2020-12-21,1884.800048828125,1908.0,1869.0999755859375,1879.199951171875,136.0,73.60359954833984,74.09200286865234,73.51280212402344,73.60359954833984,0.0,13741.900390625,13777.5,13131.4501953125,13328.400390625,687300.0,48.540000915527344,48.61000061035156,46.18000030517578,47.7400016784668,478098.0
2020-12-22,1882.199951171875,1882.199951171875,1861.0,1866.5999755859375,233.0,73.935302734375,74.20230102539062,73.78669738769531,73.935302734375,0.0,13373.650390625,13492.0498046875,13192.900390625,13466.2998046875,696200.0,47.93000030517578,47.959999084472656,46.599998474121094,47.02000045776367,295737.0
2020-12-23,1867.0,1878.800048828125,1864.5,1874.699951171875,82.0,74.00550079345703,74.2699966430664,73.64640045166016,74.2699966430664,0.0,13473.5,13619.4501953125,13432.2001953125,13601.099609375,458700.0,46.790000915527344,48.5,46.15999984741211,48.119998931884766,344306.0
2020-12-24,1877.300048828125,1879.9000244140625,1875.699951171875,1879.9000244140625,46.0,73.83979797363281,74.0999984741211,73.45079803466797,73.83979797363281,0.0,13672.150390625,13771.75,13626.900390625,13749.25,471400.0,48.09000015258789,48.619998931884766,47.560001373291016,48.22999954223633,167390.0
2020-12-28,1895.5,1895.800048828125,1873.699951171875,1877.199951171875,75.0,73.68900299072266,73.73480224609375,73.4561996459961,73.68900299072266,0.0,13815.150390625,13885.2998046875,13811.5498046875,13873.2001953125,403600.0,48.22999954223633,48.959999084472656,47.5,47.619998931884766,238462.0
2020-12-29,1881.300048828125,1881.300048828125,1879.699951171875,1879.699951171875,343.0,73.5448989868164,73.76730346679688,73.28720092773438,73.5448989868164,0.0,13910.349609375,13967.599609375,13859.900390625,13932.599609375,439600.0,47.720001220703125,48.349998474121094,47.68000030517578,48.0,213778.0
2020-12-30,1879.9000244140625,1895.800048828125,1877.300048828125,1891.0,444.0,73.65499877929688,73.66480255126953,73.10160064697266,73.45359802246094,0.0,13980.900390625,13997.0,13864.9501953125,13981.9501953125,380700.0,48.130001068115234,48.65999984741211,47.61000061035156,48.400001525878906,266957.0
2020-12-31,1897.0,1901.300048828125,1892.699951171875,1893.0999755859375,127.0,73.13400268554688,73.3499984741211,72.94660186767578,73.13400268554688,0.0,13970.0,14024.849609375,13936.4501953125,13981.75,452400.0,48.349998474121094,48.58000183105469,47.77000045776367,48.52000045776367,181894.0
2021-01-04,1912.199951171875,1945.0999755859375,1912.199951171875,1944.699951171875,154.0,73.09200286865234,73.20099639892578,72.79850006103516,73.09200286865234,0.0,14104.349609375,14147.9501953125,13953.75,14132.900390625,495000.0,48.400001525878906,49.83000183105469,47.18000030517578,47.619998931884766,528525.0
2021-01-05,1941.699951171875,1952.699951171875,1941.300048828125,1952.699951171875,113.0,73.09149932861328,73.32980346679688,72.9635009765625,73.31999969482422,0.0,14075.150390625,14215.599609375,14048.150390625,14199.5,492500.0,47.380001068115234,50.20000076293945,47.2400016784668,49.93000030517578,643191.0
2021-01-06,1952.0,1959.9000244140625,1901.5,1906.9000244140625,331.0,73.16799926757812,73.36000061035156,73.04000091552734,73.37480163574219,0.0,14240.9501953125,14244.150390625,14039.900390625,14146.25,632300.0,49.81999969482422,50.939998626708984,49.47999954223633,50.630001068115234,509365.0
2021-01-07,1922.5999755859375,1926.699951171875,1912.0,1912.300048828125,122.0,73.37480163574219,73.46700286865234,73.06300354003906,73.36000061035156,0.0,14253.75,14256.25,14123.099609375,14137.349609375,559200.0,50.529998779296875,51.279998779296875,50.38999938964844,50.83000183105469,369292.0
2021-01-08,1908.0,1908.0,1834.0999755859375,1834.0999755859375,60.0,73.7300033569336,73.73979949951172,73.19619750976562,73.44599914550781,0.0,14258.400390625,14367.2998046875,14221.650390625,14347.25,613500.0,50.93000030517578,52.75,50.810001373291016,52.2400016784668,499416.0
2021-01-11,1826.5,1849.5999755859375,1826.5,1849.5999755859375,20.0,73.37339782714844,73.58419799804688,73.34030151367188,73.37339782714844,0.0,14474.0498046875,14498.2001953125,14383.099609375,14484.75,672900.0,52.58000183105469,52.70000076293945,51.5,52.25,394822.0
2021-01-12,1849.0,1859.699951171875,1839.4000244140625,1842.9000244140625,176.0,73.77899932861328,73.77899932861328,73.2020034790039,73.51349639892578,0.0,14473.7998046875,14590.650390625,14432.849609375,14563.4501953125,929600.0,52.18000030517578,53.45000076293945,52.06999969482422,53.209999084472656,400200.0
2021-01-13,1858.0,1858.5999755859375,1853.5999755859375,1853.5999755859375,189.0,73.41400146484375,73.41400146484375,73.06279754638672,73.16500091552734,0.0,14639.7998046875,14653.349609375,14435.7001953125,14564.849609375,874000.0,53.310001373291016,53.93000030517578,52.58000183105469,52.90999984741211,429898.0
2021-01-14,1836.699951171875,1850.699951171875,1836.699951171875,1850.300048828125,149.0,73.16999816894531,73.35399627685547,72.93900299072266,73.1698989868164,0.0,14550.0498046875,14617.7998046875,14471.5,14595.599609375,620200.0,52.84000015258789,53.75,52.2400016784668,53.56999969482422,390087.0
2021-01-15,1829.4000244140625,1829.4000244140625,1825.0,1829.300048828125,31.0,73.08999633789062,73.37809753417969,73.00250244140625,73.08760070800781,0.0,14594.349609375,14617.4501953125,14357.849609375,14433.7001953125,789600.0,53.79999923706055,53.83000183105469,51.83000183105469,52.36000061035156,165668.0
2021-01-19,1802.0,1842.9000244140625,1802.0,1839.5,13.0,73.18920135498047,73.30799865722656,73.0989990234375,73.1886978149414,0.0,14371.650390625,14546.0498046875,14350.849609375,14521.150390625,546100.0,52.0,53.130001068115234,51.7599983215332,52.97999954223633,125964.0
2021-01-20,1847.800048828125,1866.5999755859375,1844.4000244140625,1865.9000244140625,16.0,73.19200134277344,73.19229888916016,72.89929962158203,73.19190216064453,0.0,14538.2998046875,14666.4501953125,14517.5498046875,14644.7001953125,623100.0,53.130001068115234,53.790000915527344,53.04999923706055,53.2400016784668,400301.0
2021-01-21,1865.300048828125,1868.0,1865.300048828125,1865.300048828125,6.0,72.90789794921875,73.04530334472656,72.88300323486328,72.91089630126953,0.0,14730.9501953125,14753.5498046875,14517.25,14590.349609375,704600.0,52.93000030517578,53.40999984741211,52.75,53.130001068115234,352397.0
2021-01-22,1854.9000244140625,1855.699951171875,1852.699951171875,1855.699951171875,8.0,72.95490264892578,73.23750305175781,72.92900085449219,72.95490264892578,0.0,14583.400390625,14619.900390625,14357.75,14371.900390625,776800.0,53.099998474121094,53.15999984741211,51.439998626708984,52.27000045776367,437484.0
2021-01-25,1864.699951171875,1864.699951171875,1851.800048828125,1854.9000244140625,26.0,72.99590301513672,73.22000122070312,72.87799835205078,72.99590301513672,0.0,14477.7998046875,14491.099609375,14218.599609375,14238.900390625,618600.0,52.16999816894531,52.95000076293945,51.81999969482422,52.77000045776367,349076.0
2021-01-27,1844.9000244140625,1844.9000244140625,1844.9000244140625,1844.9000244140625,195540.0,72.9198989868164,73.0718994140625,72.7979965209961,72.91999816894531,0.0,14237.9501953125,14237.9501953125,13929.2998046875,13967.5,660700.0,52.7599983215332,53.29999923706055,51.849998474121094,52.849998474121094,442376.0
2021-01-28,1843.4000244140625,1862.9000244140625,1831.5,1837.9000244140625,27283.0,73.03700256347656,73.17410278320312,72.89679718017578,73.03710174560547,0.0,13810.400390625,13898.25,13713.25,13817.5498046875,637900.0,52.650001525878906,53.58000183105469,52.040000915527344,52.34000015258789,411406.0
2021-01-29,1842.0,1876.0,1838.699951171875,1847.300048828125,1634.0,72.93879699707031,73.0302963256836,72.76750183105469,72.93879699707031,0.0,13946.599609375,13966.849609375,13596.75,13634.599609375,753200.0,52.150001525878906,53.25,51.93000030517578,52.20000076293945,410914.0
2021-02-01,1866.5999755859375,1871.9000244140625,1850.0,1860.800048828125,1494.0,72.90660095214844,73.20339965820312,72.81710052490234,72.90660095214844,0.0,13758.599609375,14336.349609375,13661.75,14281.2001953125,870500.0,51.9900016784668,53.7400016784668,51.63999938964844,53.54999923706055,416067.0
2021-02-02,1859.5999755859375,1861.300048828125,1827.5999755859375,1830.5,1293.0,73.11979675292969,73.32479858398438,72.90760040283203,73.11979675292969,0.0,14481.099609375,14731.7001953125,14469.150390625,14647.849609375,915000.0,53.47999954223633,55.2599983215332,53.45000076293945,54.7599983215332,463718.0
2021-02-03,1834.800048828125,1842.4000244140625,1829.800048828125,1832.199951171875,1195.0,72.94999694824219,73.00299835205078,72.81900024414062,72.91629791259766,0.0,14754.900390625,14868.849609375,14574.150390625,14789.9501953125,869500.0,55.04999923706055,56.33000183105469,54.810001373291016,55.689998626708984,448693.0
2021-02-04,1832.199951171875,1832.199951171875,1782.800048828125,1788.9000244140625,2375.0,72.85980224609375,72.99040222167969,72.82599639892578,72.85800170898438,0.0,14789.0498046875,14913.7001953125,14714.75,14895.650390625,884700.0,55.959999084472656,56.58000183105469,55.29999923706055,56.22999954223633,381404.0
2021-02-05,1794.300048828125,1813.5,1790.9000244140625,1810.9000244140625,1278.0,72.98609924316406,73.02279663085938,72.77770233154297,72.9457015991211,0.0,14952.599609375,15014.650390625,14864.75,14924.25,935600.0,56.459999084472656,57.290000915527344,56.43000030517578,56.849998474121094,400833.0
2021-02-08,1816.300048828125,1836.699951171875,1809.0,1831.9000244140625,254.0,72.78479766845703,73.01499938964844,72.77799987792969,72.78479766845703,0.0,15064.2998046875,15159.900390625,15041.0498046875,15115.7998046875,671200.0,57.060001373291016,58.13999938964844,57.0,57.970001220703125,399724.0
2021-02-09,1841.9000244140625,1843.300048828125,1830.699951171875,1835.300048828125,184.0,72.92990112304688,73.00430297851562,72.80120086669922,72.92990112304688,0.0,15164.150390625,15257.099609375,15064.2998046875,15109.2998046875,713300.0,58.11000061035156,58.619998931884766,57.27000045776367,58.36000061035156,514698.0
2021-02-10,1842.5999755859375,1851.0999755859375,1837.0,1840.5999755859375,543.0,72.85559844970703,73.10900115966797,72.77799987792969,72.85489654541016,0.0,15119.0498046875,15168.25,14977.2001953125,15106.5,624800.0,58.45000076293945,58.90999984741211,58.08000183105469,58.68000030517578,457535.0
2021-02-11,1840.5,1845.0,1820.9000244140625,1824.9000244140625,602.0,72.80729675292969,72.87840270996094,72.67420196533203,72.80729675292969,0.0,15073.25,15188.5,15065.400390625,15173.2998046875,500100.0,58.400001525878906,58.709999084472656,57.84000015258789,58.2400016784668,380445.0
2021-02-12,1825.0,1827.5,1809.199951171875,1821.5999755859375,259.0,72.70950317382812,72.82510375976562,72.56279754638672,72.70950317382812,0.0,15186.2001953125,15243.5,15081.0,15163.2998046875,571800.0,57.939998626708984,59.81999969482422,57.40999984741211,59.470001220703125,480822.0
2021-02-16,1820.9000244140625,1823.4000244140625,1787.300048828125,1797.199951171875,1141.0,72.63870239257812,72.91470336914062,72.59249877929688,72.63870239257812,0.0,15371.4501953125,15431.75,15242.2001953125,15313.4501953125,648500.0,59.97999954223633,60.95000076293945,59.33000183105469,60.04999923706055,602332.0
2021-02-17,1785.800048828125,1789.699951171875,1768.800048828125,1771.0999755859375,614.0,72.93499755859375,73.15399932861328,72.7229995727539,72.93499755859375,0.0,15279.900390625,15314.2998046875,15170.75,15208.900390625,504800.0,60.2400016784668,61.72999954223633,59.43000030517578,61.13999938964844,335419.0
2021-02-18,1776.0999755859375,1784.5999755859375,1766.0,1773.4000244140625,587.0,72.78700256347656,72.80400085449219,72.5386962890625,72.79730224609375,0.0,15238.7001953125,15250.75,15078.0498046875,15118.9501953125,770600.0,61.68000030517578,62.2599983215332,59.790000915527344,60.52000045776367,132035.0
2021-02-19,1764.300048828125,1787.5999755859375,1764.300048828125,1775.800048828125,118.0,72.60549926757812,72.71499633789062,72.39830017089844,72.60540008544922,0.0,15074.7998046875,15144.0498046875,14898.2001953125,14981.75,712200.0,60.20000076293945,60.290000915527344,58.59000015258789,59.2400016784668,102427.0
2021-02-22,1784.0,1807.800048828125,1784.0,1806.699951171875,165.0,72.5530014038086,72.58930206298828,72.30650329589844,72.5530014038086,0.0,14999.0498046875,15010.099609375,14635.0498046875,14675.7001953125,609900.0,58.880001068115234,61.84000015258789,58.81999969482422,61.4900016784668,505773.0
2021-02-23,1809.5999755859375,1811.300048828125,1796.4000244140625,1804.4000244140625,569.0,72.45790100097656,72.55650329589844,72.31999969482422,72.44400024414062,0.0,14782.25,14854.5,14651.849609375,14707.7998046875,744100.0,62.15999984741211,63.0,60.66999816894531,61.66999816894531,570677.0
2021-02-24,1805.800048828125,1805.800048828125,1796.4000244140625,1796.4000244140625,1500.0,72.3821029663086,72.5989990234375,72.26799774169922,72.37699890136719,0.0,14729.150390625,15008.7998046875,14504.5,14982.0,403800.0,61.290000915527344,63.5099983215332,60.970001220703125,63.220001220703125,489933.0
2021-02-25,1801.5,1802.0,1766.699951171875,1774.4000244140625,1049.0,72.39559936523438,72.7667007446289,72.27899932861328,72.4000015258789,0.0,15079.849609375,15176.5,15065.349609375,15097.349609375,803900.0,63.38999938964844,63.810001373291016,62.650001525878906,63.529998779296875,510357.0
2021-02-26,1768.0999755859375,1768.199951171875,1718.800048828125,1728.0999755859375,1593.0,73.15489959716797,74.17870330810547,72.87799835205078,73.1509017944336,0.0,14888.599609375,14919.4501953125,14467.75,14529.150390625,1103600.0,63.459999084472656,63.56999969482422,61.34000015258789,61.5,472723.0
2021-03-01,1737.0999755859375,1747.0,1720.300048828125,1722.5,407.0,73.59590148925781,74.125,73.18499755859375,73.59590148925781,0.0,14702.5,14806.7998046875,14638.5498046875,14761.5498046875,507300.0,61.95000076293945,62.91999816894531,59.959999084472656,60.63999938964844,456679.0
2021-03-02,1709.4000244140625,1733.0999755859375,1708.699951171875,1733.0999755859375,867.0,73.30940246582031,73.87100219726562,73.28150177001953,73.30940246582031,0.0,14865.2998046875,14959.099609375,14760.7998046875,14919.099609375,621700.0,60.22999954223633,61.209999084472656,59.380001068115234,59.75,464133.0
2021-03-03,1730.0,1732.4000244140625,1703.5,1715.300048828125,501.0,73.27749633789062,73.3198013305664,72.72879791259766,73.27749633789062,0.0,15064.400390625,15273.150390625,14995.7998046875,15245.599609375,544200.0,59.54999923706055,61.9900016784668,59.2400016784668,61.279998779296875,465311.0
2021-03-04,1706.5,1717.4000244140625,1700.199951171875,1700.199951171875,521.0,72.88069915771484,73.10800170898438,72.61219787597656,72.88069915771484,0.0,15026.75,15202.349609375,14980.2001953125,15080.75,534900.0,61.08000183105469,64.86000061035156,60.52000045776367,63.83000183105469,694628.0
2021-03-05,1690.5999755859375,1701.0,1685.0,1698.0,302.0,73.13179779052734,73.31120300292969,72.73500061035156,73.13179779052734,0.0,14977.9501953125,15092.349609375,14862.099609375,14938.099609375,640700.0,64.16000366210938,66.41999816894531,63.81999969482422,66.08999633789062,573168.0
2021-03-08,1704.699951171875,1705.4000244140625,1673.699951171875,1677.699951171875,1290.0,73.1333999633789,73.41529846191406,72.94000244140625,73.1333999633789,0.0,15002.4501953125,15111.150390625,14919.900390625,14956.2001953125,0.0,66.68000030517578,67.9800033569336,64.56999969482422,65.05000305175781,533376.0
2021-03-09,1686.199951171875,1717.5,1685.199951171875,1716.5999755859375,335.0,73.33039855957031,73.38629913330078,72.8855972290039,73.33000183105469,0.0,15049.900390625,15126.849609375,14925.4501953125,15098.400390625,675300.0,64.7300033569336,65.9800033569336,63.630001068115234,64.01000213623047,554564.0
2021-03-10,1713.5999755859375,1722.9000244140625,1711.0,1721.5,412.0,72.77580261230469,73.0780029296875,72.76490020751953,72.7759017944336,0.0,15202.150390625,15218.4501953125,15100.849609375,15174.7998046875,404600.0,63.84000015258789,64.95999908447266,63.130001068115234,64.44000244140625,498488.0
2021-03-12,1715.9000244140625,1722.5,1699.0,1719.5,80.0,72.63899993896484,72.87329864501953,72.56500244140625,72.63899993896484,0.0,15321.150390625,15336.2998046875,14953.599609375,15030.9501953125,493200.0,65.95999908447266,66.23999786376953,65.41000366210938,65.61000061035156,321714.0
2021-03-15,1729.5,1731.9000244140625,1722.800048828125,1728.9000244140625,147.0,72.68299865722656,72.78199768066406,72.39230346679688,72.68299865722656,0.0,15048.400390625,15048.400390625,14745.849609375,14929.5,467500.0,65.55999755859375,66.4000015258789,64.12999725341797,65.38999938964844,378009.0
2021-03-16,1732.300048828125,1733.9000244140625,1726.0,1730.5999755859375,729.0,72.51529693603516,72.94599914550781,72.3655014038086,72.51529693603516,0.0,14996.099609375,15051.599609375,14890.650390625,14910.4501953125,100.0,65.33000183105469,65.43000030517578,63.79999923706055,64.80000305175781,317537.0
2021-03-17,1735.300048828125,1750.0999755859375,1725.5999755859375,1726.800048828125,488.0,72.51570129394531,73.00800323486328,72.49629974365234,72.5156021118164,0.0,14946.5498046875,14956.5498046875,14696.0498046875,14721.2998046875,100.0,64.75,65.33999633789062,63.599998474121094,64.5999984741211,254724.0
2021-03-18,1745.800048828125,1750.300048828125,1721.800048828125,1732.199951171875,138.0,72.5698013305664,72.74400329589844,72.29560089111328,72.29560089111328,0.0,14855.5,14875.2001953125,14478.599609375,14557.849609375,542200.0,64.41999816894531,64.81999969482422,58.20000076293945,60.0,143597.0
2021-03-19,1742.199951171875,1742.199951171875,1733.5999755859375,1741.4000244140625,13.0,72.668701171875,72.73780059814453,72.44650268554688,72.6688003540039,0.0,14471.150390625,14788.25,14350.099609375,14744.0,919200.0,59.560001373291016,61.720001220703125,58.939998626708984,61.41999816894531,84171.0
2021-03-22,1737.800048828125,1737.800048828125,1737.800048828125,1737.800048828125,51.0,72.40499877929688,72.94999694824219,72.3010025024414,72.40499877929688,0.0,14736.2998046875,14763.900390625,14597.849609375,14736.400390625,459000.0,61.54999923706055,61.900001525878906,60.38999938964844,61.54999923706055,404370.0
2021-03-23,1724.699951171875,1724.699951171875,1724.699951171875,1724.699951171875,6.0,72.38050079345703,72.53910064697266,72.26599884033203,72.38050079345703,0.0,14768.5498046875,14878.599609375,14707.0,14814.75,474200.0,61.279998779296875,61.349998474121094,57.25,57.7599983215332,712317.0
2021-03-24,1727.5,1732.9000244140625,1727.5,1732.9000244140625,26.0,72.61229705810547,73.08049774169922,72.50090026855469,72.61219787597656,0.0,14712.4501953125,14752.349609375,14535.0,14549.400390625,456400.0,57.400001525878906,61.34000015258789,57.290000915527344,61.18000030517578,566291.0
2021-03-25,1732.699951171875,1733.199951171875,1724.5,1724.9000244140625,15.0,72.64559936523438,73.13700103759766,72.55000305175781,72.64559936523438,0.0,14570.900390625,14575.599609375,14264.400390625,14324.900390625,606800.0,60.79999923706055,60.86000061035156,57.439998626708984,58.560001373291016,580105.0
2021-03-26,1721.300048828125,1732.199951171875,1721.300048828125,1732.199951171875,33.0,72.61280059814453,72.66000366210938,72.37030029296875,72.61280059814453,0.0,14506.2998046875,14572.900390625,14414.25,14507.2998046875,481000.0,58.47999954223633,61.36000061035156,58.31999969482422,60.970001220703125,471996.0
2021-03-30,1711.0,1712.5999755859375,1676.5,1683.9000244140625,25316.0,72.74189758300781,73.65229797363281,72.71299743652344,72.74189758300781,0.0,14628.5,14876.2998046875,14617.599609375,14845.099609375,594500.0,61.959999084472656,62.27000045776367,59.939998626708984,60.54999923706055,388188.0
2021-03-31,1683.699951171875,1713.800048828125,1676.5,1713.800048828125,762.0,73.44529724121094,73.61299896240234,73.05000305175781,73.44529724121094,0.0,14811.849609375,14813.75,14670.25,14690.7001953125,463900.0,60.45000076293945,61.16999816894531,58.849998474121094,59.15999984741211,414162.0
2021-04-01,1706.800048828125,1728.800048828125,1706.4000244140625,1726.5,720.0,73.20349884033203,73.4625015258789,73.1050033569336,73.20349884033203,0.0,14798.400390625,14883.2001953125,14692.4501953125,14867.349609375,445000.0,59.4900016784668,61.75,58.86000061035156,61.45000076293945,605567.0
2021-04-05,1727.9000244140625,1729.699951171875,1721.9000244140625,1727.0,275.0,73.3760986328125,73.45159912109375,73.19730377197266,73.3759994506836,0.0,14837.7001953125,14849.849609375,14459.5,14637.7998046875,509700.0,61.5,61.5,57.630001068115234,58.650001525878906,438864.0
2021-04-06,1726.9000244140625,1744.800048828125,1726.9000244140625,1741.5,890.0,73.27950286865234,73.52909851074219,73.214599609375,73.27950286865234,0.0,14737.0,14779.099609375,14573.900390625,14683.5,475300.0,58.79999923706055,60.900001525878906,58.619998931884766,59.33000183105469,457348.0
2021-04-07,1742.699951171875,1742.699951171875,1733.699951171875,1740.0999755859375,557.0,73.48999786376953,74.53230285644531,73.44979858398438,73.48999786376953,0.0,14716.4501953125,14879.7998046875,14649.849609375,14819.0498046875,0.0,59.2599983215332,60.040000915527344,58.119998931884766,59.77000045776367,475537.0
2021-04-08,1736.0,1758.0,1734.5999755859375,1756.800048828125,1298.0,74.40149688720703,74.90560150146484,74.19300079345703,74.40149688720703,0.0,14875.650390625,14984.150390625,14821.099609375,14873.7998046875,514800.0,59.52000045776367,59.93000030517578,58.81999969482422,59.599998474121094,419913.0
2021-04-09,1750.800048828125,1750.800048828125,1733.300048828125,1743.300048828125,484.0,74.54450225830078,75.00630187988281,74.46050262451172,74.54450225830078,0.0,14882.650390625,14918.4501953125,14785.650390625,14834.849609375,504100.0,59.7599983215332,59.95000076293945,59.099998474121094,59.31999969482422,351436.0
2021-04-12,1740.800048828125,1740.800048828125,1726.699951171875,1731.199951171875,40.0,74.72959899902344,75.17829895019531,74.1801986694336,74.72949981689453,0.0,14644.650390625,14652.5,14248.7001953125,14310.7998046875,650200.0,59.349998474121094,60.77000045776367,58.72999954223633,59.70000076293945,410218.0
2021-04-13,1733.800048828125,1746.9000244140625,1722.0999755859375,1746.199951171875,367.0,74.99099731445312,75.51799774169922,74.8904037475586,74.99099731445312,0.0,14364.900390625,14528.900390625,14274.900390625,14504.7998046875,605100.0,59.63999938964844,60.59000015258789,59.63999938964844,60.18000030517578,349733.0
2021-04-15,1740.0999755859375,1767.9000244140625,1740.0999755859375,1765.4000244140625,368.0,75.05400085449219,75.36299896240234,74.74400329589844,75.0261001586914,0.0,14522.400390625,14597.5498046875,14353.2001953125,14581.4501953125,568000.0,62.83000183105469,63.56999969482422,62.529998779296875,63.459999084472656,243370.0
2021-04-16,1770.4000244140625,1779.5,1770.0999755859375,1779.0,625.0,74.72740173339844,74.83650207519531,74.29769897460938,74.72740173339844,0.0,14599.599609375,14697.7001953125,14559.0,14617.849609375,577200.0,63.31999969482422,63.880001068115234,62.83000183105469,63.130001068115234,87795.0
2021-04-19,1782.0999755859375,1788.5,1769.4000244140625,1769.4000244140625,144.0,74.54129791259766,75.04540252685547,74.53299713134766,74.56320190429688,0.0,14306.599609375,14382.2998046875,14191.400390625,14359.4501953125,512300.0,62.97999954223633,63.630001068115234,62.630001068115234,63.380001068115234,74384.0
2021-04-20,1769.300048828125,1777.300048828125,1765.5,1777.300048828125,1464.0,74.8781967163086,75.72480010986328,74.50199890136719,74.8781967163086,0.0,14526.7001953125,14526.9501953125,14207.2998046875,14296.400390625,467400.0,63.470001220703125,64.25,61.5,62.439998626708984,476046.0
2021-04-22,1794.199951171875,1794.199951171875,1779.5,1781.199951171875,159.0,75.42949676513672,75.61499786376953,74.84100341796875,75.42949676513672,0.0,14219.150390625,14424.75,14151.400390625,14406.150390625,524600.0,61.11000061035156,61.869998931884766,60.61000061035156,61.43000030517578,344700.0
2021-04-23,1786.0999755859375,1794.5,1772.0,1777.0,332.0,75.0916976928711,75.30500030517578,74.7385025024414,75.0916976928711,0.0,14326.349609375,14461.150390625,14273.2998046875,14341.349609375,498100.0,61.650001525878906,62.43000030517578,61.25,62.13999938964844,345407.0
2021-04-26,1778.0,1779.699951171875,1770.800048828125,1779.199951171875,549.0,74.86820220947266,75.25199890136719,74.66400146484375,74.86810302734375,0.0,14449.4501953125,14557.5,14421.2998046875,14485.0,452700.0,62.060001373291016,62.310001373291016,60.65999984741211,61.90999984741211,366865.0
2021-04-27,1780.0,1782.0,1777.699951171875,1778.0,117.0,74.79789733886719,74.83499908447266,74.510498046875,74.81490325927734,0.0,14493.7998046875,14667.5498046875,14484.849609375,14653.0498046875,451800.0,61.970001220703125,63.29999923706055,61.90999984741211,62.939998626708984,361536.0
2021-04-28,1768.199951171875,1774.0,1764.5999755859375,1773.199951171875,756.0,74.57499694824219,74.94599914550781,74.28199768066406,74.57499694824219,0.0,14710.5,14890.25,14694.9501953125,14864.5498046875,457000.0,63.040000915527344,64.52999877929688,62.66999816894531,63.86000061035156,387683.0
2021-04-29,1781.0,1789.0,1758.5999755859375,1768.0999755859375,196.0,74.31179809570312,74.59700012207031,73.95829772949219,74.31179809570312,0.0,14979.0,15044.349609375,14814.4501953125,14894.900390625,517500.0,63.70000076293945,65.47000122070312,63.650001525878906,65.01000213623047,384489.0
2021-04-30,1771.800048828125,1771.800048828125,1763.9000244140625,1767.300048828125,18.0,74.10579681396484,74.29499816894531,73.82540130615234,74.10579681396484,0.0,14747.349609375,14855.4501953125,14601.7001953125,14631.099609375,613900.0,64.87999725341797,64.94999694824219,63.08000183105469,63.58000183105469,400515.0
2021-05-03,1788.5,1793.0,1788.5,1791.4000244140625,18.0,74.09490203857422,74.49400329589844,73.74720001220703,74.09480285644531,0.0,14481.0498046875,14673.849609375,14416.25,14634.150390625,448900.0,63.63999938964844,64.68000030517578,62.90999984741211,64.48999786376953,285969.0
2021-05-04,1788.199951171875,1788.5,1774.800048828125,1775.800048828125,182.0,73.8375015258789,74.47699737548828,73.7385025024414,73.8375015258789,0.0,14687.25,14723.400390625,14461.5,14496.5,503400.0,64.52999877929688,66.19000244140625,64.29000091552734,65.69000244140625,370208.0
2021-05-05,1781.5,1784.0999755859375,1779.199951171875,1784.0999755859375,57.0,73.77890014648438,74.0145034790039,73.68830108642578,73.77890014648438,0.0,14604.150390625,14637.900390625,14506.599609375,14617.849609375,455900.0,66.44999694824219,66.76000213623047,64.91999816894531,65.62999725341797,460066.0
2021-05-06,1788.9000244140625,1815.5,1787.5999755859375,1815.5,13.0,73.79949951171875,74.19100189208984,73.57209777832031,73.79940032958984,0.0,14668.349609375,14743.900390625,14611.5,14724.7998046875,467800.0,65.2699966430664,65.9800033569336,64.5,64.70999908447266,389214.0
2021-05-07,1842.9000244140625,1842.9000244140625,1831.0999755859375,1831.0999755859375,2.0,73.61519622802734,73.8949966430664,73.16619873046875,73.61519622802734,0.0,14816.849609375,14863.0498046875,14765.5,14823.150390625,488000.0,64.9000015258789,65.23999786376953,63.900001525878906,64.9000015258789,431417.0
2021-05-10,1835.5999755859375,1845.5999755859375,1835.4000244140625,1837.5,13.0,73.29039764404297,73.470703125,73.21700286865234,73.29029846191406,0.0,14928.25,14966.900390625,14892.5,14942.349609375,522000.0,65.56999969482422,65.75,63.95000076293945,64.91999816894531,448337.0
2021-05-11,1837.199951171875,1838.0999755859375,1831.5999755859375,1835.9000244140625,420.0,73.5000991821289,73.77639770507812,73.25450134277344,73.5,0.0,14789.7001953125,14900.0,14771.400390625,14850.75,647400.0,64.9000015258789,65.5,63.68000030517578,65.27999877929688,514949.0
2021-05-12,1825.199951171875,1825.199951171875,1821.699951171875,1822.5999755859375,3.0,73.3750991821289,73.74299621582031,73.36799621582031,73.3750991821289,0.0,14823.5498046875,14824.0498046875,14649.7001953125,14696.5,643800.0,65.45999908447266,66.62999725341797,64.97000122070312,66.08000183105469,508519.0
2021-05-14,1824.5,1842.9000244140625,1824.5,1837.9000244140625,41.0,73.44490051269531,73.84529876708984,73.18499755859375,73.44490051269531,0.0,14749.400390625,14749.650390625,14591.900390625,14677.7998046875,620700.0,63.83000183105469,65.62000274658203,63.33000183105469,65.37000274658203,383749.0
2021-05-17,1849.9000244140625,1867.5,1847.199951171875,1867.5,13.0,73.27899932861328,73.72329711914062,73.14119720458984,73.27890014648438,0.0,14756.25,14938.0,14725.349609375,14923.150390625,546400.0,65.5,66.43000030517578,64.83000183105469,66.2699966430664,268476.0
2021-05-18,1870.5,1870.5,1867.800048828125,1867.800048828125,3.0,73.26969909667969,73.61949920654297,72.95140075683594,73.26969909667969,0.0,15067.2001953125,15137.25,15043.7001953125,15108.099609375,583900.0,66.33000183105469,67.01000213623047,64.11000061035156,65.48999786376953,167348.0
2021-05-19,1866.4000244140625,1884.9000244140625,1863.5999755859375,1881.300048828125,348.0,73.1261978149414,73.45600128173828,72.92630004882812,73.1281967163086,0.0,15058.599609375,15133.400390625,15008.849609375,15030.150390625,569100.0,65.27999877929688,65.3499984741211,61.95000076293945,63.36000061035156,101902.0
2021-05-20,1865.5,1885.0,1864.800048828125,1881.800048828125,85.0,73.2229995727539,73.22329711914062,73.03119659423828,73.222900390625,0.0,15042.599609375,15069.7998046875,14884.900390625,14906.0498046875,480300.0,63.38999938964844,63.959999084472656,61.88999938964844,62.04999923706055,524168.0
2021-05-21,1872.0999755859375,1876.699951171875,1872.0999755859375,1876.699951171875,5.0,73.02189636230469,73.33899688720703,72.75299835205078,73.02189636230469,0.0,14987.7998046875,15190.0,14985.849609375,15175.2998046875,572900.0,61.88999938964844,64.06999969482422,61.560001373291016,63.58000183105469,530831.0
2021-05-24,1882.0999755859375,1884.5999755859375,1882.0999755859375,1884.5999755859375,39.0,72.90979766845703,72.97579956054688,72.81800079345703,72.90979766845703,0.0,15211.349609375,15256.25,15145.4501953125,15197.7001953125,579800.0,63.869998931884766,66.13999938964844,63.630001068115234,66.05000305175781,466647.0
2021-05-25,1882.5,1898.0999755859375,1882.5,1898.0999755859375,56.0,72.83660125732422,73.19499969482422,72.74299621582031,72.83660125732422,0.0,15291.75,15293.849609375,15163.400390625,15208.4501953125,441500.0,66.0199966430664,66.51000213623047,65.41000366210938,66.06999969482422,497394.0
2021-05-26,1901.300048828125,1901.300048828125,1901.300048828125,1901.300048828125,170526.0,72.80490112304688,72.80840301513672,72.62680053710938,72.80490112304688,0.0,15257.0498046875,15319.900390625,15194.9501953125,15301.4501953125,384000.0,66.04000091552734,66.43000030517578,65.25,66.20999908447266,376207.0
2021-05-27,1896.800048828125,1903.9000244140625,1888.199951171875,1895.699951171875,35794.0,72.67250061035156,73.15599822998047,72.42729949951172,72.67250061035156,0.0,15323.9501953125,15384.5498046875,15272.5,15337.849609375,0.0,66.16000366210938,66.91999816894531,65.47000122070312,66.8499984741211,337542.0
2021-05-28,1897.5,1905.4000244140625,1881.9000244140625,1902.5,2415.0,72.68360137939453,72.93730163574219,72.33580017089844,72.68299865722656,0.0,15421.2001953125,15469.650390625,15394.75,15435.650390625,468100.0,66.94999694824219,67.5199966430664,66.16999816894531,66.31999969482422,390461.0
2021-06-01,1905.0999755859375,1916.199951171875,1892.800048828125,1902.9000244140625,640.0,72.48719787597656,72.94940185546875,72.45800018310547,72.48719787597656,0.0,15629.650390625,15660.75,15528.2998046875,15574.849609375,409600.0,66.68000030517578,68.87000274658203,66.41000366210938,67.72000122070312,570985.0
2021-06-02,1899.199951171875,1908.800048828125,1896.0,1907.5,1267.0,72.8550033569336,73.43499755859375,72.497802734375,72.8550033569336,0.0,15520.349609375,15597.4501953125,15459.849609375,15576.2001953125,428600.0,67.98999786376953,69.0,67.77999877929688,68.83000183105469,332995.0
2021-06-03,1908.800048828125,1908.800048828125,1865.0,1871.199951171875,1021.0,72.96219635009766,73.15599822998047,72.84339904785156,72.96510314941406,0.0,15655.5498046875,15705.099609375,15611.0,15690.349609375,410200.0,68.76000213623047,69.4000015258789,68.19000244140625,68.80999755859375,351367.0
2021-06-04,1869.300048828125,1895.5,1854.0,1889.800048828125,367.0,73.04419708251953,73.1135025024414,72.78050231933594,73.04419708251953,0.0,15712.5,15733.599609375,15622.349609375,15670.25,414200.0,68.91000366210938,69.76000213623047,68.33000183105469,69.62000274658203,326250.0
2021-06-07,1890.5,1899.699951171875,1883.199951171875,1896.800048828125,87.0,72.90979766845703,72.91600036621094,72.74109649658203,72.90969848632812,0.0,15725.099609375,15773.4501953125,15678.099609375,15751.650390625,394000.0,69.5199966430664,70.0,68.93000030517578,69.2300033569336,365621.0
2021-06-08,1896.5,1902.9000244140625,1890.0,1892.199951171875,930.0,72.80940246582031,72.97869873046875,72.74400329589844,72.80940246582031,0.0,15773.900390625,15778.7998046875,15680.0,15740.099609375,378200.0,69.29000091552734,70.2699966430664,68.47000122070312,70.05000305175781,441302.0
2021-06-09,1894.9000244140625,1897.699951171875,1889.199951171875,1893.199951171875,148.0,72.97530364990234,73.01349639892578,72.87000274658203,72.97530364990234,0.0,15766.2998046875,15800.4501953125,15566.900390625,15635.349609375,457900.0,70.01000213623047,70.62000274658203,69.45999908447266,69.95999908447266,410820.0
2021-06-10,1887.699951171875,1899.800048828125,1871.5,1894.199951171875,186.0,72.98529815673828,73.2385025024414,72.93900299072266,72.98529815673828,0.0,15692.099609375,15751.25,15648.5,15737.75,298300.0,69.76000213623047,70.6500015258789,68.68000030517578,70.29000091552734,492464.0
2021-06-11,1900.9000244140625,1902.300048828125,1875.199951171875,1877.4000244140625,349.0,73.01229858398438,73.31839752197266,72.8949966430664,73.01229858398438,0.0,15796.4501953125,15835.5498046875,15749.7998046875,15799.349609375,363000.0,70.0999984741211,71.23999786376953,69.68000030517578,70.91000366210938,563575.0
2021-06-14,1866.199951171875,1866.5999755859375,1846.5,1864.0,41.0,73.23169708251953,73.29399871826172,73.10050201416016,73.23159790039062,0.0,15791.400390625,15823.0498046875,15606.5,15811.849609375,392900.0,70.6500015258789,71.77999877929688,70.6500015258789,70.87999725341797,319639.0
2021-06-15,1866.4000244140625,1867.199951171875,1854.4000244140625,1854.5,78.0,73.185302734375,73.37629699707031,73.15959930419922,73.18080139160156,0.0,15866.9501953125,15901.599609375,15842.400390625,15869.25,323300.0,71.16000366210938,72.48999786376953,70.80999755859375,72.12000274658203,336035.0
2021-06-16,1859.4000244140625,1860.0999755859375,1809.199951171875,1859.5,117.0,73.34390258789062,73.38700103759766,73.26000213623047,73.3447036743164,0.0,15847.5,15880.849609375,15742.599609375,15767.5498046875,340200.0,72.44999694824219,72.98999786376953,71.61000061035156,72.1500015258789,426775.0
2021-06-17,1811.800048828125,1823.300048828125,1769.5999755859375,1773.800048828125,1135.0,73.8240966796875,74.2385025024414,73.26799774169922,73.8240966796875,0.0,15648.2998046875,15769.349609375,15616.75,15691.400390625,357600.0,71.6500015258789,72.30000305175781,69.7699966430664,71.04000091552734,373780.0
2021-06-18,1775.699951171875,1792.4000244140625,1767.9000244140625,1767.9000244140625,354.0,74.25389862060547,74.52230072021484,73.80699920654297,74.25389862060547,0.0,15756.5,15761.5,15450.900390625,15683.349609375,640800.0,71.0999984741211,72.16999816894531,70.16000366210938,71.63999938964844,139584.0
2021-06-21,1768.800048828125,1785.199951171875,1766.800048828125,1781.800048828125,38.0,74.14399719238281,74.44080352783203,74.04560089111328,74.1438980102539,0.0,15525.849609375,15765.150390625,15505.650390625,15746.5,351500.0,71.5199966430664,73.95999908447266,71.1500015258789,73.66000366210938,123662.0
2021-06-22,1783.4000244140625,1786.9000244140625,1775.9000244140625,1776.300048828125,101.0,74.13520050048828,74.38760375976562,74.02050018310547,74.13520050048828,0.0,15840.5,15895.75,15752.099609375,15772.75,322200.0,73.41000366210938,73.94999694824219,72.94000244140625,73.05999755859375,498555.0
2021-06-23,1780.699951171875,1793.199951171875,1780.5999755859375,1782.300048828125,136.0,74.33219909667969,74.5447998046875,73.51080322265625,74.33219909667969,0.0,15862.7998046875,15862.9501953125,15673.9501953125,15686.9501953125,287500.0,72.91000366210938,74.25,72.81999969482422,73.08000183105469,429207.0
2021-06-24,1778.9000244140625,1786.4000244140625,1775.5999755859375,1775.5999755859375,78.0,74.24690246582031,74.26280212402344,74.10440063476562,74.24690246582031,0.0,15737.2998046875,15821.400390625,15702.7001953125,15790.4501953125,316700.0,73.27999877929688,73.61000061035156,72.31999969482422,73.30000305175781,334833.0
2021-06-25,1777.699951171875,1788.0,1775.199951171875,1776.5999755859375,35.0,74.19029998779297,74.39099884033203,74.1167984008789,74.19029998779297,0.0,15839.349609375,15870.7998046875,15772.2998046875,15860.349609375,314600.0,73.31999969482422,74.18000030517578,72.8499984741211,74.05000305175781,364721.0
2021-06-28,1779.5999755859375,1779.5999755859375,1779.5999755859375,1779.5999755859375,888.0,74.21299743652344,74.32830047607422,74.0625,74.21299743652344,0.0,15915.349609375,15915.650390625,15792.150390625,15814.7001953125,255100.0,73.98999786376953,74.44999694824219,72.62000274658203,72.91000366210938,354701.0
2021-06-29,1776.800048828125,1777.0999755859375,1752.0999755859375,1762.800048828125,419.0,74.28559875488281,74.33779907226562,74.18900299072266,74.285400390625,0.0,15807.5,15835.900390625,15724.0498046875,15748.4501953125,360300.0,72.77999877929688,73.80999755859375,71.97000122070312,72.9800033569336,321448.0
2021-06-30,1761.0999755859375,1770.800048828125,1759.199951171875,1770.800048828125,51.0,74.28759765625,74.4729995727539,74.1050033569336,74.28759765625,0.0,15776.900390625,15839.099609375,15708.75,15721.5,262400.0,73.47000122070312,74.13999938964844,72.81999969482422,73.47000122070312,383626.0
2021-07-01,1775.699951171875,1781.199951171875,1768.800048828125,1775.9000244140625,44.0,74.37110137939453,74.62850189208984,74.31099700927734,74.37100219726562,0.0,15755.0498046875,15755.5498046875,15667.0498046875,15680.0,224900.0,73.5,76.22000122070312,73.38999938964844,75.2300033569336,615678.0
2021-07-02,1778.699951171875,1787.9000244140625,1778.300048828125,1782.5999755859375,23.0,74.55359649658203,74.89900207519531,74.46499633789062,74.54499816894531,0.0,15705.849609375,15738.349609375,15635.9501953125,15722.2001953125,254800.0,75.0199966430664,75.62000274658203,74.41000366210938,75.16000366210938,377531.0
2021-07-06,1786.699951171875,1809.800048828125,1786.699951171875,1793.5,332.0,74.31780242919922,74.77130126953125,74.24250030517578,74.31780242919922,0.0,15813.75,15914.2001953125,15801.0,15818.25,391400.0,75.3499984741211,76.9800033569336,72.94000244140625,73.37000274658203,714044.0
2021-07-07,1798.699951171875,1808.4000244140625,1797.199951171875,1801.5,244.0,74.76119995117188,74.85330200195312,74.55449676513672,74.76290130615234,0.0,15819.599609375,15893.5498046875,15779.7001953125,15879.650390625,329300.0,73.8499984741211,74.86000061035156,71.06999969482422,72.19999694824219,607971.0
2021-07-08,1797.0,1818.5,1797.0,1799.5999755859375,148.0,74.8218994140625,74.86620330810547,74.63999938964844,74.8218994140625,0.0,15855.400390625,15885.75,15682.900390625,15727.900390625,307900.0,72.16999816894531,73.26000213623047,70.76000213623047,72.94000244140625,529690.0
2021-07-09,1803.5999755859375,1810.0999755859375,1798.800048828125,1810.0,218.0,74.72149658203125,74.91100311279297,74.47339630126953,74.72139739990234,0.0,15688.25,15730.849609375,15632.75,15689.7998046875,243200.0,73.26000213623047,74.76000213623047,72.72000122070312,74.55999755859375,422154.0
2021-07-12,1802.5999755859375,1805.5,1799.5,1805.5,147.0,74.4906005859375,74.65799713134766,74.27539825439453,74.4905014038086,0.0,15766.7998046875,15789.2001953125,15644.75,15692.599609375,216300.0,74.73999786376953,74.93000030517578,73.16000366210938,74.0999984741211,397931.0
2021-07-13,1808.0999755859375,1812.0,1800.5999755859375,1809.4000244140625,78.0,74.54170227050781,74.67579650878906,74.39949798583984,74.54170227050781,0.0,15794.0,15820.7998046875,15744.599609375,15812.349609375,246700.0,74.18000030517578,75.5199966430664,73.68000030517578,75.25,444078.0
2021-07-14,1813.0999755859375,1829.0,1813.0999755859375,1824.300048828125,707.0,74.65950012207031,74.86900329589844,74.45600128173828,74.65910339355469,0.0,15808.7001953125,15877.349609375,15764.2001953125,15853.9501953125,0.0,75.16999816894531,75.44000244140625,72.20999908447266,73.12999725341797,528360.0
2021-07-15,1831.5999755859375,1833.0,1823.4000244140625,1828.4000244140625,99.0,74.4540023803711,74.56279754638672,74.43800354003906,74.46910095214844,0.0,15872.150390625,15952.349609375,15855.0,15924.2001953125,284900.0,72.95999908447266,72.95999908447266,71.4000015258789,71.6500015258789,368679.0
2021-07-16,1830.0999755859375,1831.4000244140625,1814.5,1814.5,78.0,74.53790283203125,74.80000305175781,74.49649810791016,74.53700256347656,0.0,15958.349609375,15962.25,15882.599609375,15923.400390625,276300.0,71.4800033569336,72.30000305175781,70.41000366210938,71.80999755859375,133926.0
2021-07-19,1803.300048828125,1813.4000244140625,1803.300048828125,1808.699951171875,33.0,74.63189697265625,75.02040100097656,74.631103515625,74.63179779052734,0.0,15754.5,15836.900390625,15707.5,15752.400390625,242100.0,71.48999786376953,71.66999816894531,65.62999725341797,66.41999816894531,82565.0
2021-07-20,1812.9000244140625,1824.0,1810.9000244140625,1810.9000244140625,128.0,74.99330139160156,75.20500183105469,74.55999755859375,74.99340057373047,0.0,15703.9501953125,15728.4501953125,15578.5498046875,15632.099609375,274300.0,66.5999984741211,67.6500015258789,65.20999908447266,67.41999816894531,561629.0
2021-07-22,1793.5999755859375,1805.0,1793.5999755859375,1805.0,2.0,74.44020080566406,74.50900268554688,74.30799865722656,74.44020080566406,0.0,15736.599609375,15834.7998046875,15726.400390625,15824.0498046875,265300.0,70.22000122070312,72.02999877929688,69.86000061035156,71.91000366210938,435181.0
2021-07-23,1800.0,1801.4000244140625,1800.0,1801.4000244140625,1.0,74.45189666748047,74.57649993896484,74.36750030517578,74.4520034790039,0.0,15856.7998046875,15899.7998046875,15768.400390625,15856.0498046875,294100.0,71.70999908447266,72.20999908447266,71.38999938964844,72.06999969482422,274778.0
2021-07-26,1802.5,1802.5,1797.199951171875,1798.699951171875,17.0,74.4489974975586,74.7020034790039,74.318603515625,74.44889831542969,0.0,15849.2998046875,15893.349609375,15797.0,15824.4501953125,267100.0,72.18000030517578,72.43000030517578,70.55999755859375,71.91000366210938,395743.0
2021-07-27,1803.699951171875,1803.699951171875,1799.5,1799.5,1.0,74.27970123291016,74.5469970703125,74.2761001586914,74.28949737548828,0.0,15860.5,15881.5498046875,15701.0,15746.4501953125,311000.0,72.22000122070312,72.33000183105469,71.08000183105469,71.6500015258789,333123.0
2021-07-28,1799.5,1799.5,1799.5,1799.5,209783.0,74.5022964477539,74.73799896240234,74.32479858398438,74.5022964477539,0.0,15761.5498046875,15767.5,15513.4501953125,15709.400390625,318600.0,71.9000015258789,72.5999984741211,71.69999694824219,72.38999938964844,318911.0
2021-07-29,1806.5999755859375,1832.5999755859375,1806.0999755859375,1831.199951171875,30496.0,74.38999938964844,74.5199966430664,74.15440368652344,74.38999938964844,0.0,15762.7001953125,15817.349609375,15737.7998046875,15778.4501953125,401600.0,72.4000015258789,73.68000030517578,72.26000213623047,73.62000274658203,294462.0
2021-07-30,1828.0,1830.5,1808.9000244140625,1812.5999755859375,3100.0,74.24500274658203,74.4625015258789,74.20059967041016,74.25199890136719,0.0,15800.599609375,15862.7998046875,15744.849609375,15763.0498046875,400000.0,73.41000366210938,74.2300033569336,72.93000030517578,73.94999694824219,303700.0
2021-08-02,1812.4000244140625,1818.699951171875,1804.800048828125,1818.0999755859375,1334.0,74.37920379638672,74.5999984741211,74.31230163574219,74.37909698486328,0.0,15874.900390625,15892.900390625,15834.650390625,15885.150390625,244800.0,73.91000366210938,73.94999694824219,70.55000305175781,71.26000213623047,448200.0
2021-08-03,1812.300048828125,1813.5,1806.0,1810.0999755859375,3341.0,74.33190155029297,74.36799621582031,74.20800018310547,74.33200073242188,0.0,15951.5498046875,16146.900390625,15914.349609375,16130.75,341300.0,71.5199966430664,71.95999908447266,69.19000244140625,70.55999755859375,509938.0
2021-08-04,1809.300048828125,1831.300048828125,1806.300048828125,1810.5,2860.0,74.21389770507812,74.24349975585938,74.07779693603516,74.21440124511719,0.0,16195.25,16290.2001953125,16176.150390625,16258.7998046875,427300.0,70.31999969482422,70.80999755859375,67.8499984741211,68.1500015258789,582924.0
2021-08-05,1810.800048828125,1813.699951171875,1796.0,1805.0999755859375,588.0,74.1863021850586,74.2864990234375,74.05940246582031,74.18399810791016,0.0,16288.9501953125,16349.4501953125,16210.2998046875,16294.599609375,418200.0,68.05999755859375,69.3499984741211,67.61000061035156,69.08999633789062,416331.0
2021-08-06,1799.800048828125,1800.0999755859375,1758.4000244140625,1760.0,859.0,74.07460021972656,74.2396011352539,74.04509735107422,74.08200073242188,0.0,16304.400390625,16336.75,16223.2998046875,16238.2001953125,320100.0,69.13999938964844,70.18000030517578,67.80000305175781,68.27999877929688,537136.0
2021-08-09,1753.5,1753.800048828125,1692.5999755859375,1723.4000244140625,1621.0,74.49150085449219,74.5,74.16500091552734,74.49140167236328,0.0,16281.349609375,16320.75,16179.0498046875,16258.25,240500.0,67.87999725341797,67.9000015258789,65.1500015258789,66.4800033569336,598381.0
2021-08-10,1728.5999755859375,1735.199951171875,1720.0999755859375,1728.800048828125,1363.0,74.46620178222656,74.6500015258789,74.32330322265625,74.46620178222656,0.0,16274.7998046875,16359.25,16202.25,16280.099609375,288000.0,66.8499984741211,68.9000015258789,66.55999755859375,68.29000091552734,452126.0
2021-08-11,1727.300048828125,1752.199951171875,1727.300048828125,1750.4000244140625,542.0,74.43550109863281,74.48680114746094,74.15750122070312,74.43550109863281,0.0,16327.2998046875,16338.75,16162.5498046875,16282.25,277900.0,68.51000213623047,69.44999694824219,66.66999816894531,69.25,513292.0
2021-08-12,1749.699951171875,1752.4000244140625,1745.5,1749.0,739.0,74.1001968383789,74.40799713134766,74.0022964477539,74.10299682617188,0.0,16303.650390625,16375.5,16286.900390625,16364.400390625,280200.0,69.36000061035156,69.62000274658203,68.45999908447266,69.08999633789062,352465.0
2021-08-13,1758.300048828125,1777.300048828125,1757.4000244140625,1775.199951171875,436.0,74.26010131835938,74.31529998779297,74.1104965209961,74.26010131835938,0.0,16385.69921875,16543.599609375,16376.2998046875,16529.099609375,321900.0,68.91000366210938,69.22000122070312,67.7699966430664,68.44000244140625,272033.0
2021-08-16,1776.9000244140625,1787.800048828125,1771.9000244140625,1786.9000244140625,219.0,74.21690368652344,74.28579711914062,74.08080291748047,74.216796875,0.0,16518.400390625,16589.400390625,16480.75,16563.05078125,254000.0,68.12999725341797,68.13999938964844,65.7300033569336,67.29000091552734,334844.0
2021-08-17,1787.699951171875,1794.199951171875,1780.0,1785.0,200.0,74.13729858398438,74.40029907226562,74.13490295410156,74.13500213623047,0.0,16545.25,16628.55078125,16495.400390625,16614.599609375,297400.0,67.43000030517578,67.72000122070312,66.33000183105469,66.58999633789062,235303.0
2021-08-18,1787.800048828125,1791.5,1779.0,1781.5999755859375,263.0,74.364501953125,74.55979919433594,74.19529724121094,74.364501953125,0.0,16691.94921875,16701.849609375,16535.849609375,16568.849609375,251800.0,66.58000183105469,67.4800033569336,64.33999633789062,65.45999908447266,121197.0
2021-08-20,1784.0999755859375,1787.5,1778.199951171875,1781.0,235.0,74.4292984008789,74.47560119628906,74.32499694824219,74.4292984008789,0.0,16382.5,16509.55078125,16376.0498046875,16450.5,350800.0,64.05000305175781,64.0999984741211,62.11000061035156,62.31999969482422,365009.0
2021-08-23,1776.800048828125,1804.800048828125,1776.800048828125,1803.199951171875,32.0,74.35130310058594,74.35140228271484,74.04219818115234,74.30149841308594,0.0,16592.25,16592.5,16395.69921875,16496.44921875,275600.0,61.959999084472656,66.0,61.7400016784668,65.63999938964844,397290.0
2021-08-24,1801.0,1805.5999755859375,1801.0,1805.5999755859375,22.0,74.10590362548828,74.21949768066406,74.05500030517578,74.10590362548828,0.0,16561.400390625,16647.099609375,16495.30078125,16624.599609375,275400.0,65.54000091552734,67.80000305175781,65.41000366210938,67.54000091552734,335888.0
2021-08-25,1792.0,1792.9000244140625,1784.0,1788.199951171875,812.0,74.1448974609375,74.30180358886719,74.09429931640625,74.1447982788086,0.0,16654.0,16712.44921875,16617.5,16634.650390625,265900.0,67.62999725341797,68.54000091552734,66.91999816894531,68.36000061035156,353742.0
2021-08-26,1787.4000244140625,1792.199951171875,1781.0,1792.199951171875,61.0,74.10179901123047,74.26750183105469,74.06800079345703,74.0999984741211,0.0,16627.94921875,16683.69921875,16603.400390625,16636.900390625,253500.0,68.0,68.30999755859375,67.0199966430664,67.41999816894531,344286.0
2021-08-27,1803.4000244140625,1816.5999755859375,1803.0999755859375,1816.5999755859375,1219.0,74.15619659423828,74.33000183105469,73.43800354003906,74.15599822998047,0.0,16642.55078125,16722.05078125,16565.599609375,16705.19921875,217400.0,67.75,69.05000305175781,67.5199966430664,68.73999786376953,326056.0
2021-08-30,1818.199951171875,1820.300048828125,1807.800048828125,1809.0,684.0,73.49669647216797,73.69979858398438,73.19719696044922,73.49659729003906,0.0,16775.849609375,16951.5,16764.849609375,16931.05078125,283500.0,69.30000305175781,69.63999938964844,67.66999816894531,69.20999908447266,360797.0
2021-08-31,1815.9000244140625,1815.9000244140625,1801.0999755859375,1815.0,82.0,73.4209976196289,73.4209976196289,72.90480041503906,73.41120147705078,0.0,16947.5,17153.5,16915.849609375,17132.19921875,464400.0,69.18000030517578,69.33999633789062,68.16000366210938,68.5,325853.0
2021-09-01,1813.5,1815.9000244140625,1809.5,1813.0999755859375,114.0,72.99710083007812,73.14399719238281,72.91600036621094,72.99669647216797,0.0,17185.599609375,17225.75,17055.05078125,17076.25,301900.0,68.55000305175781,69.23999786376953,67.12000274658203,68.58999633789062,399497.0
2021-09-02,1813.199951171875,1813.9000244140625,1806.800048828125,1808.699951171875,26.0,72.98509979248047,73.1218032836914,72.93299865722656,72.98509979248047,0.0,17095.400390625,17245.5,17059.69921875,17234.150390625,242400.0,68.29000091552734,70.61000061035156,67.83999633789062,69.98999786376953,403314.0
2021-09-03,1820.9000244140625,1833.9000244140625,1818.9000244140625,1830.9000244140625,53.0,73.0542984008789,73.20500183105469,72.93779754638672,73.0542984008789,0.0,17262.44921875,17340.099609375,17212.19921875,17323.599609375,261400.0,69.76000213623047,70.52999877929688,69.05000305175781,69.29000091552734,313086.0
2021-09-07,1825.699951171875,1825.699951171875,1792.699951171875,1795.9000244140625,48.0,73.10990142822266,73.4894027709961,73.03500366210938,73.11000061035156,0.0,17401.55078125,17436.5,17287.0,17362.099609375,243400.0,69.11000061035156,69.4800033569336,67.63999938964844,68.3499984741211,481704.0
2021-09-08,1781.699951171875,1790.699951171875,1781.699951171875,1790.699951171875,69.0,73.39089965820312,73.86840057373047,73.2665023803711,73.3904037475586,0.0,17375.75,17383.400390625,17254.19921875,17353.5,252700.0,68.37000274658203,69.75,68.30999755859375,69.30000305175781,389325.0
2021-09-09,1798.699951171875,1798.699951171875,1787.9000244140625,1797.4000244140625,49.0,73.7957992553711,73.86199951171875,73.489501953125,73.78900146484375,0.0,17312.849609375,17379.650390625,17302.69921875,17369.25,241500.0,69.36000061035156,69.88999938964844,67.55999755859375,68.13999938964844,556451.0
2021-09-13,1789.800048828125,1796.0,1784.0,1792.0,533.0,73.52429962158203,73.77680206298828,73.51699829101562,73.52429962158203,0.0,17363.55078125,17378.349609375,17269.150390625,17355.30078125,241100.0,69.73999786376953,70.97000122070312,69.51000213623047,70.44999694824219,390939.0
2021-09-14,1791.4000244140625,1806.199951171875,1783.0,1804.699951171875,764.0,73.54080200195312,73.7218017578125,73.51499938964844,73.54080200195312,0.0,17420.349609375,17438.55078125,17367.05078125,17380.0,230400.0,70.63999938964844,71.22000122070312,69.9800033569336,70.45999908447266,414231.0
2021-09-15,1803.699951171875,1803.699951171875,1792.4000244140625,1792.4000244140625,59.0,73.65080261230469,73.87000274658203,73.41699981689453,73.65080261230469,0.0,17387.650390625,17532.69921875,17386.900390625,17519.44921875,388200.0,70.76000213623047,73.13999938964844,70.6500015258789,72.61000061035156,418665.0
2021-09-16,1792.9000244140625,1792.9000244140625,1743.9000244140625,1754.5999755859375,1645.0,73.4448013305664,73.62149810791016,73.33699798583984,73.43800354003906,0.0,17539.19921875,17644.599609375,17510.44921875,17629.5,503300.0,72.6500015258789,72.98999786376953,71.52999877929688,72.61000061035156,298412.0
2021-09-17,1758.800048828125,1763.0,1749.4000244140625,1749.4000244140625,581.0,73.53880310058594,73.75250244140625,73.41310119628906,73.56490325927734,0.0,17709.650390625,17792.94921875,17537.650390625,17585.150390625,508300.0,72.62000274658203,72.72000122070312,71.20999908447266,71.97000122070312,119933.0
2021-09-20,1751.800048828125,1761.800048828125,1750.9000244140625,1761.800048828125,185.0,73.69619750976562,73.89959716796875,73.60700225830078,73.69609832763672,0.0,17443.849609375,17622.75,17361.80078125,17396.900390625,339100.0,71.91999816894531,72.08000183105469,69.86000061035156,70.29000091552734,75837.0
2021-09-21,1762.199951171875,1776.0,1759.0,1776.0,106.0,73.6593017578125,73.79010009765625,73.54900360107422,73.65899658203125,0.0,17450.5,17578.349609375,17326.099609375,17562.0,363600.0,70.58999633789062,71.62999725341797,69.66999816894531,70.55999755859375,393403.0
2021-09-22,1776.699951171875,1784.300048828125,1767.0,1776.699951171875,17.0,73.79509735107422,73.94149780273438,73.6500015258789,73.7927017211914,0.0,17580.900390625,17610.44921875,17524.0,17546.650390625,295200.0,70.8499984741211,72.30000305175781,70.63999938964844,72.2300033569336,381061.0
2021-09-23,1766.800048828125,1766.800048828125,1738.199951171875,1747.699951171875,31.0,73.875,73.92579650878906,73.58899688720703,73.8749008178711,0.0,17670.849609375,17843.900390625,17646.55078125,17822.94921875,320500.0,71.97000122070312,73.5,71.61000061035156,73.30000305175781,403405.0
2021-09-24,1749.699951171875,1749.699951171875,1745.0,1749.699951171875,76.0,73.83989715576172,73.87519836425781,73.62100219726562,73.83999633789062,0.0,17897.44921875,17947.650390625,17819.400390625,17853.19921875,360100.0,73.23999786376953,74.2699966430664,72.80999755859375,73.9800033569336,350382.0
2021-09-27,1751.699951171875,1754.4000244140625,1747.5,1750.0,808.0,73.81289672851562,73.92400360107422,73.61180114746094,73.81289672851562,0.0,17932.19921875,17943.5,17802.900390625,17855.099609375,295700.0,74.19000244140625,75.75,74.16000366210938,75.44999694824219,417829.0
2021-09-28,1739.5999755859375,1741.699951171875,1726.800048828125,1735.800048828125,15748.0,73.82530212402344,74.28829956054688,73.72799682617188,73.82530212402344,0.0,17906.44921875,17912.849609375,17576.099609375,17748.599609375,398000.0,75.43000030517578,76.66999816894531,74.23999786376953,75.29000091552734,476143.0
2021-09-29,1732.4000244140625,1744.0999755859375,1721.4000244140625,1721.5,6634.0,74.16329956054688,74.56439971923828,74.00700378417969,74.16329956054688,0.0,17657.94921875,17781.75,17608.150390625,17711.30078125,562200.0,74.37999725341797,75.79000091552734,73.73999786376953,74.83000183105469,424193.0
2021-09-30,1725.5,1760.300048828125,1724.5,1755.300048828125,997.0,74.31729888916016,74.3552017211914,74.05879974365234,74.3219985961914,0.0,17718.900390625,17742.150390625,17585.349609375,17618.150390625,378600.0,74.77999877929688,76.06999969482422,73.13999938964844,75.02999877929688,583189.0
2021-10-01,1754.300048828125,1762.5999755859375,1748.5,1757.0,2220.0,74.25440216064453,74.47949981689453,74.07730102539062,74.25440216064453,0.0,17531.900390625,17557.150390625,17452.900390625,17532.05078125,305800.0,75.12000274658203,75.98999786376953,74.2300033569336,75.87999725341797,388996.0
2021-10-04,1764.5,1768.9000244140625,1749.5,1766.199951171875,417.0,74.1521987915039,74.5479965209961,74.12049865722656,74.152099609375,0.0,17615.55078125,17750.900390625,17581.349609375,17691.25,295800.0,75.9000015258789,78.37999725341797,75.31999969482422,77.62000274658203,458006.0
2021-10-05,1764.300048828125,1764.300048828125,1749.0,1759.5999755859375,98.0,74.572998046875,74.78900146484375,74.40499877929688,74.57279968261719,0.0,17661.349609375,17833.44921875,17640.900390625,17822.30078125,427000.0,77.58000183105469,79.4800033569336,77.47000122070312,78.93000030517578,449617.0
2021-10-06,1759.300048828125,1762.9000244140625,1744.699951171875,1760.5,56.0,74.56320190429688,75.05290222167969,74.51950073242188,74.56320190429688,0.0,17861.5,17884.599609375,17613.150390625,17646.0,395800.0,79.04000091552734,79.77999877929688,76.83000183105469,77.43000030517578,459055.0
2021-10-07,1762.4000244140625,1762.4000244140625,1752.800048828125,1757.9000244140625,336.0,74.76740264892578,75.01000213623047,74.68049621582031,74.76000213623047,0.0,17810.55078125,17857.55078125,17763.80078125,17790.349609375,419900.0,77.0,78.88999938964844,74.95999908447266,78.30000305175781,545008.0
2021-10-08,1757.0,1780.0,1754.199951171875,1756.300048828125,254.0,74.83159637451172,75.18099975585938,74.82749938964844,74.83000183105469,0.0,17886.849609375,17941.849609375,17840.349609375,17895.19921875,324100.0,78.86000061035156,80.11000061035156,78.62999725341797,79.3499984741211,662010.0
2021-10-11,1756.5999755859375,1757.800048828125,1752.199951171875,1754.5999755859375,128.0,75.30590057373047,75.53230285644531,74.7614974975586,75.30580139160156,0.0,17867.55078125,18041.94921875,17839.099609375,17945.94921875,375800.0,79.58999633789062,82.18000030517578,79.55000305175781,80.5199966430664,653756.0
2021-10-12,1751.9000244140625,1768.0,1749.800048828125,1758.300048828125,139.0,75.40260314941406,75.66459655761719,75.1500015258789,75.40260314941406,0.0,17915.80078125,18008.650390625,17864.94921875,17991.94921875,355600.0,80.5,81.62000274658203,79.47000122070312,80.63999938964844,598181.0
2021-10-13,1760.800048828125,1794.5,1760.800048828125,1793.699951171875,150.0,75.50199890136719,75.69999694824219,75.18379974365234,75.48390197753906,0.0,18097.849609375,18197.80078125,18050.75,18161.75,506700.0,80.58000183105469,81.04000091552734,79.41999816894531,80.44000244140625,487220.0
2021-10-14,1792.199951171875,1799.9000244140625,1792.0,1796.699951171875,337.0,75.3062973022461,75.35330200195312,74.99340057373047,75.3062973022461,0.0,18272.849609375,18350.75,18248.69921875,18338.55078125,538700.0,80.58999633789062,81.68000030517578,80.37999725341797,81.30999755859375,399813.0
2021-10-18,1761.5999755859375,1770.0999755859375,1759.5,1764.800048828125,266.0,75.00599670410156,75.52100372314453,74.94049835205078,75.00589752197266,0.0,18500.099609375,18543.150390625,18445.30078125,18477.05078125,469900.0,82.5999984741211,83.87000274658203,81.83999633789062,82.44000244140625,134098.0
2021-10-19,1777.5999755859375,1785.0,1767.5,1769.699951171875,51.0,75.23799896240234,75.26709747314453,74.88200378417969,75.2354965209961,0.0,18602.349609375,18604.44921875,18377.69921875,18418.75,368200.0,82.37000274658203,83.73999786376953,81.80000305175781,82.95999908447266,82607.0
2021-10-20,1774.5999755859375,1785.5999755859375,1774.0,1784.0999755859375,127.0,75.12020111083984,75.18299865722656,74.74980163574219,75.12010192871094,0.0,18439.900390625,18458.30078125,18209.349609375,18266.599609375,371300.0,83.33999633789062,84.25,81.30000305175781,83.87000274658203,530693.0
2021-10-21,1782.0,1785.699951171875,1781.0,1781.199951171875,146.0,74.8093032836914,74.9124984741211,74.63400268554688,74.80919647216797,0.0,18382.69921875,18384.19921875,18048.0,18178.099609375,365900.0,83.58000183105469,83.95999908447266,80.79000091552734,82.5,567503.0
2021-10-22,1787.0999755859375,1806.9000244140625,1784.0,1795.5,532.0,74.86650085449219,75.09980010986328,74.68460083007812,74.86540222167969,0.0,18230.69921875,18314.25,18034.349609375,18114.900390625,324700.0,82.61000061035156,84.22000122070312,81.76000213623047,83.76000213623047,465355.0
2021-10-25,1794.300048828125,1809.0,1794.0,1806.0,140.0,74.9937973022461,75.2748031616211,74.85800170898438,74.99369812011719,0.0,18229.5,18241.400390625,17968.5,18125.400390625,418700.0,83.9800033569336,85.41000366210938,83.38999938964844,83.76000213623047,568725.0
2021-10-26,1808.800048828125,1808.800048828125,1788.5999755859375,1792.699951171875,359.0,75.08989715576172,75.1697998046875,74.84760284423828,75.08989715576172,0.0,18154.5,18310.44921875,18099.30078125,18268.400390625,341400.0,83.72000122070312,84.87999725341797,82.97000122070312,84.6500015258789,467716.0
2021-10-27,1791.5,1798.0999755859375,1791.5,1797.9000244140625,543.0,74.88890075683594,75.09300231933594,74.88890075683594,74.88890075683594,0.0,18295.849609375,18342.05078125,18167.900390625,18210.94921875,335200.0,84.38999938964844,84.51000213623047,82.01000213623047,82.66000366210938,529952.0
2021-10-28,1795.5,1807.300048828125,1795.5,1801.5999755859375,452.0,75.0376968383789,75.32250213623047,74.75450134277344,75.05000305175781,0.0,18187.650390625,18190.69921875,17799.44921875,17857.25,374200.0,82.25,83.20999908447266,80.58000183105469,82.80999755859375,491585.0
2021-10-29,1793.0999755859375,1797.0,1774.5999755859375,1783.0,583.0,74.7969970703125,75.02529907226562,74.73799896240234,74.79720306396484,0.0,17833.05078125,17915.849609375,17613.099609375,17671.650390625,336500.0,83.08999633789062,83.73999786376953,81.41000366210938,83.56999969482422,507309.0
2021-11-01,1787.5,1795.0999755859375,1786.699951171875,1795.0999755859375,142.0,74.92839813232422,75.1863021850586,74.81050109863281,74.92829895019531,0.0,17783.150390625,17954.099609375,17697.099609375,17929.650390625,281200.0,83.36000061035156,84.87999725341797,82.73999786376953,84.05000305175781,412309.0
2021-11-02,1790.5,1795.5,1787.699951171875,1788.699951171875,213.0,74.82990264892578,74.9093017578125,74.61329650878906,74.82990264892578,0.0,17970.900390625,18012.25,17847.599609375,17888.94921875,296400.0,83.87000274658203,84.41000366210938,82.91999816894531,83.91000366210938,429608.0
2021-11-03,1768.0,1768.0,1761.800048828125,1763.5999755859375,108.0,74.7123031616211,74.7655029296875,74.40799713134766,74.71199798583984,0.0,17947.94921875,17988.75,17757.94921875,17829.19921875,331000.0,83.06999969482422,83.08000183105469,79.69000244140625,80.86000061035156,546577.0
2021-11-04,1776.5999755859375,1798.199951171875,1776.199951171875,1793.0,103.0,74.43550109863281,74.55400085449219,74.23500061035156,74.43550109863281,0.0,17935.05078125,17947.55078125,17900.599609375,17916.80078125,48500.0,80.18000030517578,83.41999816894531,78.25,78.80999755859375,701119.0
2021-11-08,1817.0,1827.4000244140625,1816.9000244140625,1827.4000244140625,261.0,74.19100189208984,74.27680206298828,73.90699768066406,74.19110107421875,0.0,18040.19921875,18087.80078125,17836.099609375,18068.55078125,338900.0,81.12999725341797,82.66999816894531,81.05000305175781,81.93000030517578,393953.0
2021-11-09,1826.0999755859375,1832.699951171875,1820.699951171875,1830.199951171875,170.0,73.91709899902344,74.15249633789062,73.8302993774414,73.91850280761719,0.0,18084.349609375,18112.599609375,17983.05078125,18044.25,270200.0,82.16000366210938,84.62999725341797,81.77999877929688,84.1500015258789,504832.0
2021-11-10,1825.800048828125,1865.0,1824.9000244140625,1847.5999755859375,795.0,74.17479705810547,74.40799713134766,74.05149841308594,74.17479705810547,0.0,17973.44921875,18061.25,17915.0,18017.19921875,261400.0,84.52999877929688,84.97000122070312,80.80999755859375,81.33999633789062,555215.0
2021-11-11,1853.9000244140625,1866.5,1853.9000244140625,1863.199951171875,292.0,74.40499877929688,74.57849884033203,74.27279663085938,74.40489959716797,0.0,17967.44921875,17971.349609375,17798.19921875,17873.599609375,232100.0,81.41000366210938,82.33000183105469,80.19999694824219,81.58999633789062,475436.0
2021-11-12,1860.800048828125,1867.9000244140625,1847.5999755859375,1867.9000244140625,210.0,74.32669830322266,74.52870178222656,74.29350280761719,74.32209777832031,0.0,17977.599609375,18123.0,17905.900390625,18102.75,249100.0,81.20999908447266,81.62000274658203,79.77999877929688,80.79000091552734,390304.0
2021-11-15,1864.5,1866.9000244140625,1864.5,1866.0999755859375,87.0,74.34700012207031,74.58830261230469,74.3125,74.33999633789062,0.0,18140.94921875,18210.150390625,18071.30078125,18109.44921875,280400.0,80.66000366210938,81.19999694824219,79.30000305175781,80.87999725341797,343484.0
2021-11-16,1853.5999755859375,1853.5999755859375,1853.5999755859375,1853.5999755859375,1.0,74.43389892578125,74.61900329589844,74.27770233154297,74.43509674072266,0.0,18127.05078125,18132.650390625,17958.80078125,17999.19921875,267400.0,80.93000030517578,81.80999755859375,80.02999877929688,80.76000213623047,325668.0
2021-11-17,1862.5999755859375,1869.699951171875,1862.5999755859375,1869.699951171875,2.0,74.45950317382812,74.55229949951172,74.2218017578125,74.45860290527344,0.0,17939.349609375,18022.650390625,17879.25,17898.650390625,295700.0,80.54000091552734,80.69000244140625,77.69000244140625,78.36000061035156,174471.0
2021-11-18,1861.0,1861.0,1861.0,1861.0,9.0,74.25959777832031,74.33519744873047,74.01799774169922,74.25980377197266,0.0,17890.55078125,17945.599609375,17688.5,17764.80078125,278400.0,78.33999633789062,79.36000061035156,77.08000183105469,79.01000213623047,83984.0
2021-11-22,1841.5999755859375,1841.5999755859375,1805.699951171875,1806.0,14.0,74.31069946289062,74.7343978881836,74.2655029296875,74.30259704589844,0.0,17796.25,17805.25,17280.44921875,17416.55078125,356400.0,75.75,77.16000366210938,74.76000213623047,76.75,465768.0
2021-11-23,1795.5,1795.5,1783.5,1783.5,264.0,74.42980194091797,74.58149719238281,74.35900115966797,74.42980194091797,0.0,17281.75,17553.69921875,17216.099609375,17503.349609375,308800.0,76.45999908447266,78.86000061035156,75.30000305175781,78.5,506987.0
2021-11-24,1793.0,1793.0,1781.4000244140625,1784.0999755859375,188.0,74.4469985961914,74.73249816894531,74.19149780273438,74.4469985961914,0.0,17550.05078125,17600.599609375,17354.0,17415.05078125,298100.0,78.4800033569336,79.2300033569336,77.9800033569336,78.38999938964844,328848.0
2021-11-26,1791.0999755859375,1791.4000244140625,1785.300048828125,1785.300048828125,186800.0,74.50679779052734,75.11589813232422,74.47149658203125,74.50579833984375,0.0,17338.75,17355.400390625,16985.69921875,17026.44921875,356300.0,78.33999633789062,78.6500015258789,67.4000015258789,68.1500015258789,844630.0
2021-11-29,1791.699951171875,1798.9000244140625,1779.0999755859375,1782.300048828125,26926.0,75.05280303955078,75.15650177001953,74.5354995727539,74.98159790039062,0.0,17055.80078125,17160.69921875,16782.400390625,17053.94921875,348900.0,69.2300033569336,72.93000030517578,68.86000061035156,69.94999694824219,675090.0
2021-11-30,1783.9000244140625,1808.0999755859375,1768.699951171875,1773.5999755859375,4903.0,75.05500030517578,75.20649719238281,74.84300231933594,75.05490112304688,0.0,17051.150390625,17324.650390625,16931.400390625,16983.19921875,498000.0,70.04000091552734,71.22000122070312,64.43000030517578,66.18000030517578,722475.0
2021-12-01,1774.800048828125,1790.5,1772.300048828125,1781.5999755859375,1128.0,75.05619812011719,75.07929992675781,74.71900177001953,75.0509033203125,0.0,17104.400390625,17213.05078125,17064.25,17166.900390625,295500.0,67.01000213623047,69.48999786376953,64.83999633789062,65.56999969482422,602447.0
2021-12-02,1780.9000244140625,1780.9000244140625,1760.5999755859375,1760.699951171875,1557.0,75.01789855957031,75.25980377197266,74.8677978515625,75.01789855957031,0.0,17183.19921875,17420.349609375,17149.30078125,17401.650390625,279900.0,65.62999725341797,67.48999786376953,62.43000030517578,66.5,668293.0
2021-12-03,1767.5,1785.0999755859375,1766.5,1782.0,694.0,74.98090362548828,75.32839965820312,74.92900085449219,74.9834976196289,0.0,17424.900390625,17489.80078125,17180.80078125,17196.69921875,292500.0,67.5,69.22000122070312,65.5999984741211,66.26000213623047,449974.0
2021-12-06,1780.199951171875,1783.0,1777.199951171875,1777.5,381.0,75.47229766845703,75.47250366210938,75.0770034790039,75.23400115966797,0.0,17209.05078125,17216.75,16891.69921875,16912.25,231700.0,67.0199966430664,70.1500015258789,66.72000122070312,69.48999786376953,401060.0
2021-12-07,1779.5,1786.0999755859375,1772.300048828125,1782.5999755859375,308.0,75.39129638671875,75.48639678955078,75.25800323486328,75.39129638671875,0.0,17044.099609375,17251.650390625,16987.75,17176.69921875,254100.0,69.72000122070312,73.02999877929688,69.5199966430664,72.05000305175781,496528.0
2021-12-08,1789.9000244140625,1789.9000244140625,1779.0,1783.4000244140625,1383.0,75.408203125,75.56050109863281,75.32550048828125,75.40859985351562,0.0,17315.25,17484.599609375,17308.94921875,17469.75,257800.0,71.86000061035156,73.0,70.91000366210938,72.36000061035156,464846.0
2021-12-09,1783.5,1783.5,1771.800048828125,1774.5999755859375,455.0,75.3832015991211,75.90299987792969,75.34649658203125,75.38330078125,0.0,17524.400390625,17543.25,17379.599609375,17516.849609375,237200.0,72.5199966430664,73.33999633789062,70.38999938964844,70.94000244140625,393205.0
2021-12-10,1773.800048828125,1785.4000244140625,1769.0999755859375,1782.9000244140625,545.0,75.59929656982422,75.9738998413086,75.49150085449219,75.59919738769531,0.0,17476.05078125,17534.349609375,17405.25,17511.30078125,204500.0,70.68000030517578,72.33000183105469,70.31999969482422,71.66999816894531,397883.0
2021-12-13,1784.4000244140625,1787.0999755859375,1783.800048828125,1786.300048828125,206.0,75.94229888916016,75.97109985351562,75.3604965209961,75.70999908447266,0.0,17619.099609375,17639.5,17355.94921875,17368.25,256600.0,72.04000091552734,73.0,70.70999908447266,71.29000091552734,406604.0
2021-12-14,1787.0,1787.0,1769.0,1770.4000244140625,322.0,75.82849884033203,76.25900268554688,75.76799774169922,75.82689666748047,0.0,17283.19921875,17376.19921875,17225.80078125,17324.900390625,271000.0,71.12000274658203,72.02999877929688,69.51000213623047,70.7300033569336,359454.0
2021-12-15,1767.4000244140625,1778.699951171875,1753.9000244140625,1762.5999755859375,283.0,76.04570007324219,76.4822998046875,76.01349639892578,76.04720306396484,0.0,17323.650390625,17351.19921875,17192.19921875,17221.400390625,215000.0,70.3499984741211,71.66000366210938,69.38999938964844,70.87000274658203,294337.0
2021-12-16,1781.0,1798.0999755859375,1781.0,1796.5999755859375,21.0,76.2114028930664,76.31300354003906,76.05599975585938,76.2114028930664,0.0,17373.0,17379.349609375,17184.94921875,17248.400390625,219500.0,71.4800033569336,72.98999786376953,71.02999877929688,72.37999725341797,142541.0
2021-12-17,1804.0,1812.9000244140625,1803.800048828125,1803.800048828125,654.0,76.1675033569336,76.36250305175781,75.87899780273438,76.1675033569336,0.0,17276.0,17298.150390625,16966.44921875,16985.19921875,354600.0,71.91999816894531,72.26000213623047,69.88999938964844,70.86000061035156,78125.0
2021-12-20,1796.800048828125,1799.800048828125,1792.0,1793.699951171875,226.0,76.05229949951172,76.17289733886719,75.78099822998047,76.00599670410156,0.0,16824.25,16840.099609375,16410.19921875,16614.19921875,330600.0,70.06999969482422,70.06999969482422,66.04000091552734,68.2300033569336,492217.0
2021-12-21,1791.4000244140625,1796.5,1787.9000244140625,1787.9000244140625,575.0,75.75869750976562,75.78299713134766,75.4020004272461,75.75869750976562,0.0,16773.150390625,16936.400390625,16688.25,16770.849609375,241000.0,69.20999908447266,71.55000305175781,68.55999755859375,71.12000274658203,358779.0
2021-12-22,1786.0,1805.199951171875,1785.5,1801.5999755859375,567.0,75.6864013671875,75.92980194091797,75.42310333251953,75.6864013671875,0.0,16865.55078125,16971.0,16819.5,16955.44921875,207900.0,71.2699966430664,73.16000366210938,70.80000305175781,72.76000213623047,306709.0
2021-12-23,1806.0,1811.199951171875,1800.800048828125,1811.199951171875,193.0,75.45850372314453,75.4854965209961,75.00650024414062,75.45850372314453,0.0,17066.80078125,17118.650390625,17015.55078125,17072.599609375,197000.0,73.02999877929688,73.94999694824219,72.2699966430664,73.79000091552734,270223.0
2021-12-27,1810.0,1812.0999755859375,1807.0,1808.0999755859375,150.0,75.11519622802734,75.14299774169922,74.90859985351562,75.31500244140625,0.0,16937.75,17112.05078125,16833.19921875,17086.25,144800.0,73.37999725341797,76.08999633789062,72.56999969482422,75.56999969482422,268490.0
2021-12-28,1812.0,1818.0,1805.5,1810.199951171875,146.0,74.98030090332031,75.22480010986328,74.57949829101562,74.98030090332031,0.0,17177.599609375,17250.25,17161.150390625,17233.25,176000.0,75.97000122070312,76.91999816894531,75.52999877929688,75.9800033569336,249728.0
2021-12-29,1803.199951171875,1805.0999755859375,1791.4000244140625,1805.0999755859375,623.0,74.73860168457031,74.8364028930664,74.50299835205078,74.74500274658203,0.0,17220.099609375,17285.94921875,17176.650390625,17213.599609375,161700.0,76.04000091552734,77.37000274658203,75.36000061035156,76.55999755859375,283557.0
2021-12-30,1801.699951171875,1816.0,1796.0,1812.699951171875,306.0,74.57029724121094,74.64620208740234,74.29399871826172,74.57029724121094,0.0,17201.44921875,17264.05078125,17146.349609375,17203.94921875,320800.0,76.58000183105469,77.44000244140625,75.77999877929688,76.98999786376953,231163.0
2021-12-31,1825.0999755859375,1827.800048828125,1821.4000244140625,1827.5,80.0,74.43229675292969,74.64250183105469,74.08999633789062,74.43119812011719,0.0,17244.5,17400.80078125,17238.5,17354.05078125,167000.0,76.66000366210938,77.08000183105469,74.94999694824219,75.20999908447266,237118.0
2022-01-03,1830.0999755859375,1830.0999755859375,1798.800048828125,1799.4000244140625,116.0,74.51589965820312,74.52030181884766,74.1520004272461,74.51380157470703,0.0,17387.150390625,17646.650390625,17383.30078125,17625.69921875,200500.0,75.69000244140625,76.45999908447266,74.2699966430664,76.08000183105469,317628.0
2022-01-04,1800.5,1815.300048828125,1800.0,1814.0,38.0,74.4032974243164,74.77030181884766,74.4032974243164,74.4032974243164,0.0,17681.400390625,17827.599609375,17593.55078125,17805.25,247400.0,76.0199966430664,77.63999938964844,75.69999694824219,76.98999786376953,372848.0
2022-01-05,1813.0999755859375,1824.5999755859375,1813.0999755859375,1824.5999755859375,8.0,74.53500366210938,74.61499786376953,74.20539855957031,74.53489685058594,0.0,17820.099609375,17944.69921875,17748.849609375,17925.25,251500.0,77.18000030517578,78.58000183105469,76.51000213623047,77.8499984741211,397898.0
2022-01-06,1787.0999755859375,1791.300048828125,1787.0999755859375,1788.699951171875,30.0,74.4302978515625,74.70349884033203,74.31999969482422,74.43009948730469,0.0,17768.5,17797.94921875,17655.55078125,17745.900390625,236500.0,77.23999786376953,80.23999786376953,76.7300033569336,79.45999908447266,476665.0
2022-01-07,1791.800048828125,1797.0,1784.4000244140625,1797.0,17.0,74.41819763183594,74.63729858398438,74.22350311279297,74.41929626464844,0.0,17797.599609375,17905.0,17704.55078125,17812.69921875,239300.0,79.62000274658203,80.47000122070312,78.5199966430664,78.9000015258789,414434.0
2022-01-10,1794.9000244140625,1798.699951171875,1790.4000244140625,1798.4000244140625,534.0,74.23059844970703,74.46479797363281,73.98999786376953,74.2699966430664,0.0,17913.30078125,18017.44921875,17879.150390625,18003.30078125,232400.0,78.87999725341797,79.44999694824219,77.83000183105469,78.2300033569336,389956.0
2022-01-11,1803.9000244140625,1822.5,1803.0,1818.5999755859375,743.0,74.05699920654297,74.26730346679688,73.74479675292969,74.05699920654297,0.0,17997.75,18081.25,17964.400390625,18055.75,220200.0,78.41999816894531,81.58999633789062,78.36000061035156,81.22000122070312,481815.0
2022-01-12,1819.0,1827.199951171875,1816.9000244140625,1827.199951171875,1547.0,73.81539916992188,74.0343017578125,73.69750213623047,73.81529998779297,0.0,18170.400390625,18227.94921875,18128.80078125,18212.349609375,245000.0,81.37999725341797,83.0999984741211,81.16999816894531,82.63999938964844,420619.0
2022-01-13,1819.800048828125,1823.0,1815.4000244140625,1821.199951171875,40.0,73.78279876708984,74.06379699707031,73.78279876708984,73.79910278320312,0.0,18257.0,18272.25,18163.80078125,18257.80078125,303700.0,82.81999969482422,82.94000244140625,81.38999938964844,82.12000274658203,364769.0
2022-01-14,1821.5,1822.0,1816.5,1816.5,816.0,73.97209930419922,74.20320129394531,73.87550354003906,73.97229766845703,0.0,18185.0,18286.94921875,18119.650390625,18255.75,229500.0,81.7300033569336,84.44999694824219,81.58000183105469,83.81999969482422,364442.0
2022-01-18,1816.800048828125,1820.0999755859375,1812.300048828125,1812.300048828125,900.0,74.25540161132812,74.61409759521484,74.14550018310547,74.25509643554688,0.0,18337.19921875,18350.94921875,18085.900390625,18113.05078125,227500.0,84.31999969482422,86.62999725341797,83.5,85.43000030517578,163643.0
2022-01-19,1817.4000244140625,1843.0999755859375,1817.4000244140625,1843.0999755859375,4.0,74.61949920654297,74.83480072021484,74.3489990234375,74.61969757080078,0.0,18129.19921875,18129.19921875,17884.900390625,17938.400390625,276700.0,86.61000061035156,87.91000366210938,85.7699966430664,86.95999908447266,113153.0
2022-01-20,1840.5999755859375,1843.0,1838.199951171875,1842.5,20.0,74.44930267333984,74.65249633789062,74.29650115966797,74.44920349121094,0.0,17921.0,17943.69921875,17648.44921875,17757.0,258100.0,86.2300033569336,87.81999969482422,86.0,86.9000015258789,532202.0
2022-01-21,1838.0,1842.4000244140625,1828.9000244140625,1831.800048828125,19.0,74.4384994506836,74.62999725341797,74.29440307617188,74.45220184326172,0.0,17613.69921875,17707.599609375,17485.849609375,17617.150390625,277600.0,84.56999969482422,85.55999755859375,82.77999877929688,85.13999938964844,509103.0
2022-01-24,1837.9000244140625,1842.0999755859375,1837.9000244140625,1841.699951171875,8.0,74.42030334472656,74.7426986694336,74.31610107421875,74.41320037841797,0.0,17575.150390625,17599.400390625,16997.849609375,17149.099609375,323800.0,84.91000366210938,86.08999633789062,81.9000015258789,83.30999755859375,511695.0
2022-01-25,1843.0,1852.699951171875,1842.0,1852.699951171875,11.0,74.6448974609375,74.83480072021484,74.53849792480469,74.6447982788086,0.0,17001.55078125,17309.150390625,16836.80078125,17277.94921875,326500.0,84.1500015258789,85.70999908447266,82.98999786376953,85.5999984741211,507219.0
2022-01-27,1793.300048828125,1793.300048828125,1793.300048828125,1793.300048828125,196036.0,74.90229797363281,75.31909942626953,74.90229797363281,74.8949966430664,0.0,17062.0,17182.5,16866.75,17110.150390625,395600.0,87.1500015258789,88.54000091552734,86.19999694824219,86.61000061035156,427804.0
2022-01-28,1797.5,1798.4000244140625,1778.800048828125,1784.9000244140625,28521.0,75.20929718017578,75.36699676513672,74.87909698486328,75.20929718017578,0.0,17208.30078125,17373.5,17077.099609375,17101.94921875,355300.0,87.5,88.83999633789062,86.44000244140625,86.81999969482422,436172.0
2022-01-31,1788.5,1798.5,1785.0999755859375,1795.0,1735.0,75.04609680175781,75.18879699707031,74.59020233154297,75.03900146484375,0.0,17301.05078125,17410.0,17264.150390625,17339.849609375,321700.0,87.44999694824219,88.38999938964844,86.33999633789062,88.1500015258789,359080.0
2022-02-01,1797.199951171875,1806.0999755859375,1797.0999755859375,1800.300048828125,223.0,74.55570220947266,74.86250305175781,74.43280029296875,74.55580139160156,0.0,17529.44921875,17622.400390625,17244.55078125,17576.849609375,386400.0,88.1500015258789,88.87000274658203,86.55000305175781,88.19999694824219,376841.0
2022-02-02,1797.800048828125,1810.0999755859375,1795.0999755859375,1809.199951171875,1690.0,74.74490356445312,75.00409698486328,74.64779663085938,74.74549865722656,0.0,17706.19921875,17794.599609375,17674.80078125,17780.0,271200.0,88.3499984741211,89.72000122070312,87.0999984741211,88.26000213623047,456863.0
2022-02-03,1805.800048828125,1808.0999755859375,1787.9000244140625,1803.0,466.0,74.8147964477539,74.93450164794922,74.63420104980469,74.82240295410156,0.0,17767.75,17781.150390625,17511.150390625,17560.19921875,226600.0,87.9800033569336,90.44999694824219,86.75,90.2699966430664,465771.0
2022-02-04,1806.0,1813.699951171875,1792.5,1806.5999755859375,571.0,74.6438980102539,74.9280014038086,74.58509826660156,74.6438980102539,0.0,17590.19921875,17617.80078125,17462.55078125,17516.30078125,261400.0,90.19000244140625,93.16999816894531,90.06999969482422,92.30999755859375,410926.0
2022-02-07,1812.199951171875,1821.300048828125,1809.0999755859375,1820.5999755859375,601.0,74.64620208740234,74.78489685058594,74.53900146484375,74.64219665527344,0.0,17456.30078125,17536.75,17119.400390625,17213.599609375,265000.0,91.81999969482422,92.7300033569336,90.7300033569336,91.31999969482422,497754.0
2022-02-08,1818.9000244140625,1827.5999755859375,1815.0,1826.5999755859375,108.0,74.65660095214844,74.79450225830078,74.5779037475586,74.6583023071289,0.0,17279.849609375,17306.44921875,17043.650390625,17266.75,268500.0,91.63999938964844,91.68000030517578,88.51000213623047,89.36000061035156,467386.0
2022-02-09,1825.4000244140625,1835.199951171875,1825.300048828125,1835.199951171875,683.0,74.69550323486328,74.94490051269531,74.61849975585938,74.69519805908203,0.0,17370.099609375,17477.150390625,17339.0,17463.80078125,236400.0,89.86000061035156,90.58000183105469,88.41000366210938,89.66000366210938,445618.0
2022-02-10,1833.300048828125,1842.0999755859375,1820.800048828125,1836.199951171875,365.0,74.80899810791016,75.28600311279297,74.76200103759766,74.80889892578125,0.0,17554.099609375,17639.44921875,17427.150390625,17605.849609375,273600.0,90.01000213623047,91.73999786376953,89.02999877929688,89.87999725341797,492091.0
2022-02-11,1822.0,1864.800048828125,1822.0,1840.800048828125,181.0,75.53839874267578,75.53929901123047,75.09400177001953,75.53839874267578,0.0,17451.0,17454.75,17303.0,17374.75,253100.0,90.0,94.66000366210938,89.19000244140625,93.0999984741211,554423.0
2022-02-14,1861.800048828125,1870.5999755859375,1854.5999755859375,1868.0,79.0,75.64289855957031,75.70379638671875,75.38030242919922,75.34100341796875,0.0,17076.150390625,17099.5,16809.650390625,16842.80078125,305500.0,93.91000366210938,95.81999969482422,92.08999633789062,95.45999908447266,467071.0
2022-02-15,1872.5999755859375,1879.699951171875,1847.4000244140625,1854.800048828125,86.0,75.6854019165039,75.72720336914062,75.21499633789062,75.6854019165039,0.0,16933.25,17375.0,16839.25,17352.44921875,298700.0,94.83000183105469,95.16999816894531,90.66000366210938,92.06999969482422,442641.0
2022-02-16,1858.699951171875,1870.199951171875,1856.300048828125,1870.199951171875,34.0,75.17479705810547,75.29129791259766,74.96499633789062,75.17479705810547,0.0,17408.44921875,17490.599609375,17257.69921875,17322.19921875,244500.0,92.20999908447266,95.01000213623047,90.0,93.66000366210938,401453.0
2022-02-17,1876.300048828125,1900.699951171875,1876.199951171875,1900.699951171875,393.0,75.04949951171875,75.3030014038086,74.94629669189453,75.04199981689453,0.0,17396.55078125,17442.900390625,17235.849609375,17304.599609375,232100.0,90.9000015258789,93.36000061035156,90.62000274658203,91.76000213623047,212552.0
2022-02-18,1899.4000244140625,1899.4000244140625,1890.699951171875,1898.5999755859375,51.0,75.0698013305664,75.26950073242188,74.48100280761719,75.06300354003906,0.0,17236.05078125,17380.80078125,17219.19921875,17276.30078125,189600.0,91.62999725341797,92.66000366210938,89.02999877929688,91.06999969482422,150382.0
2022-02-22,1908.0999755859375,1912.0,1890.800048828125,1906.0999755859375,173.0,74.5238037109375,74.99240112304688,74.5238037109375,74.51699829101562,0.0,16847.94921875,17148.55078125,16843.80078125,17092.19921875,300100.0,91.75,96.0,90.3499984741211,92.3499984741211,789041.0
2022-02-23,1896.5999755859375,1910.5999755859375,1895.699951171875,1909.199951171875,73.0,74.62300109863281,74.85900115966797,74.5,74.62300109863281,0.0,17194.5,17220.69921875,17027.849609375,17063.25,200200.0,91.73999786376953,93.9000015258789,90.63999938964844,92.0999984741211,440574.0
2022-02-24,1911.9000244140625,1972.5,1911.699951171875,1925.0999755859375,2706.0,74.63980102539062,75.9010009765625,74.62950134277344,74.63300323486328,0.0,16548.900390625,16705.25,16203.25,16247.9501953125,458000.0,92.5199966430664,100.54000091552734,91.44999694824219,92.80999755859375,872244.0
2022-02-25,1906.9000244140625,1920.0,1883.5999755859375,1886.5,586.0,75.4083023071289,75.65950012207031,75.06449890136719,75.4083023071289,0.0,16515.650390625,16748.80078125,16478.30078125,16658.400390625,329800.0,93.31999969482422,95.63999938964844,90.05999755859375,91.58999633789062,523793.0
2022-02-28,1928.300048828125,1928.4000244140625,1894.199951171875,1899.4000244140625,390.0,75.0551986694336,75.78600311279297,74.9000015258789,75.06800079345703,0.0,16481.599609375,16815.900390625,16356.2998046875,16793.900390625,404200.0,94.98999786376953,99.0999984741211,94.43000030517578,95.72000122070312,490796.0
2022-03-02,1945.5999755859375,1948.199951171875,1919.800048828125,1920.9000244140625,109.0,75.80110168457031,76.09649658203125,75.42829895019531,75.80120086669922,0.0,16593.099609375,16678.5,16478.650390625,16605.94921875,517700.0,107.12000274658203,112.51000213623047,105.18000030517578,110.5999984741211,651853.0
2022-03-03,1930.5,1940.300048828125,1924.800048828125,1934.4000244140625,122.0,75.63829803466797,76.01899719238281,75.5719985961914,75.63099670410156,0.0,16723.19921875,16768.94921875,16442.94921875,16498.05078125,442100.0,111.33000183105469,116.56999969482422,106.43000030517578,107.66999816894531,592031.0
2022-03-04,1937.0,1970.9000244140625,1935.5999755859375,1965.0999755859375,47.0,75.88680267333984,76.52410125732422,75.88500213623047,75.8917007446289,0.0,16339.4501953125,16456.0,16133.7998046875,16245.349609375,456100.0,107.95999908447266,116.0199966430664,107.25,115.68000030517578,493875.0
2022-03-07,1989.0,2001.0999755859375,1963.0,1993.9000244140625,2516.0,76.42070007324219,77.15679931640625,76.42070007324219,76.41799926757812,0.0,15867.9501953125,15944.599609375,15711.4501953125,15863.150390625,585400.0,121.33000183105469,130.5,115.54000091552734,119.4000015258789,576022.0
2022-03-08,1999.4000244140625,2072.0,1998.0,2040.0999755859375,1813.0,77.08080291748047,77.37349700927734,76.7300033569336,77.08080291748047,0.0,15747.75,16028.75,15671.4501953125,16013.4501953125,543600.0,120.66999816894531,129.44000244140625,117.06999969482422,123.69999694824219,583106.0
2022-03-09,2053.60009765625,2063.0,1980.800048828125,1985.9000244140625,1022.0,76.91449737548828,77.2864990234375,76.31580352783203,76.91449737548828,0.0,16078.0,16418.05078125,15990.0,16345.349609375,462200.0,124.66000366210938,126.83999633789062,103.62999725341797,108.69999694824219,594773.0
2022-03-10,1978.0999755859375,2010.5,1978.0999755859375,1998.0999755859375,670.0,76.13490295410156,76.48100280761719,75.89869689941406,76.13490295410156,0.0,16757.099609375,16757.30078125,16447.900390625,16594.900390625,486400.0,110.41000366210938,114.87999725341797,105.52999877929688,106.0199966430664,437924.0
2022-03-11,1985.0,1996.0,1959.9000244140625,1982.699951171875,865.0,76.310302734375,76.70649719238281,76.25450134277344,76.310302734375,0.0,16528.80078125,16694.400390625,16470.900390625,16630.44921875,343700.0,105.98999786376953,110.29000091552734,104.4800033569336,109.33000183105469,368194.0
2022-03-14,1976.5,1977.699951171875,1959.5999755859375,1959.5999755859375,145.0,76.75900268554688,76.75910186767578,76.34249877929688,76.75370025634766,0.0,16633.69921875,16887.94921875,16606.5,16871.30078125,314700.0,109.41999816894531,109.72000122070312,99.76000213623047,103.01000213623047,344184.0
2022-03-15,1939.800048828125,1939.9000244140625,1910.699951171875,1928.5,71.0,76.49009704589844,76.98149871826172,76.30449676513672,76.49009704589844,0.0,16900.650390625,16927.75,16555.0,16663.0,381600.0,102.27999877929688,102.58000183105469,93.52999877929688,96.44000244140625,401690.0
2022-03-16,1922.4000244140625,1922.4000244140625,1907.199951171875,1908.0,104.0,76.29319763183594,76.63800048828125,76.04199981689453,76.26589965820312,0.0,16876.650390625,16987.900390625,16837.849609375,16975.349609375,260000.0,95.2300033569336,99.22000122070312,94.06999969482422,95.04000091552734,293947.0
2022-03-17,1933.9000244140625,1947.199951171875,1933.9000244140625,1942.0999755859375,39.0,76.02420043945312,76.2385025024414,75.75900268554688,76.02420043945312,0.0,17202.900390625,17344.599609375,17175.75,17287.05078125,448300.0,95.33999633789062,104.23999786376953,94.8499984741211,102.9800033569336,210763.0
2022-03-21,1925.4000244140625,1928.5999755859375,1925.0,1928.5999755859375,5.0,75.94640350341797,76.27729797363281,75.89199829101562,75.94640350341797,0.0,17329.5,17353.349609375,17096.400390625,17117.599609375,285500.0,105.12999725341797,112.69000244140625,104.08000183105469,112.12000274658203,77217.0
2022-03-22,1920.699951171875,1920.699951171875,1920.699951171875,1920.699951171875,26.0,76.29000091552734,76.68900299072266,75.9844970703125,76.30709838867188,0.0,17120.400390625,17334.400390625,17006.30078125,17315.5,338300.0,112.9000015258789,115.01000213623047,109.30000305175781,111.76000213623047,318629.0
2022-03-23,1936.5999755859375,1936.5999755859375,1936.5999755859375,1936.5999755859375,204.0,76.10189819335938,76.5083999633789,75.97699737548828,76.10189819335938,0.0,17405.05078125,17442.400390625,17199.599609375,17245.650390625,292100.0,108.8499984741211,115.4000015258789,108.37999725341797,114.93000030517578,289182.0
2022-03-24,1963.5999755859375,1964.0,1961.5999755859375,1961.5999755859375,8.0,76.55249786376953,76.84149932861328,76.17839813232422,76.55239868164062,0.0,17094.94921875,17291.75,17091.150390625,17222.75,290300.0,114.47000122070312,116.63999938964844,110.61000061035156,112.33999633789062,307238.0
2022-03-25,1953.800048828125,1953.800048828125,1953.800048828125,1953.800048828125,83.0,76.32350158691406,76.60649871826172,76.11799621582031,76.32350158691406,0.0,17289.0,17294.900390625,17076.55078125,17153.0,237100.0,111.75,114.12000274658203,108.68000030517578,113.9000015258789,320304.0
2022-03-28,1932.5999755859375,1939.5999755859375,1932.5999755859375,1939.5999755859375,7.0,76.27850341796875,76.62650299072266,76.043701171875,76.27850341796875,0.0,17181.849609375,17235.099609375,17003.900390625,17222.0,253200.0,112.91999816894531,112.93000030517578,102.83000183105469,105.95999908447266,372251.0
2022-03-29,1893.5,1912.0,1893.5,1912.0,128051.0,76.03410339355469,76.29949951171875,75.564697265625,76.03410339355469,0.0,17297.19921875,17343.650390625,17235.69921875,17325.30078125,235100.0,103.47000122070312,107.83999633789062,98.44000244140625,104.23999786376953,387200.0
2022-03-30,1918.4000244140625,1937.0,1914.5,1933.5,17765.0,75.66670227050781,75.97200012207031,75.5615005493164,75.66670227050781,0.0,17468.150390625,17522.5,17387.19921875,17498.25,505000.0,105.23999786376953,108.75,104.55000305175781,107.81999969482422,284544.0
2022-03-31,1933.5,1949.9000244140625,1919.0999755859375,1949.199951171875,3617.0,75.82779693603516,76.05829620361328,75.6395034790039,75.82779693603516,0.0,17519.19921875,17559.80078125,17435.19921875,17464.75,281100.0,107.44999694824219,107.80000305175781,99.66000366210938,100.27999877929688,450845.0
2022-04-01,1935.0,1938.0,1917.0,1919.0999755859375,1016.0,75.9092025756836,76.15579986572266,75.84300231933594,75.9092025756836,0.0,17436.900390625,17703.69921875,17422.69921875,17670.44921875,291800.0,101.2300033569336,101.75,97.77999877929688,99.2699966430664,324777.0
2022-04-04,1921.199951171875,1936.0999755859375,1915.5999755859375,1929.199951171875,371.0,75.99479675292969,75.99639892578125,75.3656997680664,75.99479675292969,0.0,17809.099609375,18114.650390625,17791.400390625,18053.400390625,345500.0,98.94999694824219,103.94000244140625,98.05000305175781,103.27999877929688,288131.0
2022-04-05,1927.0999755859375,1943.5,1918.4000244140625,1922.9000244140625,412.0,75.47799682617188,75.54199981689453,75.25749969482422,75.47799682617188,0.0,18080.599609375,18095.44921875,17921.55078125,17957.400390625,283500.0,103.66000366210938,105.58999633789062,99.87999725341797,101.95999908447266,280283.0
2022-04-06,1916.699951171875,1931.800048828125,1916.699951171875,1918.4000244140625,138.0,75.45069885253906,76.03399658203125,75.37000274658203,75.45069885253906,0.0,17842.75,17901.0,17779.849609375,17807.650390625,328800.0,101.23999786376953,104.0199966430664,95.7300033569336,96.2300033569336,366036.0
2022-04-07,1919.5,1934.800048828125,1919.5,1933.800048828125,311.0,75.94509887695312,76.15450286865234,75.77459716796875,75.94509887695312,0.0,17723.30078125,17787.5,17623.69921875,17639.55078125,308800.0,97.16000366210938,98.81999969482422,93.80999755859375,96.02999877929688,367318.0
2022-04-08,1928.800048828125,1947.699951171875,1928.800048828125,1941.5999755859375,153.0,75.91320037841797,76.0625,75.70800018310547,75.91320037841797,0.0,17698.150390625,17842.75,17600.55078125,17784.349609375,274400.0,97.16999816894531,98.76000213623047,95.29000091552734,98.26000213623047,310082.0
2022-04-11,1946.5999755859375,1968.4000244140625,1941.800048828125,1944.300048828125,163.0,75.91729736328125,76.13980102539062,75.76349639892578,75.91729736328125,0.0,17740.900390625,17779.05078125,17650.94921875,17674.94921875,251700.0,98.4000015258789,98.5199966430664,92.93000030517578,94.29000091552734,315873.0
2022-04-12,1952.5,1977.0999755859375,1950.5999755859375,1972.0999755859375,246.0,75.83699798583984,76.20050048828125,75.8363037109375,75.83699798583984,0.0,17584.849609375,17595.30078125,17442.349609375,17530.30078125,266000.0,95.16999816894531,101.3499984741211,94.83999633789062,100.5999984741211,329037.0
2022-04-13,1969.5,1981.0,1969.5,1981.0,204.0,76.1498031616211,76.26349639892578,75.97599792480469,76.1498031616211,0.0,17599.900390625,17663.650390625,17457.400390625,17475.650390625,245100.0,100.91000366210938,104.47000122070312,99.87000274658203,104.25,312502.0
2022-04-18,1973.4000244140625,1997.0999755859375,1972.800048828125,1982.9000244140625,196.0,76.3313980102539,76.45649719238281,76.07450103759766,76.3313980102539,0.0,17183.44921875,17237.75,17067.849609375,17173.650390625,376100.0,107.02999877929688,109.80999755859375,106.0,108.20999908447266,68489.0
2022-04-19,1973.800048828125,1978.300048828125,1945.699951171875,1955.699951171875,130.0,76.28019714355469,76.56120300292969,76.21549987792969,76.28019714355469,0.0,17258.94921875,17275.650390625,16824.69921875,16958.650390625,401400.0,107.75,108.91999816894531,102.0999984741211,102.55999755859375,71792.0
2022-04-20,1945.5,1953.5999755859375,1945.5,1952.300048828125,621.0,76.44539642333984,76.65650177001953,76.15299987792969,76.44539642333984,0.0,17045.25,17186.900390625,16978.94921875,17136.55078125,286100.0,103.05000305175781,104.16000366210938,100.69999694824219,102.75,299028.0
2022-04-21,1942.5,1944.9000244140625,1942.5,1944.9000244140625,4.0,76.27619934082031,76.36640167236328,76.08390045166016,76.27619934082031,0.0,17234.599609375,17414.69921875,17215.5,17392.599609375,285200.0,102.5,105.41999816894531,102.01000213623047,103.79000091552734,280321.0
2022-04-22,1949.5999755859375,1950.4000244140625,1930.199951171875,1931.0,178.0,76.28520202636719,76.74600219726562,76.1500015258789,76.28520202636719,0.0,17242.75,17315.30078125,17149.19921875,17171.94921875,262700.0,104.06999969482422,104.22000122070312,101.05999755859375,102.06999969482422,246116.0
2022-04-25,1925.0,1925.0,1889.300048828125,1893.199951171875,748.0,76.4635009765625,76.76339721679688,76.32499694824219,76.4635009765625,0.0,17009.05078125,17054.30078125,16888.69921875,16953.94921875,275700.0,101.37999725341797,101.55000305175781,95.27999877929688,98.54000091552734,328153.0
2022-04-26,1900.5,1909.0999755859375,1894.0,1901.4000244140625,302.0,76.52780151367188,76.8115005493164,76.42430114746094,76.52780151367188,0.0,17121.30078125,17223.849609375,17064.44921875,17200.80078125,261100.0,98.63999938964844,102.77999877929688,97.05999755859375,101.69999694824219,351850.0
2022-04-27,1897.800048828125,1900.5999755859375,1882.199951171875,1885.9000244140625,1786.0,76.79409790039062,77.03800201416016,76.48789978027344,76.79409790039062,0.0,17073.349609375,17110.69921875,16958.44921875,17038.400390625,265100.0,101.76000213623047,102.98999786376953,99.80000305175781,102.0199966430664,278781.0
2022-04-28,1883.800048828125,1893.0,1872.9000244140625,1888.699951171875,513.0,76.47219848632812,76.7886962890625,76.4114990234375,76.47219848632812,0.0,17189.5,17322.5,17071.05078125,17245.05078125,312900.0,102.11000061035156,105.68000030517578,100.12999725341797,105.36000061035156,312064.0
2022-04-29,1902.699951171875,1918.199951171875,1902.4000244140625,1909.300048828125,132.0,76.58899688720703,76.82980346679688,76.26840209960938,76.58899688720703,0.0,17329.25,17377.650390625,17053.25,17102.55078125,336200.0,105.16999816894531,107.98999786376953,103.77999877929688,104.69000244140625,294386.0
2022-05-02,1896.699951171875,1896.800048828125,1853.0,1861.800048828125,385.0,76.52310180664062,76.5978012084961,76.3479995727539,76.52310180664062,0.0,16924.44921875,17092.25,16917.25,17069.099609375,278200.0,104.0,105.94000244140625,100.27999877929688,105.16999816894531,261878.0
2022-05-04,1867.0,1867.0,1867.0,1867.0,1.0,76.46730041503906,76.56749725341797,76.16799926757812,76.46730041503906,0.0,17096.599609375,17132.849609375,16623.94921875,16677.599609375,310600.0,103.5,108.61000061035156,102.94999694824219,107.80999755859375,272909.0
2022-05-05,1897.0,1904.300048828125,1874.0,1874.0,80.0,76.00160217285156,76.57260131835938,75.99400329589844,76.00160217285156,0.0,16854.75,16945.69921875,16651.849609375,16682.650390625,265800.0,107.58000183105469,111.37000274658203,106.44999694824219,108.26000213623047,286916.0
2022-05-06,1874.699951171875,1890.300048828125,1871.5,1881.199951171875,214.0,76.54180145263672,77.06929779052734,76.46649932861328,76.54180145263672,0.0,16415.55078125,16484.19921875,16340.900390625,16411.25,300500.0,108.69999694824219,111.18000030517578,107.23999786376953,109.7699966430664,294278.0
2022-05-09,1866.5999755859375,1867.5,1854.0,1857.0999755859375,304.0,76.9574966430664,77.51899719238281,76.92749786376953,76.9574966430664,0.0,16227.7001953125,16403.69921875,16142.099609375,16301.849609375,288400.0,110.43000030517578,110.48999786376953,102.12999725341797,103.08999633789062,368183.0
2022-05-10,1839.9000244140625,1839.9000244140625,1839.9000244140625,1839.9000244140625,1540.0,77.3655014038086,77.46099853515625,77.11250305175781,77.3655014038086,0.0,16248.900390625,16404.55078125,16197.2998046875,16240.0498046875,283100.0,102.6500015258789,104.16000366210938,98.86000061035156,99.76000213623047,389750.0
2022-05-11,1841.5,1852.5999755859375,1841.0,1852.5999755859375,892.0,77.27140045166016,77.51850128173828,77.15450286865234,77.27140045166016,0.0,16270.0498046875,16318.75,15992.599609375,16167.099609375,284300.0,99.0,106.44000244140625,98.19999694824219,105.70999908447266,382701.0
2022-05-12,1849.800048828125,1851.9000244140625,1822.199951171875,1823.800048828125,153.0,77.41840362548828,77.72599792480469,77.27899932861328,77.41840362548828,0.0,16021.099609375,16041.9501953125,15735.75,15808.0,314900.0,105.62999725341797,107.37000274658203,102.66000366210938,106.12999725341797,323547.0
2022-05-13,1825.0,1825.0,1807.4000244140625,1807.4000244140625,335.0,77.44380187988281,77.55850219726562,77.25679779052734,77.44380187988281,0.0,15977.0,16083.599609375,15740.849609375,15782.150390625,369100.0,106.6500015258789,110.63999938964844,106.29000091552734,110.48999786376953,240989.0
2022-05-16,1790.5,1813.5,1787.0,1813.5,34.0,77.48629760742188,77.91349792480469,77.4800033569336,77.48629760742188,0.0,15845.099609375,15977.9501953125,15739.650390625,15842.2998046875,217600.0,110.9800033569336,114.9000015258789,108.11000061035156,114.19999694824219,289127.0
2022-05-17,1824.9000244140625,1828.5999755859375,1816.699951171875,1818.199951171875,121.0,77.8053970336914,78.0238037109375,77.36900329589844,77.8053970336914,0.0,15912.599609375,16284.25,15900.7998046875,16259.2998046875,295700.0,113.87000274658203,115.55999755859375,111.75,112.4000015258789,252630.0
2022-05-18,1815.0,1819.699951171875,1805.0,1815.9000244140625,311.0,77.37239837646484,77.74500274658203,77.27649688720703,77.37239837646484,0.0,16318.150390625,16399.80078125,16211.2001953125,16240.2998046875,290400.0,113.66000366210938,115.41999816894531,108.45999908447266,109.58999633789062,103669.0
2022-05-19,1810.9000244140625,1841.199951171875,1810.699951171875,1841.199951171875,138.0,77.81999969482422,78.00980377197266,77.2135009765625,77.81999969482422,0.0,15917.400390625,15984.75,15775.2001953125,15809.400390625,313900.0,109.08999633789062,112.62000274658203,105.12999725341797,112.20999908447266,68511.0
2022-05-20,1839.0999755859375,1841.800048828125,1836.300048828125,1841.800048828125,110.0,77.42109680175781,77.82050323486328,77.34449768066406,77.42109680175781,0.0,16043.7998046875,16283.0498046875,16003.849609375,16266.150390625,252400.0,111.44999694824219,114.04000091552734,110.8499984741211,113.2300033569336,229930.0
2022-05-23,1846.300048828125,1863.0,1845.800048828125,1847.800048828125,216.0,77.81839752197266,77.96980285644531,77.4207992553711,77.81839752197266,0.0,16290.9501953125,16414.69921875,16185.75,16214.7001953125,293800.0,110.55999755859375,111.95999908447266,109.1500015258789,110.29000091552734,215623.0
2022-05-24,1852.5,1867.0,1852.5,1865.0999755859375,33.0,77.52680206298828,77.66500091552734,77.49849700927734,77.52680206298828,0.0,16225.5498046875,16262.7998046875,16078.599609375,16125.150390625,249800.0,110.41000366210938,111.43000030517578,108.61000061035156,109.7699966430664,224794.0
2022-05-25,1846.199951171875,1846.199951171875,1846.199951171875,1846.199951171875,0.0,77.47879791259766,77.74800109863281,77.43499755859375,77.47879791259766,0.0,16196.349609375,16223.349609375,16006.9501953125,16025.7998046875,243300.0,110.38999938964844,111.68000030517578,109.2300033569336,110.33000183105469,191370.0
2022-05-26,1840.4000244140625,1847.4000244140625,1840.4000244140625,1847.4000244140625,123355.0,77.49729919433594,77.7239990234375,77.46849822998047,77.49729919433594,0.0,16105.0,16204.4501953125,15903.7001953125,16170.150390625,314300.0,110.69000244140625,114.83000183105469,110.2699966430664,114.08999633789062,234752.0
2022-05-27,1848.300048828125,1860.699951171875,1845.9000244140625,1851.300048828125,30091.0,77.63020324707031,77.89959716796875,77.5270004272461,77.63020324707031,0.0,16296.599609375,16370.599609375,16221.9501953125,16352.4501953125,274100.0,114.19999694824219,115.30000305175781,112.8499984741211,115.06999969482422,217281.0
2022-05-31,1850.300048828125,1862.0999755859375,1832.800048828125,1842.699951171875,4073.0,77.5208969116211,77.73529815673828,77.55280303955078,77.5208969116211,0.0,16578.44921875,16690.75,16521.900390625,16584.55078125,651600.0,114.95999908447266,119.9800033569336,114.1500015258789,114.66999816894531,440796.0
2022-06-01,1831.0,1847.9000244140625,1825.300048828125,1843.300048828125,1623.0,77.5989990234375,77.94170379638672,77.4365005493164,77.5989990234375,0.0,16594.400390625,16649.19921875,16438.849609375,16522.75,249600.0,115.4000015258789,117.87000274658203,114.58000183105469,115.26000213623047,290530.0
2022-06-02,1845.4000244140625,1868.699951171875,1842.0999755859375,1866.5,551.0,77.58409881591797,77.81649780273438,77.38619995117188,77.58409881591797,0.0,16481.650390625,16646.400390625,16443.05078125,16628.0,236000.0,114.80000305175781,117.7699966430664,111.19999694824219,116.87000274658203,327600.0
2022-06-03,1867.5999755859375,1871.800048828125,1845.4000244140625,1845.4000244140625,53.0,77.3604965209961,77.6864013671875,77.38980102539062,77.3604965209961,0.0,16761.650390625,16793.849609375,16567.900390625,16584.30078125,245500.0,117.55000305175781,120.45999908447266,115.2300033569336,118.87000274658203,240831.0
2022-06-06,1849.0,1854.0999755859375,1839.199951171875,1839.199951171875,142.0,77.69419860839844,77.84609985351562,77.54750061035156,77.69419860839844,0.0,16530.69921875,16610.94921875,16444.55078125,16569.55078125,233600.0,120.81999969482422,120.98999786376953,117.62999725341797,118.5,246825.0
2022-06-07,1836.9000244140625,1851.5999755859375,1835.0,1847.5,1168.0,77.82099914550781,78.05979919433594,77.58899688720703,77.82099914550781,0.0,16469.599609375,16487.25,16347.099609375,16416.349609375,233800.0,119.0999984741211,120.36000061035156,117.13999938964844,119.41000366210938,341694.0
2022-06-08,1844.800048828125,1855.0,1844.4000244140625,1851.9000244140625,218.0,77.67060089111328,77.90630340576172,77.59600067138672,77.67060089111328,0.0,16474.94921875,16514.30078125,16293.349609375,16356.25,243500.0,119.79000091552734,123.18000030517578,119.30000305175781,122.11000061035156,340591.0
2022-06-09,1846.0999755859375,1850.0999755859375,1837.9000244140625,1848.800048828125,159.0,77.72429656982422,77.98200225830078,77.67649841308594,77.72429656982422,0.0,16263.849609375,16492.80078125,16243.849609375,16478.099609375,205000.0,122.43000030517578,122.72000122070312,120.79000091552734,121.51000213623047,293295.0
2022-06-10,1842.699951171875,1875.5999755859375,1823.9000244140625,1871.5,1490.0,77.8187026977539,78.19380187988281,77.7344970703125,77.8187026977539,0.0,16283.9501953125,16324.7001953125,16172.599609375,16201.7998046875,189700.0,121.45999908447266,122.75,118.33000183105469,120.66999816894531,352906.0
2022-06-13,1873.800048828125,1873.800048828125,1818.699951171875,1828.0,127.0,78.17759704589844,78.40679931640625,77.95600128173828,78.17759704589844,0.0,15877.5498046875,15886.150390625,15684.0,15774.400390625,225500.0,120.19000244140625,122.25,117.47000122070312,120.93000030517578,372403.0
2022-06-14,1825.0,1825.5,1805.300048828125,1809.5,536.0,78.16059875488281,78.36380004882812,77.92900085449219,78.16059875488281,0.0,15674.25,15858.0,15659.4501953125,15732.099609375,225400.0,121.08999633789062,123.68000030517578,116.62000274658203,118.93000030517578,366320.0
2022-06-15,1814.0999755859375,1839.0,1810.800048828125,1815.300048828125,108.0,77.9854965209961,78.21849822998047,77.96499633789062,77.9854965209961,0.0,15729.25,15783.650390625,15678.900390625,15692.150390625,183000.0,119.06999969482422,119.61000061035156,114.5999984741211,115.30999755859375,301750.0
2022-06-16,1819.199951171875,1850.5999755859375,1814.9000244140625,1845.699951171875,136.0,77.90019989013672,78.26480102539062,77.88200378417969,77.90019989013672,0.0,15832.25,15863.150390625,15335.099609375,15360.599609375,264700.0,115.9800033569336,118.08000183105469,112.30999755859375,117.58999633789062,162543.0
2022-06-17,1853.699951171875,1853.699951171875,1833.5999755859375,1835.5999755859375,170.0,77.97769927978516,78.18949890136719,77.9374008178711,77.97769927978516,0.0,15272.650390625,15400.400390625,15183.400390625,15293.5,342600.0,117.08000183105469,118.97000122070312,108.25,109.55999755859375,103149.0
2022-06-21,1835.300048828125,1838.5999755859375,1830.0999755859375,1834.5999755859375,216.0,77.93399810791016,78.27279663085938,77.87249755859375,77.93399810791016,0.0,15455.9501953125,15707.25,15419.849609375,15638.7998046875,262800.0,110.58000183105469,112.47000122070312,108.72000122070312,110.6500015258789,427262.0
2022-06-22,1829.5,1842.699951171875,1821.5999755859375,1834.300048828125,115.0,78.13490295410156,78.40080261230469,78.07009887695312,78.13490295410156,0.0,15545.650390625,15565.400390625,15385.9501953125,15413.2998046875,220900.0,109.54000091552734,109.76000213623047,101.52999877929688,106.19000244140625,432724.0
2022-06-23,1835.5,1841.199951171875,1825.699951171875,1825.699951171875,9.0,78.19309997558594,78.41950225830078,78.13999938964844,78.19309997558594,0.0,15451.5498046875,15628.4501953125,15367.5,15556.650390625,259200.0,104.41999816894531,107.05000305175781,102.31999969482422,104.2699966430664,346362.0
2022-06-24,1820.5,1826.5,1815.800048828125,1826.5,61.0,78.14240264892578,78.35800170898438,78.11849975585938,78.14240264892578,0.0,15657.400390625,15749.25,15619.4501953125,15699.25,219600.0,103.98999786376953,108.58000183105469,103.63999938964844,107.62000274658203,321591.0
2022-06-27,1830.5,1830.699951171875,1819.9000244140625,1820.9000244140625,77.0,78.2522964477539,78.5625,78.15850067138672,78.2522964477539,0.0,15926.2001953125,15927.4501953125,15815.5,15832.0498046875,210900.0,107.22000122070312,110.54000091552734,105.5999984741211,109.56999969482422,282914.0
2022-06-28,1824.199951171875,1826.0,1817.5,1817.5,391.0,78.44110107421875,79.03949737548828,78.4104995727539,78.44110107421875,0.0,15757.4501953125,15892.099609375,15710.150390625,15850.2001953125,251900.0,110.18000030517578,112.22000122070312,109.62000274658203,111.76000213623047,306748.0
2022-06-29,1818.300048828125,1830.300048828125,1812.800048828125,1813.699951171875,173.0,79.07319641113281,79.07360076904297,78.60240173339844,79.07319641113281,0.0,15701.7001953125,15861.599609375,15687.7998046875,15799.099609375,444900.0,111.86000061035156,114.05000305175781,109.22000122070312,109.77999877929688,322060.0
2022-06-30,1809.5999755859375,1817.300048828125,1801.0,1804.0999755859375,328.0,78.89830017089844,79.10800170898438,78.83869934082031,78.89830017089844,0.0,15774.5,15890.0,15728.849609375,15780.25,306000.0,109.69999694824219,110.44999694824219,105.0999984741211,105.76000213623047,362890.0
2022-07-01,1795.5,1806.0999755859375,1791.5999755859375,1798.9000244140625,77.0,78.96299743652344,79.19100189208984,78.4729995727539,78.96299743652344,0.0,15703.7001953125,15793.9501953125,15511.0498046875,15752.0498046875,364100.0,106.01000213623047,109.33999633789062,104.55999755859375,108.43000030517578,305338.0
2022-07-05,1805.4000244140625,1805.4000244140625,1761.800048828125,1761.800048828125,64.0,78.93949890136719,79.4209976196289,78.91449737548828,78.93949890136719,0.0,15909.150390625,16025.75,15785.4501953125,15810.849609375,254200.0,108.80000305175781,111.44999694824219,97.43000030517578,99.5,594215.0
2022-07-06,1762.5,1768.0,1734.0,1734.9000244140625,1729.0,79.36840057373047,79.54830169677734,78.92990112304688,79.36840057373047,0.0,15818.2001953125,16011.349609375,15800.900390625,15989.7998046875,288400.0,100.36000061035156,102.13999938964844,95.0999984741211,98.52999877929688,444106.0
2022-07-07,1745.199951171875,1745.199951171875,1737.0,1737.9000244140625,1869.0,79.04389953613281,79.25,78.87799835205078,79.04389953613281,0.0,16113.75,16150.5,16045.9501953125,16132.900390625,264600.0,98.22000122070312,104.4800033569336,96.56999969482422,102.7300033569336,379861.0
2022-07-08,1738.0999755859375,1749.300048828125,1732.0999755859375,1740.5999755859375,370.0,79.22160339355469,79.42279815673828,79.1104965209961,79.22160339355469,0.0,16273.650390625,16275.5,16157.900390625,16220.599609375,281100.0,102.22000122070312,105.23999786376953,101.51000213623047,104.79000091552734,327461.0
2022-07-11,1732.5,1736.699951171875,1730.0,1730.0,75.0,79.3313980102539,79.57710266113281,79.14199829101562,79.3313980102539,0.0,16136.150390625,16248.5498046875,16115.5,16216.0,255900.0,104.79000091552734,105.05000305175781,100.88999938964844,104.08999633789062,348566.0
2022-07-12,1734.199951171875,1735.5,1723.300048828125,1723.300048828125,451.0,79.47779846191406,79.86029815673828,79.38849639892578,79.47779846191406,0.0,16126.2001953125,16158.75,16031.150390625,16058.2998046875,208600.0,103.45999908447266,103.48999786376953,95.3499984741211,95.83999633789062,398552.0
2022-07-13,1710.0,1734.199951171875,1710.0,1734.199951171875,368.0,79.47640228271484,80.05950164794922,79.42500305175781,79.47640228271484,0.0,16128.2001953125,16140.0,15950.150390625,15966.650390625,233300.0,95.88999938964844,97.95999908447266,93.66999816894531,96.30000305175781,347193.0
2022-07-14,1710.300048828125,1710.5,1704.5,1704.5,1289.0,79.80750274658203,80.21869659423828,79.59809875488281,79.80750274658203,0.0,16018.849609375,16070.849609375,15858.2001953125,15938.650390625,228600.0,96.56999969482422,97.0,90.55999755859375,95.77999877929688,387528.0
2022-07-15,1705.4000244140625,1709.699951171875,1701.0999755859375,1702.4000244140625,721.0,79.87830352783203,80.0895004272461,79.70800018310547,79.87830352783203,0.0,16010.7998046875,16066.9501953125,15927.2998046875,16049.2001953125,205800.0,96.38999938964844,99.02999877929688,94.56999969482422,97.58999633789062,240766.0
2022-07-18,1712.199951171875,1712.4000244140625,1709.199951171875,1709.199951171875,264.0,79.72049713134766,80.25599670410156,79.71369934082031,79.72049713134766,0.0,16151.400390625,16287.9501953125,16142.2001953125,16278.5,227700.0,97.2699966430664,102.80000305175781,95.8499984741211,102.5999984741211,84669.0
2022-07-19,1712.300048828125,1714.4000244140625,1706.0999755859375,1710.0,1684.0,80.0302963256836,80.14849853515625,79.85260009765625,80.0302963256836,0.0,16187.0498046875,16359.5,16187.0498046875,16340.5498046875,222600.0,102.0,104.45999908447266,99.8499984741211,104.22000122070312,63149.0
2022-07-20,1707.0999755859375,1708.5,1699.5,1699.5,130.0,79.85590362548828,80.11849975585938,79.85590362548828,79.85590362548828,0.0,16562.80078125,16588.0,16490.94921875,16520.849609375,284400.0,103.5999984741211,104.38999938964844,101.51000213623047,102.26000213623047,315620.0
2022-07-21,1687.0,1715.5,1679.800048828125,1712.699951171875,183.0,80.00340270996094,80.27100372314453,79.76100158691406,80.00340270996094,0.0,16523.55078125,16626.94921875,16483.900390625,16605.25,243600.0,99.91000366210938,99.98999786376953,94.58999633789062,96.3499984741211,318911.0
2022-07-22,1713.300048828125,1735.0,1713.0,1727.0999755859375,61.0,79.7759017944336,80.07649993896484,79.779296875,79.7759017944336,0.0,16661.25,16752.25,16610.900390625,16719.44921875,190900.0,96.51000213623047,97.94999694824219,94.2300033569336,94.69999694824219,307568.0
2022-07-25,1727.0,1732.0,1719.0,1719.0,67.0,79.87680053710938,80.1447982788086,79.68609619140625,79.87680053710938,0.0,16662.55078125,16706.05078125,16564.25,16631.0,211400.0,95.0999984741211,96.94000244140625,93.01000213623047,96.69999694824219,278998.0
2022-07-26,1718.0,1718.0,1717.699951171875,1717.699951171875,1.0,79.72250366210938,79.84220123291016,79.70249938964844,79.72250366210938,0.0,16632.900390625,16636.099609375,16463.30078125,16483.849609375,208200.0,96.33000183105469,99.0,94.76000213623047,94.9800033569336,310043.0
2022-07-27,1719.0999755859375,1719.0999755859375,1719.0999755859375,1719.0999755859375,144865.0,79.84120178222656,80.07080078125,79.74749755859375,79.84120178222656,0.0,16475.349609375,16653.44921875,16438.75,16641.80078125,185200.0,95.5999984741211,98.58999633789062,94.30000305175781,97.26000213623047,321903.0
2022-07-28,1732.300048828125,1755.0,1732.0,1750.300048828125,37236.0,79.84739685058594,80.05729675292969,79.59739685058594,79.84739685058594,0.0,16774.849609375,16947.650390625,16746.25,16929.599609375,376300.0,98.16999816894531,99.83999633789062,96.04000091552734,96.41999816894531,318403.0
2022-07-29,1754.0,1765.699951171875,1750.0,1762.9000244140625,3485.0,79.57150268554688,79.65650177001953,79.17369842529297,79.57150268554688,0.0,17079.5,17172.80078125,17018.150390625,17158.25,436100.0,97.30000305175781,101.87999725341797,96.41000366210938,98.62000274658203,349374.0
2022-08-01,1763.9000244140625,1772.5,1756.0999755859375,1769.0,705.0,79.1948013305664,79.42980194091797,78.89939880371094,79.1948013305664,0.0,17243.19921875,17356.25,17154.80078125,17340.05078125,381500.0,98.45999908447266,98.6500015258789,92.41999816894531,93.88999938964844,365293.0
2022-08-02,1772.0999755859375,1786.5999755859375,1759.4000244140625,1771.0999755859375,1078.0,78.95570373535156,79.16999816894531,77.77429962158203,78.95570373535156,0.0,17310.150390625,17390.150390625,17215.849609375,17345.44921875,333600.0,93.75,96.47000122070312,92.58999633789062,94.41999816894531,328538.0
2022-08-03,1756.699951171875,1770.5,1753.0,1758.0,399.0,78.60449981689453,79.20330047607422,78.56800079345703,78.60449981689453,0.0,17349.25,17407.5,17225.849609375,17388.150390625,285400.0,93.83000183105469,96.56999969482422,90.37999725341797,90.66000366210938,395099.0
2022-08-04,1769.4000244140625,1792.0999755859375,1767.699951171875,1788.5,285.0,79.11830139160156,79.80000305175781,79.00849914550781,79.11830139160156,0.0,17463.099609375,17490.69921875,17161.25,17382.0,325000.0,90.94999694824219,91.9000015258789,87.55000305175781,88.54000091552734,334931.0
2022-08-05,1791.199951171875,1791.4000244140625,1764.199951171875,1772.9000244140625,645.0,79.15489959716797,79.49199676513672,78.91850280761719,79.15489959716797,0.0,17423.650390625,17474.400390625,17348.75,17397.5,355300.0,88.05999755859375,90.76000213623047,87.01000213623047,89.01000213623047,350016.0
2022-08-08,1771.800048828125,1786.800048828125,1771.800048828125,1786.800048828125,127.0,79.41059875488281,79.75700378417969,79.31300354003906,79.41059875488281,0.0,17401.5,17548.80078125,17359.75,17525.099609375,257000.0,88.45999908447266,90.88999938964844,87.22000122070312,90.76000213623047,340157.0
2022-08-10,1804.4000244140625,1804.9000244140625,1787.800048828125,1795.5999755859375,601.0,79.57839965820312,79.75450134277344,79.00700378417969,79.57839965820312,0.0,17566.099609375,17566.099609375,17442.80078125,17534.75,312700.0,90.51000213623047,92.43000030517578,87.66000366210938,91.93000030517578,383766.0
2022-08-11,1794.300048828125,1794.300048828125,1785.699951171875,1789.699951171875,1235.0,79.0978012084961,79.79229736328125,79.04949951171875,79.0978012084961,0.0,17711.650390625,17719.30078125,17631.94921875,17659.0,311200.0,91.55000305175781,95.05000305175781,91.23999786376953,94.33999633789062,341234.0
2022-08-12,1786.300048828125,1800.4000244140625,1784.300048828125,1798.5999755859375,187.0,79.61399841308594,79.93699645996094,79.55599975585938,79.61399841308594,0.0,17659.650390625,17724.650390625,17597.849609375,17698.150390625,303900.0,94.08999633789062,94.80999755859375,91.16000366210938,92.08999633789062,264953.0
2022-08-16,1777.4000244140625,1777.4000244140625,1771.4000244140625,1773.199951171875,308.0,79.55290222167969,79.77999877929688,79.26100158691406,79.55290222167969,0.0,17797.19921875,17839.099609375,17764.05078125,17825.25,0.0,87.93000030517578,90.6500015258789,85.7300033569336,86.52999877929688,305366.0
2022-08-17,1769.699951171875,1769.699951171875,1760.0,1760.300048828125,23.0,79.14600372314453,79.68509674072266,79.14600372314453,79.14600372314453,0.0,17868.150390625,17965.94921875,17833.349609375,17944.25,262800.0,87.0999984741211,89.16000366210938,85.87999725341797,88.11000061035156,230346.0
2022-08-18,1762.9000244140625,1762.9000244140625,1753.4000244140625,1755.300048828125,321.0,79.35970306396484,79.86250305175781,79.33650207519531,79.35970306396484,0.0,17898.650390625,17968.44921875,17852.05078125,17956.5,263900.0,87.38999938964844,91.45999908447266,87.31999969482422,90.5,80029.0
2022-08-19,1753.699951171875,1754.300048828125,1747.5,1747.5999755859375,49.0,79.7667007446289,80.11250305175781,79.65709686279297,79.7667007446289,0.0,17966.55078125,17992.19921875,17710.75,17758.44921875,295600.0,90.38999938964844,92.08999633789062,88.37999725341797,90.7699966430664,58714.0
2022-08-22,1740.5,1740.5,1726.5,1734.0,347.0,79.91790008544922,80.15480041503906,79.76200103759766,79.91790008544922,0.0,17682.900390625,17690.05078125,17467.349609375,17490.69921875,287600.0,89.6500015258789,91.26000213623047,86.5999984741211,90.2300033569336,352665.0
2022-08-23,1738.0,1748.9000244140625,1731.9000244140625,1746.800048828125,509.0,79.88379669189453,80.0979995727539,79.50299835205078,79.88379669189453,0.0,17357.349609375,17625.55078125,17345.19921875,17577.5,285600.0,90.55000305175781,94.22000122070312,90.41999816894531,93.73999786376953,285607.0
2022-08-24,1745.0,1751.800048828125,1743.5999755859375,1747.800048828125,187.0,79.85449981689453,80.08499908447266,79.69889831542969,79.85449981689453,0.0,17525.44921875,17623.650390625,17499.25,17604.94921875,262000.0,93.77999877929688,95.4000015258789,92.79000091552734,94.88999938964844,320388.0
2022-08-25,1761.5999755859375,1761.800048828125,1755.0,1757.699951171875,172.0,79.79679870605469,80.02629852294922,79.73739624023438,79.79679870605469,0.0,17679.0,17726.5,17487.44921875,17522.44921875,230200.0,95.3499984741211,95.76000213623047,92.29000091552734,92.5199966430664,279877.0
2022-08-26,1754.0,1755.0,1736.0999755859375,1736.0999755859375,202.0,79.88289642333984,80.13349914550781,79.71600341796875,79.88289642333984,0.0,17619.30078125,17685.849609375,17519.349609375,17558.900390625,266600.0,93.05999755859375,94.0199966430664,91.08000183105469,93.05999755859375,288392.0
2022-08-29,1732.4000244140625,1741.199951171875,1732.0999755859375,1736.5999755859375,950.0,79.95909881591797,80.12950134277344,79.87339782714844,79.95909881591797,0.0,17188.650390625,17380.150390625,17166.19921875,17312.900390625,244900.0,92.95999908447266,97.37000274658203,92.29000091552734,97.01000213623047,283463.0
2022-08-30,1736.4000244140625,1739.0,1720.699951171875,1723.199951171875,385.0,79.96790313720703,80.16079711914062,79.43250274658203,79.96790313720703,0.0,17414.94921875,17777.650390625,17401.5,17759.30078125,324700.0,96.9000015258789,97.66000366210938,90.54000091552734,91.63999938964844,386272.0
2022-09-01,1707.9000244140625,1707.9000244140625,1693.9000244140625,1696.5999755859375,683.0,79.54879760742188,79.83499908447266,79.27950286865234,79.54879760742188,0.0,17485.69921875,17695.599609375,17468.44921875,17542.80078125,308500.0,88.83000183105469,89.62999725341797,85.9800033569336,86.61000061035156,305106.0
2022-09-02,1703.4000244140625,1715.699951171875,1703.0999755859375,1709.800048828125,182.0,79.716796875,80.09149932861328,79.58650207519531,79.716796875,0.0,17598.400390625,17643.849609375,17476.44921875,17539.44921875,256300.0,86.55999755859375,89.66000366210938,86.3499984741211,86.87000274658203,277533.0
2022-09-06,1709.699951171875,1717.4000244140625,1699.699951171875,1700.4000244140625,697.0,79.78299713134766,79.96800231933594,79.70999908447266,79.78299713134766,0.0,17695.69921875,17764.650390625,17587.650390625,17655.599609375,251200.0,86.83999633789062,90.38999938964844,86.18000030517578,86.87999725341797,420255.0
2022-09-07,1694.800048828125,1715.300048828125,1694.699951171875,1715.300048828125,651.0,79.89510345458984,80.14199829101562,79.79650115966797,79.89510345458984,0.0,17519.400390625,17650.75,17484.30078125,17624.400390625,354100.0,86.93000030517578,87.76000213623047,81.5,81.94000244140625,380781.0
2022-09-08,1718.199951171875,1718.199951171875,1705.300048828125,1708.0,1193.0,79.6498031616211,79.94599914550781,79.63629913330078,79.6498031616211,0.0,17748.150390625,17807.650390625,17691.94921875,17798.75,279800.0,81.91000366210938,84.25,81.19999694824219,83.54000091552734,342763.0
2022-09-09,1719.199951171875,1720.0,1712.800048828125,1716.199951171875,635.0,79.706298828125,79.93779754638672,79.4540023803711,79.706298828125,0.0,17923.349609375,17925.94921875,17786.0,17833.349609375,270300.0,82.80000305175781,87.19999694824219,82.70999908447266,86.79000091552734,305188.0
2022-09-12,1727.4000244140625,1728.0999755859375,1727.4000244140625,1728.0999755859375,68.0,79.65579986572266,79.74199676513672,79.32499694824219,79.65579986572266,0.0,17890.849609375,17980.55078125,17889.150390625,17936.349609375,228200.0,86.25,89.0999984741211,85.16000366210938,87.77999877929688,275104.0
2022-09-13,1720.5,1720.5,1697.300048828125,1705.0,432.0,79.35530090332031,79.59049987792969,79.02300262451172,79.35530090332031,0.0,18044.44921875,18088.30078125,18015.44921875,18070.05078125,259900.0,88.08999633789062,89.30999755859375,85.05999755859375,87.30999755859375,347998.0
2022-09-14,1698.699951171875,1701.800048828125,1696.5,1696.5,532.0,79.60240173339844,79.80500030517578,79.38359832763672,79.60240173339844,0.0,17771.150390625,18091.55078125,17771.150390625,18003.75,365900.0,87.94000244140625,90.19000244140625,86.18000030517578,88.4800033569336,335381.0
2022-09-15,1685.5,1686.0,1662.300048828125,1665.4000244140625,1125.0,79.45369720458984,80.01629638671875,79.43160247802734,79.45369720458984,0.0,18046.349609375,18096.150390625,17861.5,17877.400390625,289600.0,88.91000366210938,89.1500015258789,84.52999877929688,85.0999984741211,235358.0
2022-09-16,1660.4000244140625,1674.9000244140625,1651.699951171875,1671.699951171875,464.0,79.8490982055664,80.01329803466797,79.09860229492188,79.8490982055664,0.0,17796.80078125,17820.05078125,17497.25,17530.849609375,468500.0,85.16000366210938,86.58999633789062,84.2699966430664,85.11000061035156,87829.0
2022-09-19,1661.800048828125,1669.4000244140625,1658.5,1666.199951171875,580.0,79.68949890136719,79.95780181884766,79.58529663085938,79.68949890136719,0.0,17540.650390625,17667.19921875,17429.69921875,17622.25,258300.0,85.20999908447266,86.22000122070312,82.0999984741211,85.7300033569336,59626.0
2022-09-20,1659.699951171875,1659.699951171875,1659.699951171875,1659.699951171875,2830.0,79.7074966430664,79.99250030517578,79.57649993896484,79.7074966430664,0.0,17770.400390625,17919.30078125,17744.400390625,17816.25,263100.0,85.61000061035156,86.44999694824219,83.5199966430664,84.44999694824219,279813.0
2022-09-21,1665.5,1680.0999755859375,1664.5999755859375,1664.5999755859375,2337.0,79.76270294189453,80.15599822998047,79.76249694824219,79.76270294189453,0.0,17766.349609375,17838.69921875,17663.599609375,17718.349609375,245500.0,84.25,86.68000030517578,82.48999786376953,82.94000244140625,339683.0
2022-09-22,1668.300048828125,1670.800048828125,1668.300048828125,1670.800048828125,973.0,80.05069732666016,81.11160278320312,79.92900085449219,80.05069732666016,0.0,17609.650390625,17722.75,17532.44921875,17629.80078125,284100.0,83.06999969482422,86.0,82.4000015258789,83.48999786376953,303492.0
2022-09-23,1667.0,1667.0,1645.300048828125,1645.300048828125,1224.0,81.06220245361328,81.33809661865234,80.78479766845703,81.06220245361328,0.0,17593.849609375,17642.150390625,17291.650390625,17327.349609375,390800.0,83.54000091552734,83.91999816894531,78.04000091552734,78.73999786376953,334271.0
2022-09-26,1623.300048828125,1623.300048828125,1623.300048828125,1623.300048828125,1205.0,81.25479888916016,81.71749877929688,80.73300170898438,81.25479888916016,0.0,17156.30078125,17196.400390625,16978.30078125,17016.30078125,492000.0,79.2300033569336,80.30999755859375,76.25,76.70999908447266,280927.0
2022-09-27,1632.199951171875,1636.5999755859375,1626.699951171875,1626.699951171875,888.0,81.61579895019531,81.86100006103516,81.28630065917969,81.61579895019531,0.0,17110.900390625,17176.44921875,16942.349609375,17007.400390625,359900.0,76.47000122070312,79.51000213623047,76.41999816894531,78.5,283614.0
2022-09-28,1620.4000244140625,1660.4000244140625,1620.4000244140625,1660.4000244140625,18311.0,81.72460174560547,82.11299896240234,81.49610137939453,81.72460174560547,0.0,16870.55078125,17037.599609375,16820.400390625,16858.599609375,323900.0,78.08000183105469,82.33999633789062,76.55000305175781,82.1500015258789,324678.0
2022-09-29,1657.0,1662.5999755859375,1640.0,1658.5,6028.0,81.42870330810547,82.05549621582031,81.40750122070312,81.42870330810547,0.0,16993.599609375,17026.05078125,16788.599609375,16818.099609375,340000.0,81.9000015258789,82.94000244140625,80.33999633789062,81.2300033569336,286126.0
2022-09-30,1661.699951171875,1672.699951171875,1658.0,1662.4000244140625,548.0,81.48059844970703,81.69760131835938,81.09980010986328,81.48059844970703,0.0,16798.05078125,17187.099609375,16747.69921875,17094.349609375,376100.0,81.73999786376953,82.55999755859375,79.13999938964844,79.48999786376953,253154.0
2022-10-03,1667.199951171875,1700.0,1661.9000244140625,1692.9000244140625,410.0,81.52130126953125,82.06199645996094,81.41130065917969,81.52130126953125,0.0,17102.099609375,17114.650390625,16855.55078125,16887.349609375,278400.0,81.0199966430664,84.55999755859375,80.87000274658203,83.62999725341797,287168.0
2022-10-04,1701.199951171875,1728.0,1696.0,1721.0999755859375,291.0,81.49500274658203,81.85600280761719,81.27259826660156,81.49500274658203,0.0,17147.44921875,17287.30078125,17117.30078125,17274.30078125,226000.0,83.22000122070312,86.9800033569336,83.22000122070312,86.5199966430664,302549.0
2022-10-06,1721.0,1723.300048828125,1709.0999755859375,1711.699951171875,133.0,81.6488037109375,82.48149871826172,81.43800354003906,81.6488037109375,0.0,17379.25,17428.80078125,17315.650390625,17331.80078125,265500.0,88.08000183105469,89.06999969482422,87.04000091552734,88.44999694824219,235296.0
2022-10-07,1710.0999755859375,1710.0999755859375,1693.699951171875,1700.5,179.0,82.3489990234375,82.62629699707031,82.04499816894531,82.3489990234375,0.0,17287.19921875,17337.349609375,17216.94921875,17314.650390625,216300.0,88.93000030517578,93.30999755859375,88.0,92.63999938964844,429162.0
2022-10-10,1693.4000244140625,1693.4000244140625,1667.0,1667.300048828125,195.0,82.8322982788086,83.06430053710938,82.25849914550781,82.8322982788086,0.0,17094.349609375,17280.150390625,17064.69921875,17241.0,234000.0,93.4800033569336,93.63999938964844,90.54000091552734,91.12999725341797,289508.0
2022-10-11,1661.800048828125,1678.699951171875,1661.0,1678.699951171875,167.0,82.42070007324219,82.75,82.13849639892578,82.42070007324219,0.0,17256.05078125,17261.80078125,16950.30078125,16983.55078125,282600.0,91.13999938964844,91.3499984741211,87.91000366210938,89.3499984741211,333158.0
2022-10-12,1668.0,1672.699951171875,1668.0,1670.300048828125,149.0,82.2739028930664,82.61650085449219,82.15460205078125,82.2739028930664,0.0,17025.55078125,17142.349609375,16960.05078125,17123.599609375,256000.0,88.66999816894531,90.06999969482422,86.27999877929688,87.2699966430664,332271.0
2022-10-13,1675.199951171875,1675.300048828125,1641.5,1670.0,729.0,82.19999694824219,82.88700103759766,82.12000274658203,82.19999694824219,0.0,17087.349609375,17112.349609375,16956.94921875,17014.349609375,266400.0,87.08000183105469,89.66000366210938,85.55999755859375,89.11000061035156,298032.0
2022-10-14,1665.300048828125,1667.0,1640.0,1641.699951171875,82.0,82.19210052490234,82.60549926757812,82.1240005493164,82.19210052490234,0.0,17322.30078125,17348.55078125,17169.75,17185.69921875,227000.0,89.2699966430664,89.7300033569336,85.19999694824219,85.61000061035156,237026.0
2022-10-17,1650.199951171875,1657.0,1646.800048828125,1657.0,238.0,82.41280364990234,82.64700317382812,82.10600280761719,82.41280364990234,0.0,17144.80078125,17328.55078125,17098.55078125,17311.80078125,212200.0,85.58999633789062,87.12000274658203,84.61000061035156,85.45999908447266,172020.0
2022-10-18,1651.4000244140625,1655.199951171875,1649.0,1649.0,597.0,82.1947021484375,82.67949676513672,82.01180267333984,82.1947021484375,0.0,17438.75,17527.80078125,17434.05078125,17486.94921875,239500.0,85.69999694824219,86.51000213623047,82.08999633789062,82.81999969482422,97304.0
2022-10-19,1637.5,1637.5,1627.5,1627.5,84.0,82.2863998413086,83.38600158691406,82.17250061035156,82.2863998413086,0.0,17568.150390625,17607.599609375,17472.849609375,17512.25,210500.0,83.69000244140625,86.19999694824219,82.58999633789062,85.55000305175781,71309.0
2022-10-20,1622.800048828125,1641.4000244140625,1622.800048828125,1630.800048828125,477.0,82.99700164794922,83.32499694824219,82.5469970703125,82.99700164794922,0.0,17423.099609375,17584.150390625,17421.0,17563.94921875,249600.0,85.94000244140625,88.16999816894531,85.22000122070312,85.9800033569336,338344.0
2022-10-21,1634.0999755859375,1653.9000244140625,1634.0999755859375,1651.0,224.0,82.82569885253906,83.22000122070312,82.56230163574219,82.82569885253906,0.0,17622.849609375,17670.150390625,17520.75,17576.30078125,277700.0,85.06999969482422,85.9000015258789,83.1500015258789,85.05000305175781,272803.0
2022-10-24,1662.699951171875,1662.699951171875,1648.699951171875,1648.699951171875,29.0,82.54129791259766,83.06890106201172,82.54129791259766,82.54129791259766,0.0,17736.349609375,17777.55078125,17707.400390625,17730.75,45000.0,85.23999786376953,85.91999816894531,82.62999725341797,84.58000183105469,250726.0
2022-10-25,1648.199951171875,1652.800048828125,1637.300048828125,1652.800048828125,880.0,82.7614974975586,83.13749694824219,82.43000030517578,82.7614974975586,0.0,17808.30078125,17811.5,17637.0,17656.349609375,251400.0,84.87999725341797,86.02999877929688,83.05999755859375,85.31999969482422,240441.0
2022-10-27,1660.699951171875,1660.699951171875,1660.699951171875,1660.699951171875,2298.0,82.04959869384766,82.70649719238281,81.92829895019531,82.04959869384766,0.0,17771.400390625,17783.900390625,17654.5,17736.94921875,324600.0,88.26000213623047,89.79000091552734,87.33000183105469,89.08000183105469,292556.0
2022-10-28,1661.0,1661.0,1638.699951171875,1639.5999755859375,626.0,82.44249725341797,82.78130340576172,82.27799987792969,82.44249725341797,0.0,17756.400390625,17838.900390625,17723.69921875,17786.80078125,250000.0,88.66999816894531,88.76000213623047,87.08000183105469,87.9000015258789,263404.0
2022-10-31,1641.800048828125,1641.800048828125,1633.4000244140625,1635.9000244140625,522.0,82.23919677734375,83.12300109863281,82.19300079345703,82.23919677734375,0.0,17910.19921875,18022.80078125,17899.900390625,18012.19921875,227200.0,88.38999938964844,88.6500015258789,85.30000305175781,86.52999877929688,285342.0
2022-11-01,1630.800048828125,1653.699951171875,1630.800048828125,1645.0,985.0,82.72899627685547,83.07080078125,82.50350189208984,82.72899627685547,0.0,18130.69921875,18175.80078125,18060.150390625,18145.400390625,349900.0,86.43000030517578,89.44999694824219,85.91999816894531,88.37000274658203,274321.0
2022-11-02,1650.800048828125,1664.699951171875,1634.0,1645.699951171875,612.0,82.68450164794922,83.0270004272461,82.59130096435547,82.68450164794922,0.0,18177.900390625,18178.75,18048.650390625,18082.849609375,270900.0,88.62000274658203,90.36000061035156,87.72000122070312,90.0,280961.0
2022-11-03,1629.199951171875,1629.199951171875,1615.0999755859375,1627.300048828125,1427.0,82.88839721679688,82.99629974365234,82.6688003540039,82.88839721679688,0.0,17968.349609375,18106.30078125,17959.19921875,18052.69921875,213000.0,89.3499984741211,89.66999816894531,87.5999984741211,88.16999816894531,239816.0
2022-11-04,1630.199951171875,1674.5,1629.0,1672.5,159.0,82.68180084228516,82.9917984008789,82.0020980834961,82.68180084228516,0.0,18053.400390625,18135.099609375,18017.150390625,18117.150390625,267900.0,87.9000015258789,92.87000274658203,87.81999969482422,92.61000061035156,354060.0
2022-11-07,1676.9000244140625,1677.9000244140625,1672.9000244140625,1676.5,42.0,81.9749984741211,82.3718032836914,81.7925033569336,81.9749984741211,0.0,18211.75,18255.5,18064.75,18202.80078125,314800.0,91.0,93.73999786376953,90.4000015258789,91.79000091552734,322419.0
2022-11-09,1707.4000244140625,1720.199951171875,1706.0,1710.0999755859375,497.0,81.40519714355469,81.6697998046875,81.19029998779297,81.40519714355469,0.0,18288.25,18296.400390625,18117.5,18157.0,307200.0,88.56999969482422,89.23999786376953,85.5,85.83000183105469,388301.0
2022-11-10,1708.199951171875,1750.300048828125,1708.199951171875,1750.300048828125,325.0,81.34380340576172,81.91000366210938,80.72709655761719,81.34380340576172,0.0,18044.349609375,18103.099609375,17969.400390625,18028.19921875,256500.0,85.8499984741211,87.3499984741211,84.69999694824219,86.47000122070312,340007.0
2022-11-11,1763.800048828125,1766.0,1757.5999755859375,1766.0,257.0,80.48290252685547,80.98300170898438,80.42379760742188,80.48290252685547,0.0,18272.349609375,18362.30078125,18259.349609375,18349.69921875,378500.0,86.2699966430664,90.0999984741211,86.18000030517578,88.95999908447266,301664.0
2022-11-14,1762.0,1773.5999755859375,1761.5999755859375,1773.5999755859375,358.0,80.49700164794922,81.28739929199219,80.37310028076172,80.49700164794922,0.0,18376.400390625,18399.44921875,18311.400390625,18329.150390625,301400.0,89.0199966430664,89.83999633789062,85.1500015258789,85.87000274658203,315450.0
2022-11-15,1770.800048828125,1773.800048828125,1769.9000244140625,1773.800048828125,57.0,80.99199676513672,81.43800354003906,80.71299743652344,80.99199676513672,0.0,18362.75,18427.94921875,18282.0,18403.400390625,250900.0,85.25,88.68000030517578,84.05999755859375,86.91999816894531,331709.0
2022-11-16,1776.5999755859375,1778.9000244140625,1773.0,1773.0,303.0,81.07140350341797,81.53800201416016,81.07140350341797,81.07140350341797,0.0,18398.25,18442.150390625,18344.150390625,18409.650390625,219300.0,86.88999938964844,87.51000213623047,84.19999694824219,85.58999633789062,225668.0
2022-11-17,1763.0,1763.0,1756.0,1760.800048828125,18.0,81.49530029296875,81.8499984741211,81.34629821777344,81.49530029296875,0.0,18358.69921875,18417.599609375,18312.94921875,18343.900390625,200500.0,85.22000122070312,85.44999694824219,81.4000015258789,81.63999938964844,138476.0
2022-11-18,1763.300048828125,1763.300048828125,1747.5999755859375,1751.9000244140625,414.0,81.52490234375,81.78829956054688,81.49250030517578,81.52490234375,0.0,18382.94921875,18394.599609375,18209.80078125,18307.650390625,198800.0,82.08999633789062,82.63999938964844,77.23999786376953,80.08000183105469,96583.0
2022-11-21,1739.0,1744.9000244140625,1736.0999755859375,1737.4000244140625,544.0,81.5198974609375,81.9301986694336,81.53959655761719,81.5198974609375,0.0,18246.400390625,18262.30078125,18133.349609375,18159.94921875,213800.0,80.30000305175781,80.30000305175781,75.08000183105469,79.7300033569336,475104.0
2022-11-22,1741.699951171875,1741.699951171875,1738.300048828125,1738.300048828125,15.0,81.72769927978516,81.99479675292969,81.60340118408203,81.72769927978516,0.0,18179.150390625,18261.849609375,18137.69921875,18244.19921875,177700.0,80.22000122070312,82.36000061035156,79.8499984741211,80.94999694824219,269615.0
2022-11-23,1736.5,1750.9000244140625,1736.5,1744.9000244140625,39.0,81.71499633789062,81.91500091552734,81.68309783935547,81.71499633789062,0.0,18325.19921875,18325.400390625,18246.0,18267.25,178800.0,81.08000183105469,81.94999694824219,76.83000183105469,77.94000244140625,379145.0
2022-11-25,1753.0,1757.9000244140625,1749.199951171875,1753.300048828125,216.0,81.65540313720703,81.85179901123047,81.41449737548828,81.65540313720703,0.0,18528.44921875,18534.900390625,18445.099609375,18512.75,205900.0,77.51000213623047,79.9000015258789,76.22000122070312,76.27999877929688,266451.0
2022-11-28,1741.300048828125,1741.300048828125,1740.0999755859375,1740.0999755859375,132767.0,81.6697006225586,81.9219970703125,81.52400207519531,81.6697006225586,0.0,18430.55078125,18614.25,18365.599609375,18562.75,206500.0,75.93000030517578,77.83999633789062,73.5999984741211,77.23999786376953,405033.0
2022-11-29,1739.5,1758.199951171875,1737.9000244140625,1748.4000244140625,19416.0,81.65029907226562,81.76399993896484,81.489501953125,81.65029907226562,0.0,18552.44921875,18678.099609375,18552.150390625,18618.05078125,195300.0,76.54000091552734,79.6500015258789,76.29000091552734,78.19999694824219,381869.0
2022-11-30,1748.0999755859375,1769.4000244140625,1745.0999755859375,1746.0,3339.0,81.63089752197266,81.79029846191406,81.28009796142578,81.63089752197266,0.0,18625.69921875,18816.05078125,18616.55078125,18758.349609375,345600.0,79.0,81.37999725341797,78.4000015258789,80.55000305175781,287534.0
2022-12-01,1768.699951171875,1803.699951171875,1768.699951171875,1801.0999755859375,1053.0,81.3052978515625,81.37129974365234,80.99299621582031,81.3052978515625,0.0,18871.94921875,18887.599609375,18778.19921875,18812.5,325000.0,80.4000015258789,83.33999633789062,79.93000030517578,81.22000122070312,321432.0
2022-12-02,1802.0,1802.300048828125,1779.4000244140625,1795.9000244140625,1725.0,81.16220092773438,81.61499786376953,81.08200073242188,81.16220092773438,0.0,18752.400390625,18781.94921875,18639.19921875,18696.099609375,254400.0,81.47000122070312,82.22000122070312,79.6500015258789,79.9800033569336,280235.0
2022-12-05,1795.699951171875,1808.0,1764.300048828125,1767.4000244140625,1713.0,81.42250061035156,81.8949966430664,81.19349670410156,81.42250061035156,0.0,18719.55078125,18728.599609375,18591.349609375,18701.05078125,288400.0,79.98999786376953,82.72000122070312,76.7699966430664,76.93000030517578,346657.0
2022-12-06,1768.5999755859375,1779.4000244140625,1767.9000244140625,1769.300048828125,105.0,81.89900207519531,82.6001968383789,81.69149780273438,81.89900207519531,0.0,18600.650390625,18654.900390625,18577.900390625,18642.75,217800.0,77.3499984741211,77.87999725341797,73.41000366210938,74.25,380598.0
2022-12-07,1769.300048828125,1790.300048828125,1769.300048828125,1785.5,422.0,82.37220001220703,82.7385025024414,82.20459747314453,82.37220001220703,0.0,18638.849609375,18668.30078125,18528.400390625,18560.5,200500.0,74.55000305175781,75.37999725341797,71.75,72.01000213623047,392236.0
2022-12-08,1782.0,1790.9000244140625,1782.0,1788.699951171875,713.0,82.25350189208984,82.53880310058594,82.23699951171875,82.25350189208984,0.0,18570.849609375,18625.0,18536.94921875,18609.349609375,202800.0,72.37999725341797,75.44000244140625,71.12000274658203,71.45999908447266,474459.0
2022-12-09,1794.9000244140625,1804.300048828125,1791.0999755859375,1798.0999755859375,125.0,82.2791976928711,82.50830078125,82.0739974975586,82.2791976928711,0.0,18662.400390625,18664.69921875,18410.099609375,18496.599609375,215800.0,71.8499984741211,72.91999816894531,70.08000183105469,71.0199966430664,356722.0
2022-12-12,1787.300048828125,1793.9000244140625,1777.699951171875,1780.5,85.0,82.41300201416016,82.72350311279297,82.36399841308594,82.41300201416016,0.0,18402.150390625,18521.55078125,18345.69921875,18497.150390625,193900.0,71.79000091552734,73.98999786376953,70.25,73.16999816894531,323553.0
2022-12-13,1780.699951171875,1819.800048828125,1780.5,1813.9000244140625,205.0,82.64469909667969,82.91190338134766,82.36540222167969,82.64469909667969,0.0,18524.400390625,18617.25,18490.19921875,18608.0,187600.0,73.29000091552734,76.37000274658203,73.20999908447266,75.38999938964844,352858.0
2022-12-14,1810.800048828125,1812.800048828125,1797.9000244140625,1807.5,1074.0,82.40249633789062,82.70600128173828,82.40180206298828,82.40249633789062,0.0,18671.25,18696.099609375,18632.900390625,18660.30078125,208000.0,75.2699966430664,77.75,74.9000015258789,77.27999877929688,292488.0
2022-12-15,1801.0,1801.0,1774.800048828125,1777.199951171875,421.0,82.50800323486328,83.03589630126953,82.41410064697266,82.50800323486328,0.0,18614.400390625,18652.900390625,18387.69921875,18414.900390625,183100.0,77.37000274658203,77.7699966430664,75.33000183105469,76.11000061035156,224663.0
2022-12-16,1777.9000244140625,1791.4000244140625,1777.9000244140625,1790.0,206.0,82.85790252685547,83.0,82.59149932861328,82.85790252685547,0.0,18319.099609375,18440.94921875,18255.150390625,18269.0,277700.0,76.37000274658203,76.56999969482422,73.33000183105469,74.29000091552734,99205.0
2022-12-19,1791.5999755859375,1796.300048828125,1785.5999755859375,1787.699951171875,79.0,82.72599792480469,82.91850280761719,82.55799865722656,82.72599792480469,0.0,18288.099609375,18431.650390625,18244.55078125,18420.44921875,154800.0,74.5,76.41000366210938,73.80999755859375,75.19000244140625,69348.0
2022-12-20,1786.5,1821.4000244140625,1786.5,1815.9000244140625,51.0,82.58190155029297,82.88300323486328,82.54350280761719,82.58190155029297,0.0,18340.30078125,18404.900390625,18202.650390625,18385.30078125,169000.0,75.69999694824219,76.75,74.30999755859375,76.08999633789062,254792.0
2022-12-21,1817.4000244140625,1821.4000244140625,1814.4000244140625,1815.9000244140625,35.0,82.63690185546875,82.9561996459961,82.54949951171875,82.63690185546875,0.0,18435.150390625,18473.349609375,18162.75,18199.099609375,187600.0,75.98999786376953,78.61000061035156,75.80000305175781,78.29000091552734,234624.0
2022-12-22,1818.0999755859375,1818.0999755859375,1785.0,1787.0,411.0,82.87860107421875,82.98829650878906,82.64299774169922,82.87860107421875,0.0,18288.80078125,18318.75,18068.599609375,18127.349609375,195700.0,78.43000030517578,79.9000015258789,77.02999877929688,77.48999786376953,219142.0
2022-12-23,1794.300048828125,1802.800048828125,1794.0999755859375,1795.9000244140625,49.0,82.8749008178711,82.98480224609375,82.71600341796875,82.8749008178711,0.0,17977.650390625,18050.44921875,17779.5,17806.80078125,221500.0,78.18000030517578,80.33000183105469,77.9800033569336,79.55999755859375,237711.0
2022-12-27,1803.4000244140625,1826.300048828125,1803.4000244140625,1814.800048828125,69.0,82.90290069580078,82.91290283203125,82.62999725341797,82.90290069580078,0.0,18089.80078125,18149.25,17967.44921875,18132.30078125,214300.0,79.9000015258789,81.18000030517578,79.16000366210938,79.52999877929688,199601.0
2022-12-28,1803.199951171875,1807.9000244140625,1803.0999755859375,1807.9000244140625,434.0,82.7761001586914,82.91799926757812,82.69090270996094,82.7761001586914,0.0,18084.75,18173.099609375,18068.349609375,18122.5,193900.0,79.88999938964844,79.91999816894531,77.30000305175781,78.95999908447266,207717.0
2022-12-29,1805.800048828125,1819.5,1805.800048828125,1819.5,277.0,82.85199737548828,82.90119934082031,82.74099731445312,82.85199737548828,0.0,18045.69921875,18229.69921875,17992.80078125,18191.0,281100.0,78.81999969482422,78.81999969482422,76.79000091552734,78.4000015258789,199858.0
2022-12-30,1817.0,1822.300048828125,1816.800048828125,1819.699951171875,95.0,82.83509826660156,82.8364028930664,82.55470275878906,82.83509826660156,0.0,18259.099609375,18265.25,18080.30078125,18105.30078125,192000.0,78.7300033569336,80.66999816894531,77.70999908447266,80.26000213623047,205909.0
2023-01-03,1836.199951171875,1839.699951171875,1836.199951171875,1839.699951171875,29.0,82.70600128173828,83.03099822998047,82.60099792480469,82.70600128173828,0.0,18163.19921875,18251.94921875,18149.80078125,18232.55078125,208700.0,80.56999969482422,81.5,76.5999984741211,76.93000030517578,338520.0
2023-01-04,1845.5999755859375,1859.0999755859375,1845.5999755859375,1852.800048828125,25.0,82.78569793701172,83.00330352783203,82.69599914550781,82.78569793701172,0.0,18230.650390625,18243.0,18020.599609375,18042.94921875,235200.0,77.25,77.41999816894531,72.7300033569336,72.83999633789062,352434.0
2023-01-05,1855.199951171875,1855.199951171875,1834.800048828125,1834.800048828125,24.0,82.66649627685547,82.79499816894531,82.42880249023438,82.66649627685547,0.0,18101.94921875,18120.30078125,17892.599609375,17992.150390625,269900.0,73.25,74.91999816894531,72.45999908447266,73.66999816894531,300731.0
2023-01-06,1838.4000244140625,1868.199951171875,1835.300048828125,1864.199951171875,26.0,82.64520263671875,82.77629852294922,82.28109741210938,82.64520263671875,0.0,18008.05078125,18047.400390625,17795.55078125,17859.44921875,238200.0,73.97000122070312,75.47000122070312,73.23999786376953,73.7699966430664,258128.0
2023-01-09,1867.0,1880.0,1867.0,1872.699951171875,62.0,82.27339935302734,82.43150329589844,82.05500030517578,82.27339935302734,0.0,17952.55078125,18141.400390625,17936.150390625,18101.19921875,257200.0,73.47000122070312,76.73999786376953,73.47000122070312,74.62999725341797,329290.0
2023-01-10,1877.800048828125,1878.0999755859375,1871.5999755859375,1871.5999755859375,101.0,82.18009948730469,82.5291976928711,81.58450317382812,82.18009948730469,0.0,18121.30078125,18127.599609375,17856.0,17914.150390625,283300.0,74.86000061035156,75.91999816894531,73.83999633789062,75.12000274658203,307430.0
2023-01-11,1873.0999755859375,1877.800048828125,1873.0999755859375,1874.5999755859375,1236.0,81.63739776611328,81.81629943847656,81.49859619140625,81.63739776611328,0.0,17924.25,17976.349609375,17824.349609375,17895.69921875,259900.0,74.77999877929688,77.83999633789062,74.30999755859375,77.41000366210938,350891.0
2023-01-12,1877.199951171875,1897.4000244140625,1877.199951171875,1895.5,59.0,81.63179779052734,81.73799896240234,81.189697265625,81.63179779052734,0.0,17920.849609375,17945.80078125,17761.650390625,17858.19921875,227800.0,77.69999694824219,79.16000366210938,77.0999984741211,78.38999938964844,307705.0
2023-01-13,1899.0,1920.9000244140625,1898.300048828125,1918.4000244140625,512.0,81.1156005859375,81.52410125732422,81.09249877929688,81.1156005859375,0.0,17867.5,17999.349609375,17774.25,17956.599609375,256700.0,78.31999969482422,80.11000061035156,77.97000122070312,79.86000061035156,283539.0
2023-01-17,1920.0999755859375,1920.0999755859375,1905.199951171875,1907.199951171875,706.0,81.65260314941406,81.8740005493164,81.54199981689453,81.65260314941406,0.0,17922.80078125,18072.05078125,17886.94921875,18053.30078125,219100.0,80.0999984741211,81.2300033569336,78.52999877929688,80.18000030517578,312275.0
2023-01-18,1911.0999755859375,1911.0999755859375,1903.0999755859375,1904.4000244140625,1027.0,81.52549743652344,81.81700134277344,81.15550231933594,81.52549743652344,0.0,18074.30078125,18183.75,18032.44921875,18165.349609375,255800.0,80.97000122070312,82.37999725341797,78.94000244140625,79.4800033569336,92549.0
2023-01-19,1922.0999755859375,1931.800048828125,1922.0999755859375,1922.0999755859375,371.0,81.43599700927734,81.5593032836914,81.22579956054688,81.43599700927734,0.0,18119.80078125,18155.19921875,18063.75,18107.849609375,237800.0,79.13999938964844,81.18000030517578,78.12999725341797,80.33000183105469,58863.0
2023-01-20,1922.0999755859375,1928.5,1921.4000244140625,1926.4000244140625,1346.0,81.23979949951172,81.36229705810547,80.97270202636719,81.23979949951172,0.0,18115.599609375,18145.44921875,18016.19921875,18027.650390625,237200.0,80.5999984741211,81.63999938964844,79.69000244140625,81.30999755859375,300145.0
2023-01-23,1926.5,1927.0999755859375,1915.0,1927.0999755859375,218.0,80.97599792480469,81.489501953125,80.87850189208984,80.97599792480469,0.0,18118.44921875,18162.599609375,18063.44921875,18118.55078125,202500.0,81.79000091552734,82.63999938964844,81.05000305175781,81.62000274658203,297076.0
2023-01-24,1931.800048828125,1936.800048828125,1931.800048828125,1933.9000244140625,201.0,81.48799896240234,81.73829650878906,81.37750244140625,81.48799896240234,0.0,18183.94921875,18201.25,18078.650390625,18118.30078125,216900.0,81.62000274658203,82.22000122070312,79.66000366210938,80.12999725341797,288207.0
2023-01-25,1941.199951171875,1941.199951171875,1939.800048828125,1941.199951171875,7.0,81.60189819335938,81.76599884033203,81.47019958496094,81.60189819335938,0.0,18093.349609375,18100.599609375,17846.150390625,17891.94921875,257200.0,80.26000213623047,81.2300033569336,79.44999694824219,80.1500015258789,297234.0
2023-01-27,1928.5999755859375,1928.5999755859375,1928.5999755859375,1928.5999755859375,150902.0,81.44509887695312,81.66840362548828,81.42350006103516,81.44509887695312,0.0,17877.19921875,17884.75,17493.55078125,17604.349609375,476300.0,81.22000122070312,82.4800033569336,79.04000091552734,79.68000030517578,367588.0
2023-01-30,1928.300048828125,1933.5999755859375,1920.300048828125,1922.9000244140625,27220.0,81.50800323486328,81.7177963256836,81.46399688720703,81.50800323486328,0.0,17541.94921875,17709.150390625,17405.55078125,17648.94921875,432400.0,80.04000091552734,80.48999786376953,77.66000366210938,77.9000015258789,327426.0
2023-01-31,1923.0,1930.4000244140625,1900.5999755859375,1929.5,1910.0,81.57990264892578,82.05909729003906,81.53700256347656,81.57990264892578,0.0,17731.44921875,17735.69921875,17537.55078125,17662.150390625,398300.0,77.91000366210938,79.25,76.55000305175781,78.87000274658203,312734.0
2023-02-01,1927.199951171875,1955.0,1922.0,1927.800048828125,2290.0,81.76840209960938,82.00800323486328,81.67030334472656,81.76840209960938,0.0,17811.599609375,17972.19921875,17353.400390625,17616.30078125,512900.0,79.05999755859375,79.7300033569336,76.05000305175781,76.41000366210938,360859.0
2023-02-02,1952.300048828125,1959.0999755859375,1911.300048828125,1916.300048828125,748.0,81.71029663085938,82.268798828125,81.63300323486328,81.71029663085938,0.0,17517.099609375,17653.900390625,17445.94921875,17610.400390625,490100.0,76.79000091552734,77.23999786376953,74.97000122070312,75.87999725341797,339755.0
2023-02-03,1912.4000244140625,1917.0,1861.5,1862.9000244140625,992.0,82.0458984375,82.31600189208984,81.78009796142578,82.0458984375,0.0,17721.75,17870.30078125,17584.19921875,17854.05078125,424100.0,75.91999816894531,78.0,73.0999984741211,73.38999938964844,413414.0
2023-02-06,1865.5999755859375,1880.0,1863.4000244140625,1866.199951171875,424.0,82.22599792480469,82.84420013427734,82.2332992553711,82.22599792480469,0.0,17818.55078125,17823.69921875,17698.349609375,17764.599609375,282500.0,73.2300033569336,74.51000213623047,72.25,74.11000061035156,380028.0
2023-02-07,1870.0,1875.699951171875,1868.0,1871.699951171875,297.0,82.75499725341797,82.90129852294922,82.61150360107422,82.75499725341797,0.0,17790.099609375,17811.150390625,17652.55078125,17721.5,354400.0,74.56999969482422,77.5999984741211,74.3499984741211,77.13999938964844,408279.0
2023-02-08,1872.0999755859375,1880.4000244140625,1872.0999755859375,1877.4000244140625,230.0,82.74189758300781,82.88179779052734,82.48699951171875,82.74189758300781,0.0,17750.30078125,17898.69921875,17744.150390625,17871.69921875,291000.0,77.48999786376953,78.56999969482422,77.08000183105469,78.47000122070312,353468.0
2023-02-09,1875.300048828125,1884.5999755859375,1859.800048828125,1866.199951171875,223.0,82.65950012207031,82.6792984008789,82.4093017578125,82.65950012207031,0.0,17885.5,17916.900390625,17779.80078125,17893.44921875,260900.0,78.44999694824219,78.83999633789062,76.5199966430664,78.05999755859375,324156.0
2023-02-10,1861.5999755859375,1863.5,1852.4000244140625,1862.800048828125,27.0,82.533203125,82.65730285644531,82.34100341796875,82.533203125,0.0,17847.55078125,17876.94921875,17801.0,17856.5,232000.0,77.68000030517578,80.33000183105469,77.47000122070312,79.72000122070312,356062.0
2023-02-13,1859.0,1861.0,1850.0,1851.9000244140625,569.0,82.51300048828125,82.7686996459961,82.49469757080078,82.51300048828125,0.0,17859.099609375,17880.69921875,17719.75,17770.900390625,231300.0,79.94000244140625,80.62000274658203,78.44999694824219,80.13999938964844,301299.0
2023-02-14,1854.0999755859375,1862.0,1846.199951171875,1854.0,656.0,82.59739685058594,83.0165023803711,82.5719985961914,82.59739685058594,0.0,17840.349609375,17954.55078125,17800.05078125,17929.849609375,244500.0,79.05999755859375,79.61000061035156,77.45999908447266,79.05999755859375,299938.0
2023-02-15,1842.0,1842.0,1828.199951171875,1834.199951171875,368.0,82.86759948730469,82.98600006103516,82.7594985961914,82.86759948730469,0.0,17896.599609375,18034.099609375,17853.80078125,18015.849609375,229300.0,78.83000183105469,79.1500015258789,77.25,78.58999633789062,264486.0
2023-02-16,1838.5999755859375,1843.699951171875,1827.199951171875,1842.0,222.0,82.73770141601562,82.91230010986328,82.58799743652344,82.73770141601562,0.0,18094.75,18134.75,18000.650390625,18035.849609375,230200.0,78.54000091552734,79.54000091552734,77.91999816894531,78.48999786376953,117600.0
2023-02-17,1827.4000244140625,1842.199951171875,1818.4000244140625,1840.4000244140625,35.0,82.69529724121094,82.8594970703125,82.69529724121094,82.69529724121094,0.0,17974.849609375,18034.25,17884.599609375,17944.19921875,208100.0,78.06999969482422,78.25,75.05999755859375,76.33999633789062,93267.0
2023-02-21,1842.5999755859375,1843.0,1833.0,1833.0,862.0,82.69750213623047,82.88990020751953,82.6729965209961,82.69750213623047,0.0,17905.80078125,17924.900390625,17800.30078125,17826.69921875,198200.0,76.52999877929688,77.51000213623047,75.69000244140625,76.16000366210938,402351.0
2023-02-22,1835.699951171875,1836.199951171875,1825.0999755859375,1832.0,278.0,82.86119842529297,82.99530029296875,82.77950286865234,82.86119842529297,0.0,17755.349609375,17772.5,17529.44921875,17554.30078125,204000.0,76.11000061035156,76.55000305175781,73.80000305175781,73.94999694824219,332018.0
2023-02-23,1826.4000244140625,1827.5,1818.0,1818.0,291.0,82.83529663085938,82.90299987792969,82.56300354003906,82.83529663085938,0.0,17574.650390625,17620.05078125,17455.400390625,17511.25,240800.0,73.91999816894531,75.98999786376953,73.83000183105469,75.38999938964844,333838.0
2023-02-24,1808.800048828125,1808.800048828125,1808.800048828125,1808.800048828125,404.0,82.6178970336914,83.00520324707031,82.6094970703125,82.6178970336914,0.0,17591.349609375,17599.75,17421.80078125,17465.80078125,209400.0,75.5999984741211,76.62999725341797,74.08999633789062,76.31999969482422,329254.0
2023-02-27,1811.5999755859375,1817.5,1808.9000244140625,1817.0,829.0,82.91799926757812,83.0802993774414,82.62799835205078,82.91799926757812,0.0,17428.599609375,17451.599609375,17299.0,17392.69921875,246400.0,76.41999816894531,76.81999969482422,74.98999786376953,75.68000030517578,266091.0
2023-02-28,1808.0999755859375,1830.0,1808.0999755859375,1828.9000244140625,618.0,82.6520004272461,82.75050354003906,82.55999755859375,82.6520004272461,0.0,17383.25,17440.44921875,17255.19921875,17303.94921875,420900.0,75.76000213623047,77.83000183105469,75.55000305175781,77.05000305175781,300093.0
2023-03-01,1827.0999755859375,1841.699951171875,1827.0999755859375,1837.699951171875,211.0,82.6353988647461,82.87830352783203,82.37799835205078,82.6353988647461,0.0,17360.099609375,17467.75,17345.25,17450.900390625,272900.0,76.8499984741211,77.8499984741211,76.12000274658203,77.69000244140625,342121.0
2023-03-02,1830.0,1836.300048828125,1830.0,1833.5,154.0,82.4198989868164,82.65779876708984,82.3021011352539,82.4198989868164,0.0,17421.5,17445.80078125,17306.0,17321.900390625,310700.0,77.73999786376953,78.58999633789062,77.2300033569336,78.16000366210938,260331.0
2023-03-03,1837.300048828125,1855.4000244140625,1837.300048828125,1847.699951171875,61.0,82.35569763183594,82.581298828125,81.70390319824219,82.35569763183594,0.0,17451.25,17644.75,17427.69921875,17594.349609375,356200.0,77.88999938964844,79.9000015258789,75.83000183105469,79.68000030517578,374201.0
2023-03-06,1853.300048828125,1853.800048828125,1844.199951171875,1847.9000244140625,5.0,81.7125015258789,81.97029876708984,81.61900329589844,81.7125015258789,0.0,17680.349609375,17799.94921875,17671.94921875,17711.44921875,362800.0,79.91999816894531,80.62999725341797,78.31999969482422,80.45999908447266,292351.0
2023-03-08,1811.5999755859375,1812.9000244140625,1811.5,1812.699951171875,75.0,82.07460021972656,82.28130340576172,81.86710357666016,82.07460021972656,0.0,17665.75,17766.5,17602.25,17754.400390625,267000.0,77.31999969482422,77.7300033569336,76.11000061035156,76.66000366210938,335930.0
2023-03-09,1816.4000244140625,1829.300048828125,1815.5999755859375,1829.300048828125,332.0,81.9645004272461,82.0864028930664,81.78299713134766,81.9645004272461,0.0,17772.05078125,17772.349609375,17573.599609375,17589.599609375,262400.0,76.5,78.05999755859375,75.43000030517578,75.72000122070312,349960.0
2023-03-10,1852.300048828125,1868.5,1852.0,1862.0,248.0,82.01840209960938,82.22779846191406,81.84239959716797,82.01840209960938,0.0,17443.80078125,17451.5,17324.349609375,17412.900390625,235900.0,75.6500015258789,77.11000061035156,74.7699966430664,76.68000030517578,371834.0
2023-03-13,1890.800048828125,1913.0999755859375,1875.0999755859375,1911.699951171875,503.0,81.95800018310547,82.30860137939453,81.6272964477539,81.95800018310547,0.0,17421.900390625,17529.900390625,17113.44921875,17154.30078125,254900.0,76.5999984741211,77.47000122070312,72.30000305175781,74.80000305175781,457423.0
2023-03-14,1912.199951171875,1912.199951171875,1901.0999755859375,1906.199951171875,107.0,82.41739654541016,82.66950225830078,82.23249816894531,82.41739654541016,0.0,17160.55078125,17224.650390625,16987.099609375,17043.30078125,290600.0,74.69999694824219,74.9000015258789,70.77999877929688,71.33000183105469,432858.0
2023-03-15,1903.9000244140625,1926.5999755859375,1898.5,1926.5999755859375,564.0,82.30490112304688,83.01249694824219,82.18550109863281,82.30490112304688,0.0,17166.44921875,17211.349609375,16938.900390625,16972.150390625,248200.0,71.55999755859375,72.55999755859375,65.6500015258789,67.61000061035156,555164.0
2023-03-16,1909.9000244140625,1931.699951171875,1909.9000244140625,1919.0,394.0,82.7156982421875,82.99199676513672,82.58670043945312,82.7156982421875,0.0,16994.650390625,17062.44921875,16850.150390625,16985.599609375,349800.0,68.22000122070312,69.37999725341797,65.70999908447266,68.3499984741211,327120.0
2023-03-17,1946.0,1985.0999755859375,1946.0,1969.800048828125,82.0,82.622802734375,82.8677978515625,82.42050170898438,82.622802734375,0.0,17111.80078125,17145.80078125,16958.150390625,17100.05078125,408100.0,68.26000213623047,69.63999938964844,65.16999816894531,66.73999786376953,152255.0
2023-03-20,1988.300048828125,2003.9000244140625,1968.9000244140625,1979.199951171875,389.0,82.53299713134766,82.72429656982422,82.43900299072266,82.53299713134766,0.0,17066.599609375,17066.599609375,16828.349609375,16988.400390625,241800.0,66.62000274658203,67.69999694824219,64.12000274658203,67.63999938964844,76873.0
2023-03-21,1973.800048828125,1973.800048828125,1938.0,1938.0,47.0,82.52909851074219,82.76429748535156,82.4905014038086,82.52909851074219,0.0,17060.400390625,17127.69921875,17016.0,17107.5,246700.0,67.62000274658203,69.5999984741211,66.7699966430664,69.33000183105469,409495.0
2023-03-22,1946.800048828125,1974.0,1946.800048828125,1946.800048828125,50.0,82.677001953125,82.8823013305664,82.53299713134766,82.677001953125,0.0,17177.44921875,17207.25,17107.849609375,17151.900390625,0.0,69.4800033569336,71.30999755859375,68.88999938964844,70.9000015258789,337639.0
2023-03-23,1990.5,1994.5999755859375,1990.5,1993.800048828125,33.0,82.52580261230469,82.529296875,82.0470962524414,82.52580261230469,0.0,17097.400390625,17205.400390625,17045.30078125,17076.900390625,219200.0,69.94999694824219,71.66999816894531,69.13999938964844,69.95999908447266,335241.0
2023-03-24,1991.699951171875,1995.4000244140625,1982.0999755859375,1982.0999755859375,19.0,82.26529693603516,82.51300048828125,82.18099975585938,82.26529693603516,0.0,17076.19921875,17109.44921875,16917.349609375,16945.05078125,228000.0,69.51000213623047,70.37999725341797,66.81999969482422,69.26000213623047,380852.0
2023-03-27,1957.199951171875,1957.199951171875,1952.4000244140625,1952.4000244140625,877.0,82.33879852294922,82.42829895019531,82.2406005859375,82.33879852294922,0.0,16984.30078125,17091.0,16918.55078125,16985.69921875,218400.0,69.41999816894531,73.0999984741211,69.12999725341797,72.80999755859375,353598.0
2023-03-28,1972.4000244140625,1972.4000244140625,1972.4000244140625,1972.4000244140625,21.0,82.21489715576172,82.37329864501953,82.07949829101562,82.21489715576172,0.0,17031.75,17061.75,16913.75,16951.69921875,238800.0,72.86000061035156,73.93000030517578,72.19000244140625,73.19999694824219,328472.0
2023-03-29,1966.0999755859375,1966.0999755859375,1966.0999755859375,1966.0999755859375,88563.0,82.16429901123047,82.36499786376953,82.14600372314453,82.16429901123047,0.0,16977.30078125,17126.150390625,16940.599609375,17080.69921875,345900.0,73.61000061035156,74.37000274658203,72.76000213623047,72.97000122070312,312669.0
2023-03-31,1981.300048828125,1986.800048828125,1968.0,1969.0,957.0,82.10050201416016,82.31189727783203,82.02950286865234,82.10050201416016,0.0,17210.349609375,17381.599609375,17204.650390625,17359.75,263900.0,74.37000274658203,75.72000122070312,73.7699966430664,75.66999816894531,304361.0
2023-04-03,1968.0999755859375,1991.699951171875,1950.0,1983.9000244140625,737.0,82.18479919433594,82.4854965209961,82.18489837646484,82.18479919433594,0.0,17427.94921875,17428.05078125,17312.75,17398.05078125,230200.0,80.0999984741211,81.69000244140625,79.0,80.41999816894531,547126.0
2023-04-05,2022.0999755859375,2033.800048828125,2013.5999755859375,2020.9000244140625,525.0,82.11479949951172,82.24330139160156,81.83599853515625,82.11479949951172,0.0,17422.30078125,17570.55078125,17402.69921875,17557.05078125,248300.0,81.01000213623047,81.23999786376953,79.72000122070312,80.61000061035156,254974.0
2023-04-06,2022.199951171875,2023.300048828125,2005.0,2011.9000244140625,0.0,81.94999694824219,82.12030029296875,81.81220245361328,81.94999694824219,0.0,17533.849609375,17638.69921875,17502.849609375,17599.150390625,242700.0,80.37000274658203,80.95999908447266,79.6500015258789,80.69999694824219,0.0
2023-04-10,2000.0,2006.5999755859375,1984.0,1989.0999755859375,652.0,81.88480377197266,82.03790283203125,81.76100158691406,81.88480377197266,0.0,17634.900390625,17694.099609375,17597.94921875,17624.05078125,254800.0,80.5,81.22000122070312,79.61000061035156,79.73999786376953,264906.0
2023-04-11,1991.4000244140625,2006.5,1991.4000244140625,2004.800048828125,68.0,81.98390197753906,82.1458969116211,81.91600036621094,81.98390197753906,0.0,17704.80078125,17748.75,17655.150390625,17722.30078125,304300.0,79.87999725341797,81.58999633789062,79.37000274658203,81.52999877929688,309683.0
2023-04-12,2005.199951171875,2025.699951171875,2005.199951171875,2010.9000244140625,172.0,82.07009887695312,82.12560272216797,81.93949890136719,82.07009887695312,0.0,17759.55078125,17825.75,17717.25,17812.400390625,232800.0,81.44000244140625,83.52999877929688,81.27999877929688,83.26000213623047,356133.0
2023-04-13,2015.5999755859375,2048.60009765625,2015.5999755859375,2041.300048828125,1043.0,81.96060180664062,82.09500122070312,81.63089752197266,81.96060180664062,0.0,17807.30078125,17842.150390625,17729.650390625,17828.0,285800.0,83.22000122070312,83.44000244140625,82.11000061035156,82.16000366210938,261230.0
2023-04-17,2002.699951171875,2007.5999755859375,1983.199951171875,1994.199951171875,554.0,81.84480285644531,82.08480072021484,81.84480285644531,81.84480285644531,0.0,17863.0,17863.0,17574.05078125,17706.849609375,357400.0,82.4800033569336,82.70999908447266,80.47000122070312,80.83000183105469,217048.0
2023-04-18,1996.9000244140625,2007.4000244140625,1996.9000244140625,2007.4000244140625,72.0,82.00370025634766,82.09709930419922,81.94149780273438,82.00370025634766,0.0,17766.599609375,17766.599609375,17610.19921875,17660.150390625,258900.0,81.0,81.4800033569336,79.87000274658203,80.86000061035156,96290.0
2023-04-19,2005.699951171875,2006.4000244140625,1969.800048828125,1995.199951171875,61.0,82.10790252685547,82.27649688720703,82.04049682617188,82.10790252685547,0.0,17653.349609375,17666.150390625,17579.849609375,17618.75,281500.0,80.91999816894531,81.18000030517578,78.45999908447266,79.16000366210938,78310.0
2023-04-20,1998.0,2007.5999755859375,1998.0,2007.5999755859375,164.0,82.34010314941406,82.37550354003906,82.04889678955078,82.34010314941406,0.0,17638.599609375,17684.44921875,17584.349609375,17624.44921875,215100.0,78.87000274658203,78.88999938964844,76.97000122070312,77.29000091552734,361413.0
2023-04-21,1996.199951171875,1996.199951171875,1974.0999755859375,1979.5,132.0,82.14089965820312,82.28980255126953,82.00150299072266,82.14089965820312,0.0,17639.75,17663.19921875,17553.94921875,17624.05078125,230200.0,77.12999725341797,78.38999938964844,76.72000122070312,77.87000274658203,291114.0
2023-04-24,1981.300048828125,1989.800048828125,1977.4000244140625,1989.0999755859375,145.0,82.05480194091797,82.15489959716797,81.86000061035156,82.05480194091797,0.0,17707.55078125,17754.5,17612.5,17743.400390625,255700.0,77.97000122070312,79.18000030517578,76.72000122070312,78.76000213623047,306720.0
2023-04-25,1995.699951171875,1999.0999755859375,1982.300048828125,1994.0,306.0,81.85230255126953,82.018798828125,81.85130310058594,81.85230255126953,0.0,17761.55078125,17807.44921875,17716.849609375,17769.25,297400.0,78.73999786376953,79.06999969482422,76.5,77.06999969482422,361646.0
2023-04-26,1997.800048828125,1998.800048828125,1985.5999755859375,1985.699951171875,615.0,81.9916000366211,82.09200286865234,81.68150329589844,81.9916000366211,0.0,17767.30078125,17827.75,17711.19921875,17813.599609375,233000.0,77.08000183105469,77.93000030517578,74.05000305175781,74.30000305175781,497778.0
2023-04-27,1990.5999755859375,2002.300048828125,1979.9000244140625,1989.9000244140625,355.0,81.76689910888672,81.85099792480469,81.60399627685547,81.76689910888672,0.0,17813.099609375,17931.599609375,17797.900390625,17915.05078125,241400.0,74.37999725341797,75.27999877929688,74.02999877929688,74.76000213623047,345880.0
2023-04-28,1986.9000244140625,1990.0999755859375,1977.699951171875,1990.0999755859375,152.0,81.76509857177734,81.86109924316406,81.69100189208984,81.76509857177734,0.0,17950.400390625,18089.150390625,17885.30078125,18065.0,290300.0,74.91000366210938,76.91999816894531,73.93000030517578,76.77999877929688,328399.0
2023-05-02,1994.699951171875,2018.0,1994.699951171875,2014.300048828125,1896.0,81.77469635009766,81.95099639892578,81.71890258789062,81.77469635009766,0.0,18124.80078125,18180.25,18101.75,18147.650390625,265200.0,75.76000213623047,76.11000061035156,71.41999816894531,71.66000366210938,417820.0
2023-05-03,2017.0999755859375,2035.0999755859375,2015.199951171875,2028.5999755859375,1349.0,81.77870178222656,81.89430236816406,81.71150207519531,81.77870178222656,0.0,18113.80078125,18116.349609375,18042.400390625,18089.849609375,226200.0,71.55999755859375,71.79000091552734,67.94999694824219,68.5999984741211,490523.0
2023-05-04,2045.0,2072.0,2040.0,2048.0,930.0,81.77999877929688,81.88379669189453,81.61699676513672,81.77999877929688,0.0,18081.0,18267.44921875,18066.69921875,18255.80078125,226600.0,68.16000366210938,69.83999633789062,63.63999938964844,68.55999755859375,412495.0
2023-05-05,2046.4000244140625,2046.4000244140625,2004.300048828125,2017.4000244140625,59.0,81.71610260009766,81.81719970703125,81.64550018310547,81.71610260009766,0.0,18117.30078125,18216.94921875,18055.44921875,18069.0,239700.0,68.69999694824219,71.80999755859375,68.4800033569336,71.33999633789062,330585.0
2023-05-08,2022.5,2026.300048828125,2022.5,2026.300048828125,3.0,81.72979736328125,81.82530212402344,81.67340087890625,81.72979736328125,0.0,18120.599609375,18286.94921875,18100.30078125,18264.400390625,228400.0,71.3499984741211,73.69000244140625,71.04000091552734,73.16000366210938,290076.0
2023-05-09,2026.5999755859375,2037.300048828125,2025.9000244140625,2036.199951171875,241.0,81.78710174560547,82.14849853515625,81.7750015258789,81.78710174560547,0.0,18303.400390625,18344.19921875,18229.650390625,18265.94921875,245400.0,72.83999633789062,73.77999877929688,71.33999633789062,73.70999908447266,317493.0
2023-05-10,2032.300048828125,2044.300048828125,2029.5,2030.5,248.0,82.1050033569336,82.21279907226562,81.86599731445312,82.1050033569336,0.0,18313.599609375,18326.75,18211.94921875,18315.099609375,220500.0,73.58000183105469,73.88999938964844,71.80000305175781,72.55999755859375,351506.0
2023-05-11,2034.0999755859375,2038.300048828125,2014.0,2014.699951171875,90.0,81.9198989868164,82.17859649658203,81.78150177001953,81.9198989868164,0.0,18357.80078125,18389.69921875,18270.400390625,18297.0,248900.0,72.7699966430664,73.5,70.62999725341797,70.87000274658203,365892.0
2023-05-12,2014.5,2014.5,2014.5,2014.5,115.0,82.10030364990234,82.22560119628906,82.06500244140625,82.10030364990234,0.0,18273.75,18342.75,18194.55078125,18314.80078125,241700.0,71.41999816894531,71.77999877929688,69.93000030517578,70.04000091552734,275435.0
2023-05-15,2013.800048828125,2018.0,2013.800048828125,2018.0,3.0,82.20030212402344,82.37359619140625,82.18399810791016,82.20030212402344,0.0,18339.30078125,18458.900390625,18287.900390625,18398.849609375,216100.0,70.04000091552734,71.69000244140625,69.41000366210938,71.11000061035156,259013.0
2023-05-16,1988.4000244140625,1988.4000244140625,1988.4000244140625,1988.4000244140625,49.0,82.2667007446289,82.31449890136719,82.15799713134766,82.2667007446289,0.0,18432.349609375,18432.349609375,18264.349609375,18286.5,219500.0,71.31999969482422,71.79000091552734,70.44999694824219,70.86000061035156,232328.0
2023-05-17,1983.5999755859375,1983.5999755859375,1980.699951171875,1980.699951171875,13.0,82.2959976196289,82.44830322265625,82.25,82.2959976196289,0.0,18300.44921875,18309.0,18115.349609375,18181.75,229900.0,70.5999984741211,73.26000213623047,70.04000091552734,72.83000183105469,273708.0
2023-05-18,1956.5,1956.800048828125,1956.5,1956.5,23.0,82.45030212402344,82.79149627685547,82.34249877929688,82.45030212402344,0.0,18287.5,18297.19921875,18104.849609375,18129.94921875,272100.0,72.75,72.87000274658203,71.41999816894531,71.86000061035156,80864.0
2023-05-19,1960.0,1978.699951171875,1960.0,1978.699951171875,106.0,82.72509765625,82.94940185546875,82.63700103759766,82.72509765625,0.0,18186.150390625,18218.099609375,18060.400390625,18203.400390625,260900.0,71.94000244140625,73.4000015258789,71.02999877929688,71.55000305175781,69949.0
2023-05-22,1980.5,1980.5,1974.800048828125,1974.800048828125,8.0,82.90480041503906,82.90509796142578,82.7300033569336,82.90480041503906,0.0,18201.099609375,18335.25,18178.849609375,18314.400390625,262600.0,71.69999694824219,72.36000061035156,70.55000305175781,71.98999786376953,263977.0
2023-05-23,1972.4000244140625,1972.4000244140625,1972.4000244140625,1972.4000244140625,1.0,82.82499694824219,82.8772964477539,82.75700378417969,82.82499694824219,0.0,18362.900390625,18419.75,18324.19921875,18348.0,270400.0,72.0999984741211,73.79000091552734,71.70999908447266,72.91000366210938,317586.0
2023-05-24,1975.4000244140625,1975.4000244140625,1962.800048828125,1962.800048828125,189.0,82.8906021118164,82.94100189208984,82.57479858398438,82.8906021118164,0.0,18294.80078125,18392.599609375,18262.94921875,18285.400390625,232600.0,73.7699966430664,74.7300033569336,73.12999725341797,74.33999633789062,386611.0
2023-05-25,1943.0999755859375,1943.0999755859375,1943.0999755859375,1943.0999755859375,1.0,82.71369934082031,82.80970001220703,82.6405029296875,82.71369934082031,0.0,18268.900390625,18338.099609375,18202.400390625,18321.150390625,235900.0,74.20999908447266,74.37000274658203,70.9800033569336,71.83000183105469,422637.0
2023-05-26,1948.199951171875,1948.4000244140625,1944.0999755859375,1944.0999755859375,166036.0,82.74210357666016,82.80999755859375,82.53369903564453,82.74210357666016,0.0,18368.349609375,18508.55078125,18333.150390625,18499.349609375,198700.0,71.88999938964844,73.05000305175781,71.48999786376953,72.66999816894531,261498.0
2023-05-30,1942.699951171875,1962.5999755859375,1931.0,1958.0,37838.0,82.57969665527344,82.78450012207031,82.52999877929688,82.57969665527344,0.0,18606.650390625,18662.44921875,18575.5,18633.849609375,234400.0,73.2300033569336,73.55000305175781,69.0199966430664,69.45999908447266,440862.0
2023-05-31,1958.199951171875,1973.0,1953.0,1963.9000244140625,5959.0,82.68389892578125,82.75260162353516,82.62010192871094,82.68389892578125,0.0,18594.19921875,18603.900390625,18483.849609375,18534.400390625,696500.0,69.62000274658203,69.69000244140625,67.02999877929688,68.08999633789062,444787.0
2023-06-01,1963.199951171875,1983.0,1954.300048828125,1978.0,750.0,82.66680145263672,82.71199798583984,82.31449890136719,82.66680145263672,0.0,18579.400390625,18580.30078125,18464.55078125,18487.75,265600.0,67.5999984741211,71.06999969482422,67.51000213623047,70.0999984741211,395393.0
2023-06-02,1977.0999755859375,1982.5,1947.4000244140625,1952.4000244140625,356.0,82.27670288085938,82.43180084228516,82.2344970703125,82.27670288085938,0.0,18550.849609375,18573.69921875,18478.400390625,18534.099609375,270900.0,70.20999908447266,72.16999816894531,70.0,71.73999786376953,322596.0
2023-06-05,1947.5,1961.9000244140625,1937.800048828125,1958.0,713.0,82.40979766845703,82.68450164794922,82.38099670410156,82.40979766845703,0.0,18612.0,18640.150390625,18582.80078125,18593.849609375,256100.0,75.02999877929688,75.05999755859375,71.7300033569336,72.1500015258789,383943.0
2023-06-06,1960.800048828125,1965.5,1958.800048828125,1965.5,164.0,82.51119995117188,82.64800262451172,82.47650146484375,82.51119995117188,0.0,18600.80078125,18622.75,18531.599609375,18599.0,220800.0,71.98999786376953,72.33000183105469,70.12999725341797,71.73999786376953,314962.0
2023-06-07,1959.0,1968.4000244140625,1940.699951171875,1942.699951171875,139.0,82.51719665527344,82.62239837646484,82.46700286865234,82.51719665527344,0.0,18665.599609375,18738.94921875,18636.0,18726.400390625,260100.0,71.55999755859375,73.19000244140625,71.01000213623047,72.52999877929688,299127.0
2023-06-08,1943.199951171875,1969.0,1943.0999755859375,1963.5999755859375,433.0,82.61810302734375,82.64679718017578,82.46900177001953,82.61810302734375,0.0,18725.349609375,18777.900390625,18615.599609375,18634.55078125,286500.0,72.47000122070312,73.27999877929688,69.02999877929688,71.29000091552734,485396.0
2023-06-09,1965.0999755859375,1969.800048828125,1960.300048828125,1962.199951171875,49.0,82.48829650878906,82.52079772949219,82.41300201416016,82.48829650878906,0.0,18655.900390625,18676.650390625,18555.400390625,18563.400390625,221800.0,70.94000244140625,71.7699966430664,70.0999984741211,70.16999816894531,300724.0
2023-06-12,1959.699951171875,1963.5,1951.4000244140625,1955.300048828125,212.0,82.4448013305664,82.5552978515625,82.3853988647461,82.4448013305664,0.0,18595.05078125,18633.599609375,18559.75,18601.5,179500.0,70.2699966430664,70.33000183105469,66.80000305175781,67.12000274658203,404769.0
2023-06-13,1960.5999755859375,1967.5,1940.300048828125,1944.5999755859375,343.0,82.33719635009766,82.49030303955078,82.1520004272461,82.33719635009766,0.0,18631.80078125,18728.900390625,18631.80078125,18716.150390625,233200.0,67.30999755859375,69.83000183105469,67.1500015258789,69.41999816894531,366354.0
2023-06-14,1946.199951171875,1958.199951171875,1940.300048828125,1955.300048828125,202.0,82.29039764404297,82.32499694824219,81.93099975585938,82.29039764404297,0.0,18744.599609375,18769.69921875,18690.0,18755.900390625,261400.0,69.3499984741211,70.48999786376953,68.06999969482422,68.2699966430664,304449.0
2023-06-15,1941.699951171875,1958.800048828125,1926.0,1957.800048828125,329.0,82.04499816894531,82.26319885253906,81.93599700927734,82.04499816894531,0.0,18774.44921875,18794.099609375,18669.05078125,18688.099609375,263000.0,68.69999694824219,70.95999908447266,67.97000122070312,70.62000274658203,115613.0
2023-06-16,1961.4000244140625,1962.9000244140625,1953.5,1958.4000244140625,119.0,81.9126968383789,82.01589965820312,81.85130310058594,81.9126968383789,0.0,18723.30078125,18864.69921875,18710.5,18826.0,272800.0,70.55000305175781,71.88999938964844,69.94999694824219,71.77999877929688,99185.0
2023-06-20,1958.5999755859375,1958.5999755859375,1931.300048828125,1935.5,193.0,81.98139953613281,82.16480255126953,81.91529846191406,81.98139953613281,0.0,18752.349609375,18839.69921875,18660.650390625,18816.69921875,211600.0,71.44999694824219,72.08999633789062,69.6500015258789,70.5,430492.0
2023-06-21,1935.5999755859375,1936.800048828125,1920.0,1933.300048828125,557.0,81.9917984008789,82.1272964477539,81.9469985961914,81.9917984008789,0.0,18849.400390625,18875.900390625,18794.849609375,18856.849609375,217500.0,70.9000015258789,72.72000122070312,70.80000305175781,72.52999877929688,264656.0
2023-06-22,1920.0,1921.0,1912.0999755859375,1912.699951171875,237.0,81.94149780273438,82.08380126953125,81.88739776611328,81.94149780273438,0.0,18853.599609375,18886.599609375,18759.5,18771.25,252700.0,72.43000030517578,72.6500015258789,68.93000030517578,69.51000213623047,421348.0
2023-06-23,1918.699951171875,1932.5,1918.699951171875,1919.0999755859375,105.0,81.91929626464844,82.07849884033203,81.92489624023438,81.91929626464844,0.0,18741.849609375,18756.400390625,18647.099609375,18665.5,210600.0,69.52999877929688,69.6500015258789,67.3499984741211,69.16000366210938,322475.0
2023-06-26,1922.9000244140625,1928.5,1922.5,1923.699951171875,71.0,81.98480224609375,82.072998046875,81.94309997558594,81.98480224609375,0.0,18682.349609375,18722.05078125,18646.69921875,18691.19921875,171300.0,69.83999633789062,70.11000061035156,68.70999908447266,69.37000274658203,280116.0
2023-06-27,1927.0,1929.4000244140625,1914.0,1914.0,49.0,82.00650024414062,82.04219818115234,81.94300079345703,82.00650024414062,0.0,18748.55078125,18829.25,18714.25,18817.400390625,222500.0,69.48999786376953,70.1500015258789,67.5,67.69999694824219,384752.0
2023-06-28,1912.300048828125,1912.300048828125,1912.300048828125,1912.300048828125,628.0,81.99839782714844,82.08550262451172,81.96109771728516,81.99839782714844,0.0,18908.150390625,19011.25,18861.349609375,18972.099609375,398800.0,68.01000213623047,69.7300033569336,67.05000305175781,69.55999755859375,368295.0
2023-06-30,1908.5999755859375,1921.0999755859375,1900.5999755859375,1921.0999755859375,445.0,82.07540130615234,82.19629669189453,82.00810241699219,82.07540130615234,0.0,19076.849609375,19201.69921875,19024.599609375,19189.05078125,247900.0,69.81999969482422,71.04000091552734,69.52999877929688,70.63999938964844,299873.0
2023-07-03,1917.9000244140625,1929.5,1917.9000244140625,1921.699951171875,41.0,82.09629821777344,82.11239624023438,81.76619720458984,82.09629821777344,0.0,19246.5,19345.099609375,19234.400390625,19322.55078125,226100.0,70.44999694824219,71.7699966430664,69.69000244140625,69.79000091552734,303479.0
2023-07-05,1923.5,1933.9000244140625,1914.699951171875,1919.5999755859375,193.0,82.0071029663086,82.34819793701172,81.97810363769531,82.0071029663086,0.0,19405.94921875,19421.599609375,19339.599609375,19398.5,224400.0,70.1500015258789,72.16999816894531,69.9000015258789,71.79000091552734,456809.0
2023-07-06,1909.300048828125,1910.199951171875,1903.199951171875,1908.699951171875,81.0,82.39409637451172,82.82379913330078,82.28350067138672,82.39409637451172,0.0,19385.69921875,19512.19921875,19373.0,19497.30078125,268300.0,71.80000305175781,72.33999633789062,70.22000122070312,71.80000305175781,395381.0
2023-07-07,1913.4000244140625,1934.0999755859375,1913.4000244140625,1926.199951171875,61.0,82.76840209960938,82.76830291748047,82.53399658203125,82.76840209960938,0.0,19422.80078125,19523.599609375,19303.599609375,19331.80078125,237100.0,71.88999938964844,73.91999816894531,71.19000244140625,73.86000061035156,362632.0
2023-07-10,1923.5999755859375,1926.0999755859375,1912.300048828125,1925.0,269.0,82.61530303955078,82.71530151367188,82.55049896240234,82.61530303955078,0.0,19400.349609375,19435.849609375,19327.099609375,19355.900390625,268200.0,73.86000061035156,74.1500015258789,72.66999816894531,72.98999786376953,301014.0
2023-07-11,1925.0,1937.0,1924.199951171875,1931.300048828125,142.0,82.52529907226562,82.63330078125,81.26689910888672,82.52529907226562,0.0,19427.099609375,19515.099609375,19406.44921875,19439.400390625,251300.0,73.19000244140625,74.95999908447266,72.9800033569336,74.83000183105469,326883.0
2023-07-12,1932.300048828125,1958.0,1932.199951171875,1956.199951171875,132.0,82.39990234375,82.46399688720703,81.97219848632812,82.39990234375,0.0,19497.44921875,19507.69921875,19361.75,19384.30078125,327900.0,74.83000183105469,76.1500015258789,74.66999816894531,75.75,352887.0
2023-07-13,1961.0999755859375,1961.0999755859375,1953.0,1959.199951171875,121.0,82.00180053710938,82.14129638671875,81.95349884033203,82.00180053710938,0.0,19495.19921875,19567.0,19385.80078125,19413.75,310400.0,75.8499984741211,77.33000183105469,75.31999969482422,76.88999938964844,379728.0
2023-07-14,1958.4000244140625,1960.5999755859375,1952.699951171875,1960.0999755859375,94.0,82.03079986572266,82.19259643554688,81.9280014038086,82.03079986572266,0.0,19493.44921875,19595.349609375,19433.5,19564.5,291200.0,77.16000366210938,77.30000305175781,75.11000061035156,75.41999816894531,299576.0
2023-07-17,1954.0,1956.5,1946.5999755859375,1952.4000244140625,29.0,82.07679748535156,82.19760131835938,81.99810028076172,82.07679748535156,0.0,19612.150390625,19731.849609375,19562.94921875,19711.44921875,268700.0,75.0199966430664,76.08999633789062,73.83999633789062,74.1500015258789,244785.0
2023-07-18,1968.800048828125,1978.4000244140625,1963.4000244140625,1977.199951171875,83.0,82.06159973144531,82.09120178222656,81.96399688720703,82.06159973144531,0.0,19787.5,19819.44921875,19690.19921875,19749.25,286400.0,74.18000030517578,75.95999908447266,73.87999725341797,75.75,125092.0
2023-07-19,1977.0,1977.5,1973.0,1977.5,35.0,82.07540130615234,82.14710235595703,82.027099609375,82.07540130615234,0.0,19802.94921875,19851.69921875,19727.44921875,19833.150390625,259700.0,75.83999633789062,76.97000122070312,75.06999969482422,75.3499984741211,92920.0
2023-07-20,1973.699951171875,1973.699951171875,1965.5999755859375,1968.300048828125,638.0,82.06169891357422,82.07879638671875,81.91410064697266,82.06169891357422,0.0,19831.69921875,19991.849609375,19758.400390625,19979.150390625,274700.0,75.3499984741211,76.1500015258789,74.72000122070312,75.62999725341797,340962.0
2023-07-21,1961.800048828125,1964.300048828125,1961.800048828125,1964.300048828125,50.0,82.0823974609375,82.09929656982422,81.93599700927734,82.0823974609375,0.0,19800.44921875,19887.400390625,19700.0,19745.0,312500.0,75.69999694824219,77.29000091552734,75.69000244140625,77.06999969482422,308106.0
2023-07-24,1965.300048828125,1965.5,1960.300048828125,1960.300048828125,2.0,81.99030303955078,82.04090118408203,81.79399871826172,81.99030303955078,0.0,19748.44921875,19782.75,19658.30078125,19672.349609375,265600.0,77.01000213623047,79.27999877929688,76.44000244140625,78.73999786376953,368285.0
2023-07-25,1953.0,1962.5,1953.0,1962.0999755859375,19.0,81.81420135498047,81.90769958496094,81.66300201416016,81.81420135498047,0.0,19729.349609375,19729.349609375,19615.94921875,19680.599609375,369700.0,78.8499984741211,79.9000015258789,78.29000091552734,79.62999725341797,349600.0
2023-07-26,1966.199951171875,1972.0,1966.199951171875,1968.9000244140625,51.0,81.95010375976562,82.07039642333984,81.83000183105469,81.95010375976562,0.0,19733.349609375,19825.599609375,19716.69921875,19778.30078125,244700.0,79.33999633789062,79.7699966430664,78.55000305175781,78.77999877929688,322031.0
2023-07-27,1945.4000244140625,1945.4000244140625,1945.4000244140625,1945.4000244140625,194253.0,81.97550201416016,82.23090362548828,81.88300323486328,81.97550201416016,0.0,19850.900390625,19867.55078125,19603.55078125,19659.900390625,334900.0,78.9000015258789,80.5999984741211,78.87000274658203,80.08999633789062,374358.0
2023-07-28,1945.5,1962.199951171875,1944.199951171875,1960.4000244140625,23155.0,82.3749008178711,82.3750991821289,82.15399932861328,82.3749008178711,0.0,19659.75,19695.900390625,19563.099609375,19646.05078125,258700.0,79.83999633789062,80.70999908447266,79.06999969482422,80.58000183105469,299547.0
2023-07-31,1959.199951171875,1971.5999755859375,1950.0,1970.5,1025.0,82.25279998779297,82.36599731445312,82.11799621582031,82.25279998779297,0.0,19666.349609375,19772.75,19597.599609375,19753.80078125,295100.0,80.6500015258789,82.0,80.12999725341797,81.80000305175781,297270.0
2023-08-01,1964.9000244140625,1965.4000244140625,1940.699951171875,1940.699951171875,688.0,82.2332992553711,82.34539794921875,82.22200012207031,82.2332992553711,0.0,19784.0,19795.599609375,19704.599609375,19733.55078125,298000.0,81.7300033569336,82.22000122070312,80.58999633789062,81.37000274658203,307859.0
2023-08-02,1948.4000244140625,1953.5999755859375,1933.199951171875,1937.4000244140625,652.0,82.30729675292969,82.8093032836914,82.29000091552734,82.30729675292969,0.0,19655.400390625,19678.25,19423.55078125,19526.55078125,290700.0,82.05000305175781,82.43000030517578,79.05000305175781,79.48999786376953,414825.0
2023-08-03,1934.199951171875,1936.5,1928.0,1932.0,773.0,82.7332992553711,82.85569763183594,82.66300201416016,82.7332992553711,0.0,19463.75,19537.650390625,19296.44921875,19381.650390625,315700.0,79.7699966430664,81.86000061035156,78.69000244140625,81.55000305175781,402641.0
2023-08-04,1934.9000244140625,1945.0,1920.0,1939.5999755859375,290.0,82.7843017578125,82.88899993896484,82.67050170898438,82.7843017578125,0.0,19462.80078125,19538.849609375,19436.44921875,19517.0,280800.0,81.7300033569336,83.23999786376953,81.51000213623047,82.81999969482422,320873.0
2023-08-07,1941.0,1941.0,1929.800048828125,1933.5,376.0,82.69529724121094,82.82479858398438,82.65709686279297,82.69529724121094,0.0,19576.849609375,19620.44921875,19524.80078125,19597.30078125,216600.0,82.81999969482422,83.30000305175781,81.5199966430664,81.94000244140625,293036.0
2023-08-08,1931.699951171875,1933.199951171875,1923.0,1924.0999755859375,555.0,82.74829864501953,82.98429870605469,82.71829986572266,82.74829864501953,0.0,19627.19921875,19634.400390625,19533.099609375,19570.849609375,260300.0,82.52999877929688,83.08000183105469,79.9000015258789,82.91999816894531,424545.0
2023-08-09,1925.4000244140625,1928.800048828125,1913.699951171875,1915.4000244140625,451.0,82.84500122070312,83.1063003540039,82.78610229492188,82.84500122070312,0.0,19578.80078125,19645.5,19467.5,19632.55078125,266500.0,82.87999725341797,84.6500015258789,82.66999816894531,84.4000015258789,478140.0
2023-08-10,1921.0999755859375,1927.800048828125,1911.4000244140625,1914.4000244140625,178.0,82.86630249023438,82.86730194091797,82.58409881591797,82.86630249023438,0.0,19605.55078125,19623.599609375,19495.400390625,19543.099609375,312200.0,84.25,84.88999938964844,82.58000183105469,82.81999969482422,362188.0
2023-08-11,1913.0,1916.5999755859375,1911.800048828125,1912.9000244140625,57.0,82.79989624023438,82.99150085449219,82.7229995727539,82.79989624023438,0.0,19554.25,19557.75,19412.75,19428.30078125,235500.0,82.83000183105469,83.80999755859375,82.2300033569336,83.19000244140625,331254.0
2023-08-14,1909.300048828125,1912.5999755859375,1903.300048828125,1910.5999755859375,46.0,82.89730072021484,83.28849792480469,82.87149810791016,82.89730072021484,0.0,19383.94921875,19465.849609375,19257.900390625,19434.55078125,243900.0,83.08999633789062,83.19999694824219,81.76000213623047,82.51000213623047,277352.0
2023-08-16,1904.5,1904.5,1890.300048828125,1896.0999755859375,22.0,83.19419860839844,84.9292984008789,83.09100341796875,83.19419860839844,0.0,19369.0,19482.75,19317.19921875,19465.0,0.0,81.2300033569336,81.43000030517578,79.05000305175781,79.37999725341797,325403.0
2023-08-17,1893.699951171875,1902.4000244140625,1884.0,1884.0999755859375,245.0,83.23699951171875,83.25019836425781,82.97650146484375,83.23699951171875,0.0,19450.55078125,19461.55078125,19326.25,19365.25,268700.0,79.25,81.08000183105469,78.94999694824219,80.38999938964844,235581.0
2023-08-18,1891.800048828125,1891.800048828125,1886.0999755859375,1886.0999755859375,19.0,83.09829711914062,83.214599609375,82.95449829101562,83.09829711914062,0.0,19301.75,19373.80078125,19253.599609375,19310.150390625,256100.0,80.04000091552734,81.61000061035156,79.58999633789062,81.25,128090.0
2023-08-21,1893.5999755859375,1893.5999755859375,1893.300048828125,1893.300048828125,876.0,83.16729736328125,83.20379638671875,83.05000305175781,83.16729736328125,0.0,19320.650390625,19425.94921875,19296.30078125,19393.599609375,262600.0,81.43000030517578,82.47000122070312,80.61000061035156,80.72000122070312,115874.0
2023-08-22,1894.5999755859375,1896.800048828125,1892.800048828125,1896.4000244140625,46.0,83.1135025024414,83.14129638671875,82.91300201416016,83.1135025024414,0.0,19417.099609375,19443.5,19381.30078125,19396.44921875,208700.0,80.80000305175781,80.98999786376953,80.0999984741211,80.3499984741211,287489.0
2023-08-23,1909.5999755859375,1918.5,1909.5999755859375,1918.5,547.0,83.07330322265625,83.08529663085938,82.46499633789062,83.07330322265625,0.0,19439.19921875,19472.05078125,19366.599609375,19444.0,225200.0,79.63999938964844,79.91000366210938,77.62000274658203,78.88999938964844,378146.0
2023-08-24,1920.0,1920.800048828125,1918.199951171875,1918.199951171875,337.0,82.5447006225586,82.6427993774414,82.35399627685547,82.5447006225586,0.0,19535.150390625,19584.44921875,19369.0,19386.69921875,268300.0,78.56999969482422,79.27999877929688,77.58999633789062,79.05000305175781,349230.0
2023-08-25,1919.800048828125,1919.800048828125,1911.0999755859375,1911.0999755859375,195.0,82.64140319824219,82.71530151367188,82.55259704589844,82.64140319824219,0.0,19297.400390625,19339.55078125,19229.69921875,19265.80078125,466500.0,78.87999725341797,80.44999694824219,78.13999938964844,79.83000183105469,411409.0
2023-08-28,1915.5,1921.5,1915.5,1917.9000244140625,99.0,82.66429901123047,82.66459655761719,82.45760345458984,82.66429901123047,0.0,19298.349609375,19366.849609375,19249.69921875,19306.05078125,248200.0,80.1500015258789,80.87000274658203,79.61000061035156,80.0999984741211,246584.0
2023-08-29,1917.9000244140625,1936.5,1916.9000244140625,1936.5,1674.0,82.69149780273438,82.87999725341797,82.56800079345703,82.69149780273438,0.0,19374.849609375,19377.900390625,19309.099609375,19342.650390625,307400.0,79.9800033569336,81.41000366210938,79.33999633789062,81.16000366210938,284168.0
2023-08-30,1936.0,1946.4000244140625,1934.5999755859375,1944.300048828125,396.0,82.49469757080078,82.79930114746094,82.48829650878906,82.49469757080078,0.0,19433.44921875,19452.80078125,19334.75,19347.44921875,233000.0,81.29000091552734,82.05000305175781,80.87999725341797,81.62999725341797,299418.0
2023-08-31,1944.4000244140625,1944.4000244140625,1938.199951171875,1938.199951171875,491.0,82.70040130615234,82.78559875488281,82.57099914550781,82.70040130615234,0.0,19375.55078125,19388.19921875,19223.650390625,19253.80078125,562600.0,81.69999694824219,83.69000244140625,81.4800033569336,83.62999725341797,368848.0
2023-09-01,1950.0,1950.0,1936.5999755859375,1939.800048828125,167.0,82.68240356445312,82.768798828125,82.54239654541016,82.68240356445312,0.0,19258.150390625,19458.55078125,19255.69921875,19435.30078125,333000.0,83.62999725341797,86.05999755859375,83.45999908447266,85.55000305175781,420461.0
2023-09-05,1934.4000244140625,1934.4000244140625,1924.699951171875,1926.199951171875,113.0,82.7345962524414,83.07710266113281,82.70649719238281,82.7345962524414,0.0,19564.650390625,19587.05078125,19525.75,19574.900390625,256800.0,86.05999755859375,88.06999969482422,85.0199966430664,86.69000244140625,452908.0
2023-09-06,1924.0999755859375,1925.300048828125,1916.300048828125,1918.0999755859375,24.0,83.08609771728516,83.23979949951172,82.91519927978516,83.08609771728516,0.0,19581.19921875,19636.44921875,19491.5,19611.05078125,287600.0,86.72000122070312,88.08000183105469,85.93000030517578,87.54000091552734,307115.0
2023-09-07,1917.5999755859375,1921.5,1917.5,1917.5,41.0,83.25740051269531,83.30899810791016,83.06600189208984,83.25740051269531,0.0,19598.650390625,19737.0,19550.05078125,19727.05078125,304900.0,87.54000091552734,87.73999786376953,86.38999938964844,86.87000274658203,270736.0
2023-09-08,1924.0,1924.699951171875,1918.4000244140625,1918.4000244140625,105.0,83.24150085449219,83.26000213623047,82.91649627685547,83.24150085449219,0.0,19774.80078125,19867.150390625,19727.05078125,19819.94921875,288100.0,86.77999877929688,87.94999694824219,86.1500015258789,87.51000213623047,294437.0
2023-09-11,1923.0,1928.300048828125,1921.800048828125,1923.300048828125,50.0,83.03130340576172,83.05220031738281,82.82420349121094,83.03130340576172,0.0,19890.0,20008.150390625,19865.349609375,19996.349609375,248800.0,87.4000015258789,88.1500015258789,86.70999908447266,87.29000091552734,292388.0
2023-09-12,1920.800048828125,1920.800048828125,1911.300048828125,1911.300048828125,365.0,82.94329833984375,83.0082015991211,82.86799621582031,82.94329833984375,0.0,20110.150390625,20110.349609375,19914.650390625,19993.19921875,328100.0,87.2699966430664,89.37000274658203,87.22000122070312,88.83999633789062,341137.0
2023-09-13,1910.300048828125,1914.5999755859375,1908.9000244140625,1909.0999755859375,15.0,82.84300231933594,83.03119659423828,82.82499694824219,82.84300231933594,0.0,19989.5,20096.900390625,19944.099609375,20070.0,251400.0,88.75,89.63999938964844,88.29000091552734,88.5199966430664,345972.0
2023-09-14,1903.0,1910.0,1903.0,1910.0,169.0,82.93679809570312,83.10369873046875,82.91850280761719,82.93679809570312,0.0,20127.94921875,20167.650390625,20043.44921875,20103.099609375,275100.0,88.80999755859375,90.79000091552734,88.68000030517578,90.16000366210938,325270.0
2023-09-15,1923.5,1927.300048828125,1923.5,1923.699951171875,8.0,83.0282974243164,83.18070220947266,83.00309753417969,83.0282974243164,0.0,20156.44921875,20222.44921875,20129.69921875,20192.349609375,438200.0,90.66999816894531,91.2300033569336,89.22000122070312,90.7699966430664,315003.0
2023-09-18,1928.199951171875,1931.5,1926.4000244140625,1931.5,19.0,83.08580017089844,83.34760284423828,83.04949951171875,83.08580017089844,0.0,20155.94921875,20195.349609375,20115.69921875,20133.30078125,264900.0,91.19999694824219,92.43000030517578,90.75,91.4800033569336,119258.0
2023-09-20,1945.5999755859375,1945.5999755859375,1929.199951171875,1945.5999755859375,119.0,83.19499969482422,83.28900146484375,82.9280014038086,83.19499969482422,0.0,19980.75,20050.650390625,19878.849609375,19901.400390625,378100.0,91.55000305175781,91.9800033569336,89.87000274658203,90.27999877929688,457854.0
2023-09-21,1924.0,1924.0,1919.199951171875,1919.199951171875,9.0,83.08699798583984,83.20010375976562,82.99600219726562,83.08699798583984,0.0,19840.55078125,19848.75,19709.94921875,19742.349609375,275100.0,89.30000305175781,90.9800033569336,88.37000274658203,89.62999725341797,351032.0
2023-09-22,1925.4000244140625,1925.4000244140625,1925.4000244140625,1925.4000244140625,1.0,82.89129638671875,83.00039672851562,82.73300170898438,82.89129638671875,0.0,19744.849609375,19798.650390625,19657.5,19674.25,246400.0,89.62000274658203,91.33000183105469,89.30999755859375,90.02999877929688,402087.0
2023-09-25,1916.5999755859375,1916.5999755859375,1916.5999755859375,1916.5999755859375,114.0,82.97480010986328,83.17040252685547,82.89569854736328,82.97480010986328,0.0,19678.19921875,19734.150390625,19601.55078125,19674.55078125,188400.0,90.55000305175781,90.83000183105469,89.02999877929688,89.68000030517578,328369.0
2023-09-26,1905.0,1905.0999755859375,1900.4000244140625,1900.4000244140625,161.0,83.0282974243164,83.4021987915039,83.0353012084961,83.0282974243164,0.0,19682.80078125,19699.349609375,19637.44921875,19664.69921875,204900.0,89.87999725341797,90.73999786376953,88.19000244140625,90.38999938964844,318016.0
2023-09-27,1871.5999755859375,1871.5999755859375,1871.5999755859375,1871.5999755859375,12251.0,83.29869842529297,83.31629943847656,83.1593017578125,83.29869842529297,0.0,19637.05078125,19730.69921875,19554.0,19716.44921875,203600.0,90.52999877929688,94.16999816894531,90.4000015258789,93.68000030517578,504630.0
2023-09-28,1875.5,1878.199951171875,1856.699951171875,1860.4000244140625,4654.0,83.22270202636719,83.34480285644531,83.09850311279297,83.22270202636719,0.0,19761.80078125,19766.650390625,19492.099609375,19523.55078125,352800.0,93.77999877929688,95.02999877929688,91.38999938964844,91.70999908447266,406709.0
2023-09-29,1864.300048828125,1872.300048828125,1846.0,1848.0999755859375,1605.0,83.19300079345703,83.22650146484375,83.00330352783203,83.19300079345703,0.0,19581.19921875,19726.25,19551.05078125,19638.30078125,243500.0,91.76000213623047,93.0999984741211,90.3499984741211,90.79000091552734,355782.0
2023-10-03,1825.0,1830.9000244140625,1816.800048828125,1824.5999755859375,310.0,83.3593978881836,83.36090087890625,83.1343002319336,83.3593978881836,0.0,19622.400390625,19623.19921875,19479.650390625,19528.75,221700.0,88.66999816894531,90.2699966430664,87.76000213623047,89.2300033569336,350659.0
2023-10-04,1821.800048828125,1828.199951171875,1816.4000244140625,1818.5,357.0,83.22979736328125,83.3302001953125,83.18229675292969,83.22979736328125,0.0,19446.30078125,19457.80078125,19333.599609375,19436.099609375,277100.0,89.41999816894531,89.58999633789062,84.16000366210938,84.22000122070312,459995.0
2023-10-05,1826.300048828125,1826.300048828125,1815.5999755859375,1816.5999755859375,393.0,83.44979858398438,84.6969985961914,83.18489837646484,83.44979858398438,0.0,19521.849609375,19576.94921875,19487.30078125,19545.75,234900.0,84.44999694824219,84.91999816894531,82.1500015258789,82.30999755859375,465997.0
2023-10-06,1819.0,1831.800048828125,1809.4000244140625,1830.199951171875,390.0,83.22489929199219,83.34130096435547,83.08439636230469,83.22489929199219,0.0,19621.19921875,19675.75,19589.400390625,19653.5,159100.0,82.27999877929688,83.27999877929688,81.5,82.79000091552734,461139.0
2023-10-09,1842.5,1861.5,1842.5,1849.5,232.0,83.12460327148438,83.33519744873047,83.07929992675781,83.12460327148438,0.0,19539.44921875,19588.94921875,19480.5,19512.349609375,165100.0,85.25,87.23999786376953,84.66999816894531,86.37999725341797,435037.0
2023-10-10,1857.0,1861.4000244140625,1852.800048828125,1861.0,236.0,83.27030181884766,83.27030181884766,83.15599822998047,83.27030181884766,0.0,19565.599609375,19717.80078125,19565.44921875,19689.849609375,216600.0,86.43000030517578,86.73999786376953,85.12000274658203,85.97000122070312,337654.0
2023-10-11,1869.5,1874.5999755859375,1869.0999755859375,1872.800048828125,65.0,83.25029754638672,83.32230377197266,83.11000061035156,83.25029754638672,0.0,19767.0,19839.19921875,19756.94921875,19811.349609375,213700.0,85.95999908447266,86.51000213623047,83.11000061035156,83.48999786376953,425395.0
2023-10-12,1874.699951171875,1881.199951171875,1867.0,1869.300048828125,46.0,83.21800231933594,83.29989624023438,83.01920318603516,83.21800231933594,0.0,19822.69921875,19843.30078125,19772.650390625,19794.0,217900.0,83.19999694824219,85.19999694824219,82.30999755859375,82.91000366210938,373492.0
2023-10-13,1877.5,1930.0999755859375,1877.5,1927.4000244140625,43.0,83.26239776611328,83.29660034179688,83.07890319824219,83.26239776611328,0.0,19654.55078125,19805.400390625,19635.30078125,19751.05078125,255000.0,83.51000213623047,87.83000183105469,83.3499984741211,87.69000244140625,356863.0
2023-10-16,1910.4000244140625,1921.0999755859375,1910.300048828125,1921.0999755859375,53.0,83.28230285644531,83.28250122070312,83.097900390625,83.28230285644531,0.0,19737.25,19781.30078125,19691.849609375,19731.75,181000.0,87.72000122070312,88.33000183105469,86.31999969482422,86.66000366210938,235780.0
2023-10-17,1914.300048828125,1925.800048828125,1914.300048828125,1922.699951171875,103.0,83.19950103759766,83.28109741210938,81.51699829101562,83.19950103759766,0.0,19843.19921875,19849.75,19775.650390625,19811.5,185800.0,87.05999755859375,87.75,85.5999984741211,86.66000366210938,197124.0
2023-10-18,1935.0,1957.9000244140625,1935.0,1955.300048828125,67.0,83.26429748535156,83.30269622802734,83.19219970703125,83.26429748535156,0.0,19820.44921875,19840.94921875,19659.94921875,19671.099609375,198900.0,87.80999755859375,89.87999725341797,87.19999694824219,88.31999969482422,92797.0
2023-10-19,1950.0999755859375,1977.699951171875,1945.699951171875,1968.4000244140625,1945.0,83.26860046386719,83.2927017211914,82.71900177001953,83.26860046386719,0.0,19545.19921875,19681.80078125,19512.349609375,19624.69921875,230300.0,88.23999786376953,90.68000030517578,86.5999984741211,89.37000274658203,72058.0
2023-10-20,1981.0999755859375,1988.5999755859375,1980.4000244140625,1982.5,557.0,83.12229919433594,83.19619750976562,83.01899719238281,83.12229919433594,0.0,19542.150390625,19593.80078125,19518.69921875,19542.650390625,198300.0,90.27999877929688,90.77999877929688,88.33000183105469,88.75,311917.0
2023-10-23,1976.199951171875,1978.9000244140625,1972.9000244140625,1976.300048828125,127.0,83.15979766845703,83.19039916992188,83.04049682617188,83.15979766845703,0.0,19521.599609375,19556.849609375,19257.849609375,19281.75,176000.0,88.0,88.29000091552734,85.3499984741211,85.48999786376953,315517.0
2023-10-25,1971.199951171875,1985.300048828125,1971.199951171875,1984.0999755859375,97.0,82.98780059814453,83.18730163574219,81.20500183105469,82.98780059814453,0.0,19286.44921875,19347.30078125,19074.150390625,19122.150390625,225300.0,83.69000244140625,85.55999755859375,82.08000183105469,85.38999938964844,429459.0
2023-10-26,1988.199951171875,1988.199951171875,1980.4000244140625,1987.199951171875,521.0,83.1709976196289,83.27169799804688,83.14179992675781,83.1709976196289,0.0,19027.25,19041.69921875,18837.849609375,18857.25,300400.0,85.37000274658203,85.58999633789062,82.55999755859375,83.20999908447266,341792.0
2023-10-27,1988.5999755859375,1988.5999755859375,1988.5999755859375,1988.5999755859375,372.0,83.28250122070312,83.28939819335938,83.1416015625,83.28250122070312,0.0,18928.75,19076.150390625,18926.650390625,19047.25,205200.0,83.52999877929688,85.9000015258789,83.0999984741211,85.54000091552734,333760.0
2023-10-30,2004.0999755859375,2004.0999755859375,1992.5,1996.199951171875,157.0,83.41339874267578,83.41339874267578,83.2239990234375,83.41339874267578,0.0,19053.400390625,19158.5,18940.0,19140.900390625,180100.0,85.0,85.30000305175781,81.81999969482422,82.30999755859375,356928.0
2023-10-31,1996.5,2001.0,1983.699951171875,1985.199951171875,84.0,83.29650115966797,83.33100128173828,83.2249984741211,83.29650115966797,0.0,19232.94921875,19233.69921875,19056.44921875,19079.599609375,206000.0,82.58999633789062,83.37000274658203,80.73999786376953,81.0199966430664,346007.0
2023-11-01,1990.5,1990.5,1977.800048828125,1978.800048828125,41.0,83.2771987915039,83.34929656982422,83.1978988647461,83.2771987915039,0.0,19064.05078125,19096.05078125,18973.69921875,18989.150390625,194100.0,81.4800033569336,83.41999816894531,80.30000305175781,80.44000244140625,321592.0
2023-11-02,1989.0999755859375,1990.300048828125,1979.5,1985.5999755859375,39.0,85.19400024414062,83.32589721679688,83.17050170898438,85.19400024414062,0.0,19120.0,19175.25,19064.150390625,19133.25,245600.0,80.81999969482422,82.83000183105469,80.22000122070312,82.45999908447266,307122.0
2023-11-03,1989.0,1991.5,1989.0,1991.5,12.0,83.24729919433594,83.3280029296875,83.14540100097656,83.24729919433594,0.0,19241.0,19276.25,19210.900390625,19230.599609375,189500.0,82.58000183105469,83.5999984741211,80.0999984741211,80.51000213623047,457281.0
2023-11-06,1981.5999755859375,1981.5999755859375,1977.4000244140625,1981.5999755859375,130.0,83.15850067138672,83.25969696044922,82.97660064697266,83.15850067138672,0.0,19345.849609375,19423.0,19309.69921875,19411.75,180700.0,81.12999725341797,82.23999786376953,80.66000366210938,80.81999969482422,271131.0
2023-11-07,1966.5,1966.800048828125,1960.699951171875,1966.800048828125,20.0,83.2228012084961,83.28089904785156,83.14450073242188,83.2228012084961,0.0,19404.05078125,19423.5,19329.099609375,19406.69921875,198700.0,80.93000030517578,81.05000305175781,77.08999633789062,77.37000274658203,396289.0
2023-11-08,1967.800048828125,1967.800048828125,1947.699951171875,1951.5,43.0,83.23269653320312,83.31529998779297,83.1843032836914,83.23269653320312,0.0,19449.599609375,19464.400390625,19401.5,19443.5,195000.0,77.12000274658203,77.52999877929688,74.91000366210938,75.33000183105469,429647.0
2023-11-09,1951.699951171875,1964.199951171875,1945.300048828125,1964.199951171875,10.0,83.21769714355469,83.30909729003906,83.21869659423828,83.21769714355469,0.0,19457.400390625,19463.900390625,19378.349609375,19395.30078125,208400.0,75.6500015258789,77.16000366210938,75.20999908447266,75.73999786376953,303430.0
2023-11-10,1959.5999755859375,1959.5999755859375,1932.5999755859375,1932.5999755859375,375.0,83.31939697265625,83.52580261230469,83.23169708251953,83.31939697265625,0.0,19351.849609375,19451.30078125,19329.44921875,19425.349609375,152200.0,75.58999633789062,77.7300033569336,75.30999755859375,77.16999816894531,266998.0
2023-11-13,1939.9000244140625,1947.199951171875,1934.0,1945.5,191.0,83.29889678955078,83.39910125732422,83.21820068359375,83.29889678955078,0.0,19486.75,19494.400390625,19414.75,19443.55078125,189300.0,77.1500015258789,78.63999938964844,76.20999908447266,78.26000213623047,262903.0
2023-11-15,1962.800048828125,1962.800048828125,1960.0,1960.0999755859375,6.0,82.98159790039062,83.20590209960938,82.9219970703125,82.98159790039062,0.0,19651.400390625,19693.19921875,19579.650390625,19675.44921875,291500.0,78.16999816894531,78.7699966430664,76.30999755859375,76.66000366210938,282301.0
2023-11-16,1965.300048828125,1983.9000244140625,1964.5999755859375,1983.9000244140625,39.0,83.18620300292969,83.26439666748047,82.99330139160156,83.18620300292969,0.0,19674.69921875,19875.25,19627.0,19765.19921875,282700.0,76.5999984741211,76.62999725341797,72.16000366210938,72.9000015258789,125165.0
2023-11-17,1982.5,1984.0,1979.800048828125,1981.5999755859375,32.0,83.12030029296875,83.28369903564453,83.13639831542969,83.12030029296875,0.0,19674.75,19806.0,19667.44921875,19731.80078125,236800.0,72.97000122070312,75.98999786376953,72.75,75.88999938964844,101484.0
2023-11-20,1978.699951171875,1979.4000244140625,1969.699951171875,1977.699951171875,182.0,83.29149627685547,83.41449737548828,83.20369720458984,83.29149627685547,0.0,19731.150390625,19756.44921875,19670.5,19694.0,173800.0,75.6500015258789,78.22000122070312,75.6500015258789,77.5999984741211,270638.0
2023-11-21,1990.699951171875,2005.5,1988.5,1999.300048828125,16.0,83.32219696044922,83.37079620361328,83.23699951171875,83.32219696044922,0.0,19770.900390625,19829.099609375,19754.05078125,19783.400390625,195000.0,77.6500015258789,77.91999816894531,76.91999816894531,77.7699966430664,238629.0
2023-11-22,1999.0999755859375,1999.4000244140625,1991.0,1991.4000244140625,6075.0,83.345703125,83.34609985351562,83.25959777832031,83.345703125,0.0,19784.0,19825.55078125,19703.849609375,19811.849609375,184500.0,77.7699966430664,77.97000122070312,73.79000091552734,77.0999984741211,389325.0
2023-11-24,1991.9000244140625,2002.199951171875,1991.5,2002.199951171875,63.0,83.34400177001953,83.4072036743164,83.29650115966797,83.34400177001953,0.0,19809.599609375,19832.849609375,19768.849609375,19794.69921875,145900.0,76.79000091552734,77.08999633789062,75.06999969482422,75.54000091552734,281147.0
2023-11-28,2040.5999755859375,2042.699951171875,2039.699951171875,2039.699951171875,174665.0,83.364501953125,83.42250061035156,83.30599975585938,83.364501953125,0.0,19844.650390625,19916.849609375,19800.0,19889.69921875,229600.0,75.06999969482422,77.0199966430664,74.63999938964844,76.41000366210938,286618.0
2023-11-29,2041.699951171875,2052.10009765625,2036.0,2047.0999755859375,15290.0,83.41809844970703,83.41809844970703,83.25540161132812,83.41809844970703,0.0,19976.55078125,20104.650390625,19956.30078125,20096.599609375,236200.0,76.55999755859375,78.08999633789062,75.66999816894531,77.86000061035156,322170.0
2023-11-30,2046.0999755859375,2047.0999755859375,2033.0999755859375,2038.0999755859375,2506.0,83.3302993774414,83.41130065917969,83.18699645996094,83.3302993774414,0.0,20108.5,20158.69921875,20015.849609375,20133.150390625,486600.0,77.75,79.5999984741211,75.05000305175781,75.95999908447266,559169.0
2023-12-01,2038.300048828125,2073.199951171875,2036.0,2071.0,614.0,83.35269927978516,83.36129760742188,83.2489013671875,83.35269927978516,0.0,20194.099609375,20291.55078125,20183.69921875,20267.900390625,265800.0,75.58999633789062,76.76000213623047,73.93000030517578,74.06999969482422,358976.0
2023-12-04,2075.300048828125,2130.199951171875,2021.0,2024.0999755859375,1071.0,83.21859741210938,83.4541015625,83.19770050048828,83.21859741210938,0.0,20601.94921875,20702.650390625,20507.75,20686.80078125,381100.0,74.58000183105469,75.02999877929688,72.62999725341797,73.04000091552734,388832.0
2023-12-05,2035.0999755859375,2037.0,2010.199951171875,2018.5,289.0,83.41709899902344,83.43160247802734,83.32879638671875,83.41709899902344,0.0,20808.900390625,20864.05078125,20711.150390625,20855.099609375,421000.0,73.30000305175781,74.12000274658203,72.0199966430664,72.31999969482422,358703.0
2023-12-06,2019.9000244140625,2035.800048828125,2019.0,2030.5,417.0,83.31590270996094,83.37229919433594,83.28800201416016,83.31590270996094,0.0,20950.75,20961.94921875,20852.150390625,20937.69921875,359200.0,72.0999984741211,72.5999984741211,69.11000061035156,69.37999725341797,436803.0
2023-12-07,2029.199951171875,2034.9000244140625,2024.0,2029.9000244140625,67.0,83.28959655761719,83.3917007446289,83.29280090332031,83.28959655761719,0.0,20932.400390625,20941.25,20850.80078125,20901.150390625,275000.0,69.27999877929688,70.4800033569336,68.80000305175781,69.33999633789062,339000.0
2023-12-08,2031.699951171875,2033.0999755859375,1995.0,1998.300048828125,449.0,83.35489654541016,83.4540023803711,81.0260009765625,83.35489654541016,0.0,20934.099609375,21006.099609375,20862.69921875,20969.400390625,292400.0,69.76000213623047,71.62999725341797,69.5,71.2300033569336,302250.0
2023-12-11,2004.0999755859375,2004.199951171875,1977.199951171875,1978.0,651.0,83.43009948730469,83.44100189208984,83.3572998046875,83.43009948730469,0.0,20965.30078125,21026.099609375,20923.69921875,20997.099609375,212900.0,71.1500015258789,71.80999755859375,70.3499984741211,71.31999969482422,274414.0
2023-12-12,1984.199951171875,1994.199951171875,1977.800048828125,1977.800048828125,95.0,83.34349822998047,83.42379760742188,83.33940124511719,83.34349822998047,0.0,21018.55078125,21037.900390625,20867.150390625,20906.400390625,244900.0,71.43000030517578,71.95999908447266,68.22000122070312,68.61000061035156,324530.0
2023-12-13,1978.5,2024.800048828125,1975.0,1982.300048828125,2252.0,83.39600372314453,83.44259643554688,83.3468017578125,83.39600372314453,0.0,20929.75,20950.0,20769.5,20926.349609375,260300.0,68.7300033569336,69.88999938964844,67.70999908447266,69.47000122070312,306996.0
2023-12-14,2024.699951171875,2040.0999755859375,2024.300048828125,2030.199951171875,236.0,83.2853012084961,83.36409759521484,83.24440002441406,83.2853012084961,0.0,21110.400390625,21210.900390625,21074.44921875,21182.69921875,334400.0,69.8499984741211,72.45999908447266,69.54000091552734,71.58000183105469,275688.0
2023-12-15,2032.5999755859375,2043.4000244140625,2018.300048828125,2021.0999755859375,261.0,83.29660034179688,83.3302001953125,82.94219970703125,83.29660034179688,0.0,21287.44921875,21492.30078125,21235.30078125,21456.650390625,508800.0,71.61000061035156,72.22000122070312,70.30000305175781,71.43000030517578,95513.0
2023-12-18,2024.300048828125,2032.800048828125,2024.0,2026.300048828125,100.0,83.04170227050781,83.15470123291016,82.9188003540039,83.04170227050781,0.0,21434.80078125,21482.80078125,21365.349609375,21418.650390625,249700.0,71.68000030517578,74.26000213623047,70.63999938964844,72.47000122070312,73941.0
2023-12-19,2025.199951171875,2042.699951171875,2025.199951171875,2038.4000244140625,498.0,83.11119842529297,83.27420043945312,83.06500244140625,83.11119842529297,0.0,21477.650390625,21505.05078125,21337.75,21453.099609375,249800.0,72.4800033569336,74.01000213623047,71.8499984741211,73.44000244140625,230042.0
2023-12-20,2037.0999755859375,2037.0999755859375,2030.300048828125,2034.5,258.0,83.09159851074219,83.22720336914062,83.03309631347656,83.09159851074219,0.0,21543.5,21593.0,21087.349609375,21150.150390625,363900.0,74.05999755859375,75.37000274658203,73.5999984741211,74.22000122070312,273364.0
2023-12-21,2035.800048828125,2044.5,2033.0,2039.0999755859375,228.0,83.26719665527344,83.32969665527344,83.14199829101562,83.26719665527344,0.0,21033.94921875,21288.349609375,20976.80078125,21255.05078125,277500.0,73.80999755859375,74.58000183105469,72.44000244140625,73.88999938964844,251982.0
2023-12-22,2055.699951171875,2068.699951171875,2052.199951171875,2057.10009765625,202.0,83.13159942626953,83.27449798583984,83.04229736328125,83.13159942626953,0.0,21295.849609375,21390.5,21232.44921875,21349.400390625,284700.0,73.91000366210938,74.9800033569336,73.38999938964844,73.55999755859375,222600.0
2023-12-26,2060.0,2060.800048828125,2054.199951171875,2058.199951171875,64.0,83.17230224609375,83.2146987915039,83.10420227050781,83.17230224609375,0.0,21365.19921875,21477.150390625,21329.44921875,21441.349609375,219500.0,73.55999755859375,76.18000030517578,73.12999725341797,75.56999969482422,208715.0
2023-12-27,2067.300048828125,2081.89990234375,2064.800048828125,2081.89990234375,586.0,83.18280029296875,83.34919738769531,83.12120056152344,83.18280029296875,0.0,21497.650390625,21675.75,21495.80078125,21654.75,256500.0,75.31999969482422,75.66000366210938,73.7699966430664,74.11000061035156,253323.0
2023-12-28,2081.60009765625,2087.300048828125,2066.5,2073.89990234375,338.0,83.26719665527344,83.33570098876953,83.1592025756836,83.26719665527344,0.0,21715.0,21801.44921875,21678.0,21778.69921875,393100.0,73.80000305175781,74.4000015258789,71.72000122070312,71.7699966430664,262748.0
2023-12-29,2068.0,2068.89990234375,2062.10009765625,2062.39990234375,47.0,82.302001953125,83.25299835205078,82.70240020751953,82.302001953125,0.0,21737.650390625,21770.30078125,21676.900390625,21731.400390625,270900.0,71.98999786376953,72.62000274658203,71.25,71.6500015258789,214486.0
2024-01-02,2063.5,2073.699951171875,2057.10009765625,2064.39990234375,61.0,83.20259857177734,83.34300231933594,83.1697998046875,83.20259857177734,0.0,21751.349609375,21755.599609375,21555.650390625,21665.80078125,263700.0,71.70999908447266,73.63999938964844,70.05999755859375,70.37999725341797,330992.0
2024-01-03,2034.199951171875,2044.0,2034.199951171875,2034.199951171875,54.0,83.25700378417969,83.33370208740234,83.24620056152344,83.25700378417969,0.0,21661.099609375,21677.0,21500.349609375,21517.349609375,311900.0,70.5,73.2300033569336,69.27999877929688,72.69999694824219,334861.0
2024-01-04,2041.5999755859375,2044.5,2038.0,2042.300048828125,88.0,83.31809997558594,83.36029815673828,83.20210266113281,83.31809997558594,0.0,21605.80078125,21685.650390625,21564.55078125,21658.599609375,339200.0,73.04000091552734,74.0,71.05999755859375,72.19000244140625,344467.0
2024-01-05,2044.5,2048.10009765625,2042.4000244140625,2042.4000244140625,12.0,83.2406005859375,83.27159881591797,83.03500366210938,83.2406005859375,0.0,21705.75,21749.599609375,21629.19921875,21710.80078125,309300.0,72.4000015258789,74.23999786376953,72.20999908447266,73.80999755859375,325525.0
2024-01-08,2019.0999755859375,2033.699951171875,2019.0999755859375,2026.5999755859375,10.0,83.19110107421875,83.189697265625,83.0282974243164,83.19110107421875,0.0,21747.599609375,21763.94921875,21492.900390625,21513.0,231500.0,73.51000213623047,73.94999694824219,70.12999725341797,70.7699966430664,392249.0
2024-01-09,2035.800048828125,2035.800048828125,2026.4000244140625,2026.4000244140625,27.0,83.05069732666016,83.1343994140625,83.02069854736328,83.05069732666016,0.0,21653.599609375,21724.44921875,21517.849609375,21544.849609375,228600.0,70.91000366210938,72.93000030517578,70.47000122070312,72.23999786376953,363445.0
2024-01-10,2029.0,2035.5999755859375,2021.699951171875,2021.699951171875,538.0,83.131103515625,83.18219757080078,82.95480346679688,83.131103515625,0.0,21529.30078125,21641.849609375,21448.650390625,21618.69921875,217000.0,72.16999816894531,73.58999633789062,71.01000213623047,71.37000274658203,352772.0
2024-01-11,2025.0999755859375,2025.0999755859375,2014.300048828125,2014.300048828125,97.0,83.02559661865234,83.11000061035156,82.93329620361328,83.02559661865234,0.0,21688.0,21726.5,21593.75,21647.19921875,212500.0,71.33000183105469,73.80999755859375,71.16999816894531,72.0199966430664,373645.0
2024-01-12,2031.0999755859375,2057.0,2031.0999755859375,2046.699951171875,390.0,83.07610321044922,83.09400177001953,82.77909851074219,83.07610321044922,0.0,21773.55078125,21928.25,21715.150390625,21894.55078125,294700.0,73.01000213623047,75.25,72.36000061035156,72.68000030517578,403636.0
2024-01-16,2051.699951171875,2054.800048828125,2026.0,2026.0,46.0,82.8593978881836,83.1404037475586,82.82730102539062,82.8593978881836,0.0,22080.5,22124.150390625,21969.80078125,22032.30078125,292400.0,72.62999725341797,73.55999755859375,71.2300033569336,72.4000015258789,430437.0
2024-01-17,2026.5,2026.5,2002.5999755859375,2002.5999755859375,764.0,83.08899688720703,83.21399688720703,83.01750183105469,83.08899688720703,0.0,21647.25,21851.5,21550.44921875,21571.94921875,456000.0,72.0,72.94999694824219,70.5,72.55999755859375,315679.0
2024-01-18,2012.800048828125,2018.5999755859375,2009.5,2018.5999755859375,1474.0,83.17759704589844,83.1886978149414,83.0552978515625,83.17759704589844,0.0,21414.19921875,21539.400390625,21285.55078125,21462.25,387300.0,72.77999877929688,74.37999725341797,72.18000030517578,74.08000183105469,86646.0
2024-01-19,2023.199951171875,2036.0,2019.5,2026.5,50.0,83.16059875488281,83.23079681396484,83.04199981689453,83.16059875488281,0.0,21615.19921875,21670.599609375,21575.0,21622.400390625,343100.0,74.08000183105469,74.91000366210938,73.19999694824219,73.41000366210938,78234.0
2024-01-23,2030.300048828125,2030.300048828125,2022.5,2023.699951171875,15.0,83.09510040283203,83.18099975585938,81.51370239257812,83.09510040283203,0.0,21716.69921875,21750.25,21192.599609375,21238.80078125,449700.0,74.68000030517578,75.25,73.41000366210938,74.37000274658203,306060.0
2024-01-24,2023.199951171875,2033.199951171875,2013.9000244140625,2013.9000244140625,253.0,83.22139739990234,83.22250366210938,83.07099914550781,83.22139739990234,0.0,21185.25,21482.349609375,21137.19921875,21453.94921875,407500.0,74.56999969482422,75.83000183105469,73.94000244140625,75.08999633789062,323726.0
2024-01-25,2012.0999755859375,2022.4000244140625,2012.0999755859375,2016.9000244140625,548.0,83.09760284423828,83.15039825439453,83.0780029296875,83.09760284423828,0.0,21454.599609375,21459.0,21247.05078125,21352.599609375,418100.0,75.30000305175781,77.51000213623047,75.16000366210938,77.36000061035156,320177.0
2024-01-29,2025.199951171875,2025.199951171875,2025.199951171875,2025.199951171875,150708.0,83.12129974365234,83.1613998413086,83.12210083007812,83.12129974365234,0.0,21433.099609375,21763.25,21429.599609375,21737.599609375,376700.0,78.9000015258789,79.29000091552734,76.41000366210938,76.77999877929688,331925.0
2024-01-30,2032.5,2048.5,2028.0999755859375,2031.5,26907.0,83.1530990600586,83.21260070800781,83.09100341796875,83.1530990600586,0.0,21775.75,21813.05078125,21501.80078125,21522.099609375,375100.0,77.0199966430664,78.13999938964844,75.8499984741211,77.81999969482422,347242.0
2024-01-31,2035.4000244140625,2055.0,2030.0,2048.39990234375,2007.0,83.10970306396484,83.12560272216797,83.0009994506836,83.10970306396484,0.0,21487.25,21741.349609375,21448.849609375,21725.69921875,410600.0,77.83999633789062,78.11000061035156,75.5199966430664,75.8499984741211,344493.0
2024-02-01,2040.199951171875,2064.5,2029.0,2053.0,947.0,83.05359649658203,83.0791015625,82.91190338134766,83.05359649658203,0.0,21780.650390625,21832.94921875,21658.75,21697.44921875,332500.0,75.95999908447266,76.94999694824219,73.69999694824219,73.81999969482422,577936.0
2024-02-02,2054.800048828125,2055.89990234375,2027.699951171875,2036.0999755859375,888.0,82.92759704589844,83.03309631347656,82.81500244140625,82.92759704589844,0.0,21812.75,22126.80078125,21805.55078125,21853.80078125,442800.0,73.91000366210938,74.5199966430664,71.79000091552734,72.27999877929688,467768.0
2024-02-05,2038.9000244140625,2040.800048828125,2013.800048828125,2025.699951171875,412.0,82.99929809570312,83.09100341796875,82.95469665527344,82.99929809570312,0.0,21921.05078125,21964.30078125,21726.94921875,21771.69921875,440800.0,72.75,73.27999877929688,71.41000366210938,72.77999877929688,350843.0
2024-02-06,2025.9000244140625,2037.300048828125,2025.9000244140625,2034.5,249.0,83.10369873046875,83.06999969482422,82.9822998046875,83.10369873046875,0.0,21825.19921875,21951.400390625,21737.55078125,21929.400390625,371000.0,72.76000213623047,73.81999969482422,72.37999725341797,73.30999755859375,310955.0
2024-02-07,2032.800048828125,2039.5,2032.699951171875,2035.199951171875,71.0,83.07060241699219,83.07769775390625,82.93599700927734,83.07060241699219,0.0,22045.05078125,22053.30078125,21860.150390625,21930.5,346300.0,73.5,74.22000122070312,73.2300033569336,73.86000061035156,294955.0
2024-02-08,2028.0,2036.699951171875,2020.300048828125,2032.199951171875,341.0,83.01260375976562,83.0103988647461,82.89800262451172,83.01260375976562,0.0,22009.650390625,22011.05078125,21665.30078125,21717.94921875,491100.0,74.08000183105469,76.58999633789062,73.55999755859375,76.22000122070312,377906.0
2024-02-09,2032.0,2032.0,2020.0,2023.300048828125,62.0,82.98529815673828,83.04759979248047,82.9209976196289,82.98529815673828,0.0,21727.0,21804.44921875,21629.900390625,21782.5,349200.0,76.41999816894531,77.29000091552734,75.93000030517578,76.83999633789062,302612.0
2024-02-12,2025.5,2025.5,2011.5999755859375,2018.199951171875,317.0,83.0145034790039,83.1239013671875,82.88099670410156,83.0145034790039,0.0,21800.80078125,21831.69921875,21574.75,21616.05078125,287400.0,76.5999984741211,77.08999633789062,75.54000091552734,76.91999816894531,248476.0
2024-02-13,2025.0999755859375,2025.800048828125,1990.0,1992.9000244140625,198.0,82.99019622802734,83.11139678955078,82.96170043945312,82.99019622802734,0.0,21664.30078125,21766.80078125,21543.349609375,21743.25,365800.0,77.02999877929688,78.47000122070312,76.87000274658203,77.87000274658203,338174.0
2024-02-14,1990.300048828125,1993.5,1984.800048828125,1990.300048828125,1916.0,83.07460021972656,83.11599731445312,83.01300048828125,83.07460021972656,0.0,21578.150390625,21870.849609375,21530.19921875,21840.05078125,359100.0,77.80999755859375,78.7699966430664,76.37999725341797,76.63999938964844,296131.0
2024-02-15,1993.5999755859375,2007.199951171875,1993.5999755859375,2002.0999755859375,286.0,83.04309844970703,83.05069732666016,82.96279907226562,83.04309844970703,0.0,21906.55078125,21953.849609375,21794.80078125,21910.75,345400.0,76.5999984741211,78.44000244140625,75.77999877929688,78.02999877929688,122432.0
2024-02-16,2005.0,2011.5,1996.5,2011.5,32.0,83.00959777832031,83.05229949951172,82.9728012084961,83.00959777832031,0.0,22020.30078125,22068.650390625,21968.94921875,22040.69921875,343900.0,78.11000061035156,79.3499984741211,77.22000122070312,79.19000244140625,113713.0
2024-02-20,2015.5999755859375,2029.0,2015.5999755859375,2027.5,1326.0,83.02100372314453,83.03410339355469,82.8917007446289,83.02100372314453,0.0,22099.19921875,22215.599609375,22045.849609375,22196.94921875,295700.0,78.9800033569336,79.80000305175781,77.66999816894531,78.18000030517578,435235.0
2024-02-21,2028.199951171875,2028.199951171875,2022.300048828125,2022.300048828125,15.0,82.8291015625,82.964599609375,82.81300354003906,82.8291015625,0.0,22248.849609375,22249.400390625,21997.94921875,22055.05078125,364500.0,77.1500015258789,78.08000183105469,76.31999969482422,77.91000366210938,323243.0
2024-02-22,2033.199951171875,2033.199951171875,2019.699951171875,2019.699951171875,964.0,82.93840026855469,82.98680114746094,82.81700134277344,82.93840026855469,0.0,22081.55078125,22252.5,21875.25,22217.44921875,343500.0,78.08999633789062,78.91999816894531,77.2300033569336,78.61000061035156,330511.0
2024-02-23,2026.0,2038.5999755859375,2014.9000244140625,2038.5999755859375,22.0,82.87229919433594,82.9457015991211,82.83499908447266,82.87229919433594,0.0,22290.0,22297.5,22186.099609375,22212.69921875,226000.0,78.37000274658203,78.38999938964844,76.3499984741211,76.48999786376953,353437.0
2024-02-26,2034.0999755859375,2035.4000244140625,2024.800048828125,2028.5,143.0,82.88179779052734,82.94920349121094,82.84459686279297,82.88179779052734,0.0,22169.19921875,22202.150390625,22075.150390625,22122.05078125,207800.0,76.4000015258789,78.02999877929688,75.83999633789062,77.58000183105469,274710.0
2024-02-27,2035.9000244140625,2035.9000244140625,2034.0,2034.0,964.0,82.85199737548828,82.91690063476562,82.82599639892578,82.85199737548828,0.0,22090.19921875,22218.25,22085.650390625,22198.349609375,252200.0,77.62000274658203,79.0,77.16999816894531,78.87000274658203,269236.0
2024-02-28,2029.5,2037.0,2024.800048828125,2033.0,581.0,82.94819641113281,83.00409698486328,82.86990356445312,82.94819641113281,0.0,22214.099609375,22229.150390625,21915.849609375,21951.150390625,203000.0,78.4800033569336,79.62000274658203,77.77999877929688,78.54000091552734,330043.0
2024-02-29,2034.300048828125,2049.800048828125,2034.300048828125,2045.699951171875,706.0,82.91190338134766,83.02200317382812,82.83999633789062,82.91190338134766,0.0,21935.19921875,22060.55078125,21860.650390625,21982.80078125,360200.0,78.19999694824219,79.27999877929688,77.94000244140625,78.26000213623047,317939.0
2024-03-01,2043.0999755859375,2086.89990234375,2041.800048828125,2086.89990234375,1210.0,82.910400390625,82.92859649658203,82.84600067138672,82.910400390625,0.0,22048.30078125,22353.30078125,22047.75,22338.75,351500.0,78.27999877929688,80.8499984741211,78.05000305175781,79.97000122070312,363417.0
2024-03-04,2083.60009765625,2119.800048828125,2080.699951171875,2117.699951171875,805.0,82.84609985351562,82.9979019165039,82.81620025634766,82.84609985351562,0.0,22403.5,22440.900390625,22358.30078125,22405.599609375,298800.0,80.13999938964844,80.41000366210938,78.55999755859375,78.73999786376953,347214.0
2024-03-05,2114.89990234375,2133.5,2111.39990234375,2133.5,1287.0,82.9104995727539,82.9926986694336,82.6980972290039,82.9104995727539,0.0,22371.25,22416.900390625,22269.150390625,22356.30078125,296200.0,78.73999786376953,79.48999786376953,77.5199966430664,78.1500015258789,436521.0
2024-03-06,2125.5,2150.300048828125,2125.5,2150.300048828125,443.0,82.88480377197266,82.91069793701172,82.79900360107422,82.88480377197266,0.0,22327.5,22497.19921875,22224.349609375,22474.05078125,312300.0,78.1500015258789,80.66999816894531,77.98999786376953,79.12999725341797,371049.0
2024-03-07,2147.0,2163.0,2147.0,2158.0,152.0,82.81909942626953,82.85810089111328,82.65899658203125,82.81909942626953,0.0,22505.30078125,22525.650390625,22430.0,22493.55078125,379900.0,79.12999725341797,79.52999877929688,78.0199966430664,78.93000030517578,432923.0
2024-03-11,2181.0,2184.0,2177.199951171875,2182.5,738.0,82.7520980834961,82.77100372314453,82.66000366210938,82.7520980834961,0.0,22517.5,22526.599609375,22307.25,22332.650390625,277900.0,77.80000305175781,78.47000122070312,76.79000091552734,77.93000030517578,329873.0
2024-03-12,2182.5,2182.699951171875,2160.39990234375,2160.39990234375,550.0,82.7782974243164,82.84829711914062,82.7301025390625,82.7782974243164,0.0,22334.44921875,22452.55078125,22256.0,22335.69921875,299200.0,78.08999633789062,78.7300033569336,77.33999633789062,77.55999755859375,309922.0
2024-03-13,2162.5,2175.39990234375,2162.5,2175.39990234375,20.0,82.83509826660156,82.91310119628906,82.7583999633789,82.83509826660156,0.0,22432.19921875,22446.75,21905.650390625,21997.69921875,493300.0,78.05999755859375,79.9000015258789,77.56999969482422,79.72000122070312,316390.0
2024-03-14,2163.0,2163.0,2162.300048828125,2163.0,515.0,82.83110046386719,82.95030212402344,82.80699920654297,82.83110046386719,0.0,21982.55078125,22204.599609375,21917.5,22146.650390625,426700.0,79.62999725341797,81.62000274658203,79.56999969482422,81.26000213623047,297450.0
2024-03-15,2161.699951171875,2161.699951171875,2157.300048828125,2157.300048828125,100.0,82.9655990600586,82.97540283203125,82.83399963378906,82.9655990600586,0.0,22064.849609375,22120.900390625,21931.69921875,22023.349609375,661500.0,81.13999938964844,81.44999694824219,80.48999786376953,81.04000091552734,185078.0
2024-03-18,2146.199951171875,2160.699951171875,2146.199951171875,2160.699951171875,21.0,82.88890075683594,82.9281005859375,82.83300018310547,82.88890075683594,0.0,21990.099609375,22123.69921875,21916.55078125,22055.69921875,356300.0,81.02999877929688,83.08999633789062,81.01000213623047,82.72000122070312,84718.0
2024-03-19,2156.10009765625,2156.300048828125,2156.10009765625,2156.300048828125,12.0,82.86360168457031,83.04570007324219,82.86399841308594,82.86360168457031,0.0,21946.44921875,21978.30078125,21793.099609375,21817.44921875,344200.0,82.8499984741211,83.8499984741211,82.38999938964844,83.47000122070312,76814.0
2024-03-20,2157.300048828125,2185.89990234375,2150.89990234375,2157.89990234375,17.0,83.04239654541016,83.220703125,82.96099853515625,83.04239654541016,0.0,21843.900390625,21930.900390625,21710.19921875,21839.099609375,312400.0,83.19999694824219,83.20999908447266,81.44000244140625,81.68000030517578,351161.0
2024-03-21,2207.0,2211.60009765625,2182.39990234375,2182.39990234375,63.0,83.05460357666016,83.22160339355469,82.8936996459961,83.05460357666016,0.0,21989.900390625,22080.94921875,21941.30078125,22011.94921875,353200.0,81.48999786376953,81.91999816894531,80.30000305175781,81.06999969482422,266860.0
2024-03-22,2179.199951171875,2179.60009765625,2157.5,2158.10009765625,19.0,83.22660064697266,83.7156982421875,83.18190002441406,83.22660064697266,0.0,21932.19921875,22180.69921875,21883.30078125,22096.75,388700.0,80.83999633789062,81.44999694824219,80.41999816894531,80.62999725341797,231101.0
2024-03-26,2182.699951171875,2182.699951171875,2175.60009765625,2175.60009765625,202373.0,83.41739654541016,83.49629974365234,83.26750183105469,83.41739654541016,0.0,21947.900390625,22073.19921875,21947.55078125,22004.69921875,328400.0,81.94000244140625,82.36000061035156,81.22000122070312,81.62000274658203,235845.0
2024-03-27,2179.39990234375,2196.199951171875,2172.10009765625,2190.60009765625,31200.0,83.34549713134766,83.43589782714844,83.28970336914062,83.34549713134766,0.0,22053.94921875,22193.599609375,22052.849609375,22123.650390625,409100.0,81.29000091552734,81.73999786376953,80.55000305175781,81.3499984741211,249964.0
2024-03-28,2193.60009765625,2234.10009765625,2187.10009765625,2217.39990234375,2040.0,83.36499786376953,83.41529846191406,83.30979919433594,83.36499786376953,0.0,22163.599609375,22516.0,22163.599609375,22326.900390625,410500.0,81.70999908447266,83.20999908447266,81.5199966430664,83.16999816894531,293774.0
2024-04-01,2235.699951171875,2264.199951171875,2230.0,2236.5,400.0,83.36479949951172,83.41680145263672,83.23899841308594,83.36479949951172,0.0,22455.0,22529.94921875,22427.75,22462.0,0.0,83.13999938964844,84.48999786376953,82.5999984741211,83.70999908447266,321059.0
2024-04-02,2252.0,2279.199951171875,2247.60009765625,2261.0,435.0,83.40969848632812,83.47440338134766,83.33399963378906,83.40969848632812,0.0,22458.80078125,22497.599609375,22388.150390625,22453.30078125,289500.0,84.04000091552734,85.5,83.8499984741211,85.1500015258789,344040.0
2024-04-03,2281.699951171875,2298.800048828125,2267.89990234375,2294.39990234375,285.0,83.35030364990234,83.5802993774414,83.33200073242188,83.35030364990234,0.0,22385.69921875,22521.099609375,22346.5,22434.650390625,309600.0,85.45999908447266,86.19999694824219,84.8499984741211,85.43000030517578,322549.0
2024-04-04,2301.699951171875,2302.89990234375,2280.0,2288.800048828125,251.0,83.37329864501953,83.51349639892578,83.36000061035156,83.37329864501953,0.0,22592.099609375,22619.0,22303.80078125,22514.650390625,401000.0,85.66000366210938,87.22000122070312,84.63999938964844,86.58999633789062,359534.0
2024-04-05,2289.199951171875,2328.39990234375,2267.39990234375,2325.699951171875,344.0,83.47779846191406,83.4813003540039,83.2490005493164,83.47779846191406,0.0,22486.400390625,22537.599609375,22427.599609375,22513.69921875,242200.0,86.86000061035156,87.62999725341797,86.31999969482422,86.91000366210938,353206.0
2024-04-08,2325.60009765625,2341.800048828125,2319.0,2331.699951171875,202.0,83.29679870605469,83.33609771728516,83.23269653320312,83.29679870605469,0.0,22578.349609375,22697.30078125,22550.349609375,22666.30078125,227600.0,86.0999984741211,87.0999984741211,84.69000244140625,86.43000030517578,393734.0
2024-04-09,2337.800048828125,2364.699951171875,2337.800048828125,2343.5,211.0,83.26959991455078,83.33740234375,83.17330169677734,83.26959991455078,0.0,22765.099609375,22768.400390625,22612.25,22642.75,232400.0,86.58999633789062,86.9800033569336,85.08999633789062,85.2300033569336,314994.0
2024-04-10,2346.60009765625,2358.10009765625,2327.699951171875,2329.60009765625,377.0,83.22429656982422,83.40139770507812,83.15499877929688,83.22429656982422,0.0,22720.25,22775.69921875,22673.69921875,22753.80078125,276800.0,85.33999633789062,86.37999725341797,84.55000305175781,86.20999908447266,373939.0
2024-04-12,2377.300048828125,2429.0,2334.300048828125,2356.199951171875,584.0,83.34929656982422,83.61589813232422,83.25420379638672,83.34929656982422,0.0,22677.400390625,22726.44921875,22503.75,22519.400390625,357200.0,85.5999984741211,87.66999816894531,85.23999786376953,85.66000366210938,369958.0
2024-04-15,2362.10009765625,2384.699951171875,2326.0,2365.800048828125,1801.0,83.61109924316406,83.61150360107422,83.41739654541016,83.61109924316406,0.0,22339.05078125,22427.44921875,22259.55078125,22272.5,355500.0,85.93000030517578,86.11000061035156,84.05000305175781,85.41000366210938,343894.0
2024-04-16,2384.0,2390.800048828125,2371.39990234375,2390.800048828125,41.0,83.50599670410156,83.6968002319336,83.21189880371094,83.50599670410156,0.0,22125.30078125,22213.75,22079.44921875,22147.900390625,317300.0,85.69999694824219,86.18000030517578,84.75,85.36000061035156,241343.0
2024-04-18,2368.39990234375,2384.39990234375,2368.39990234375,2382.300048828125,128.0,83.5958023071289,83.61419677734375,83.48480224609375,83.5958023071289,0.0,22212.349609375,22326.5,21961.69921875,21995.849609375,456900.0,82.79000091552734,83.47000122070312,81.55999755859375,82.7300033569336,84468.0
2024-04-19,2379.300048828125,2399.800048828125,2377.300048828125,2398.39990234375,160.0,83.54499816894531,83.7396011352539,83.36499786376953,83.54499816894531,0.0,21861.5,22179.55078125,21777.650390625,22147.0,362500.0,82.62000274658203,86.27999877929688,81.80000305175781,83.13999938964844,76901.0
2024-04-22,2383.300048828125,2383.300048828125,2326.89990234375,2332.199951171875,53.0,83.38529968261719,83.44629669189453,83.32160186767578,83.38529968261719,0.0,22336.900390625,22375.650390625,22198.150390625,22336.400390625,279300.0,83.05000305175781,83.3499984741211,81.8499984741211,82.8499984741211,313914.0
2024-04-23,2327.699951171875,2330.800048828125,2294.199951171875,2327.699951171875,171.0,83.38619995117188,83.38999938964844,83.22810363769531,83.38619995117188,0.0,22447.05078125,22447.55078125,22349.44921875,22368.0,231500.0,82.12999725341797,83.43000030517578,80.87999725341797,83.36000061035156,355814.0
2024-04-24,2321.300048828125,2328.699951171875,2314.60009765625,2324.5,95.0,83.2833023071289,83.34960174560547,83.25910186767578,83.2833023071289,0.0,22421.55078125,22476.44921875,22384.0,22402.400390625,235900.0,83.4000015258789,83.70999908447266,82.44000244140625,82.80999755859375,329077.0
2024-04-25,2315.0,2329.800048828125,2305.0,2329.800048828125,1024.0,83.3405990600586,83.39600372314453,83.268798828125,83.3405990600586,0.0,22316.900390625,22625.94921875,22305.25,22570.349609375,475000.0,82.83000183105469,83.83000183105469,81.98999786376953,83.56999969482422,314116.0
2024-04-26,2347.89990234375,2347.89990234375,2332.800048828125,2334.800048828125,717.0,83.30180358886719,83.41529846191406,83.26499938964844,83.30180358886719,0.0,22620.400390625,22620.400390625,22385.55078125,22419.94921875,329900.0,83.80999755859375,84.45999908447266,83.3499984741211,83.8499984741211,244090.0
2024-04-29,2334.800048828125,2345.5,2327.89990234375,2345.39990234375,405.0,83.40229797363281,83.57350158691406,83.29830169677734,83.40229797363281,0.0,22475.55078125,22655.80078125,22441.900390625,22643.400390625,292000.0,83.69000244140625,83.91000366210938,82.4000015258789,82.62999725341797,336984.0
2024-04-30,2322.5,2322.5,2291.39990234375,2291.39990234375,113.0,83.45110321044922,83.51969909667969,83.39800262451172,83.45110321044922,0.0,22679.650390625,22783.349609375,22568.400390625,22604.849609375,361900.0,82.76000213623047,83.30000305175781,80.94999694824219,81.93000030517578,400680.0
2024-05-02,2321.699951171875,2324.699951171875,2292.300048828125,2299.199951171875,56.0,83.40640258789062,83.4885025024414,83.40640258789062,83.40640258789062,0.0,22567.849609375,22710.5,22567.849609375,22648.19921875,445900.0,79.1500015258789,79.9000015258789,78.41000366210938,78.94999694824219,359652.0
2024-05-03,2300.0,2301.0,2277.60009765625,2299.0,194.0,83.40630340576172,83.46939849853516,83.30359649658203,83.40630340576172,0.0,22766.349609375,22794.69921875,22348.05078125,22475.849609375,438100.0,79.06999969482422,79.62999725341797,77.95999908447266,78.11000061035156,324438.0
2024-05-06,2322.800048828125,2325.5,2314.199951171875,2321.60009765625,9.0,83.37999725341797,83.59940338134766,83.29910278320312,83.37999725341797,0.0,22561.599609375,22588.80078125,22409.44921875,22442.69921875,320300.0,78.16000366210938,79.08999633789062,77.91000366210938,78.4800033569336,297369.0
2024-05-07,2324.300048828125,2324.300048828125,2315.199951171875,2315.199951171875,25.0,83.4728012084961,83.51499938964844,83.42900085449219,83.4728012084961,0.0,22489.75,22499.05078125,22232.05078125,22302.5,297800.0,78.72000122070312,79.16999816894531,77.55000305175781,78.37999725341797,327593.0
2024-05-08,2313.60009765625,2313.60009765625,2313.60009765625,2313.60009765625,4.0,83.46990203857422,83.53589630126953,83.45500183105469,83.46990203857422,0.0,22231.19921875,22368.650390625,22185.19921875,22302.5,277400.0,78.33999633789062,79.2699966430664,76.88999938964844,78.98999786376953,355449.0
2024-05-09,2310.699951171875,2339.5,2310.699951171875,2332.10009765625,5.0,83.46430206298828,83.51110076904297,83.43800354003906,83.46430206298828,0.0,22224.80078125,22307.75,21932.400390625,21957.5,331300.0,79.2300033569336,79.80000305175781,78.91000366210938,79.26000213623047,272712.0
2024-05-10,2367.300048828125,2367.300048828125,2367.300048828125,2367.300048828125,126.0,83.45939636230469,83.57389831542969,83.4489974975586,83.45939636230469,0.0,21990.94921875,22131.30078125,21950.30078125,22055.19921875,265800.0,79.58999633789062,79.95999908447266,78.13999938964844,78.26000213623047,281169.0
2024-05-13,2358.300048828125,2358.300048828125,2336.10009765625,2336.10009765625,14.0,83.5248031616211,83.60880279541016,83.48200225830078,83.5248031616211,0.0,22027.94921875,22131.650390625,21821.05078125,22104.05078125,278200.0,78.18000030517578,79.48999786376953,77.77999877929688,79.12000274658203,287701.0
2024-05-14,2336.0,2358.0,2336.0,2353.39990234375,6.0,83.50550079345703,83.53150177001953,83.48100280761719,83.50550079345703,0.0,22112.900390625,22270.05078125,22081.25,22217.849609375,230200.0,79.2300033569336,79.37999725341797,77.68000030517578,78.0199966430664,307410.0
2024-05-15,2361.60009765625,2388.699951171875,2356.0,2388.699951171875,29.0,83.52420043945312,83.59290313720703,83.42500305175781,83.52420043945312,0.0,22255.599609375,22297.55078125,22151.75,22200.55078125,231900.0,78.44000244140625,78.91999816894531,76.69999694824219,78.62999725341797,321267.0
2024-05-16,2389.5,2392.199951171875,2380.0,2380.0,7.0,83.40509796142578,83.50589752197266,83.36499786376953,83.40509796142578,0.0,22319.19921875,22432.25,22054.55078125,22403.849609375,368900.0,78.83999633789062,79.8499984741211,78.19999694824219,79.2300033569336,230277.0
2024-05-17,2380.699951171875,2415.800048828125,2380.699951171875,2412.199951171875,213.0,83.47010040283203,83.50650024414062,83.28410339355469,83.47010040283203,0.0,22415.25,22502.150390625,22345.650390625,22466.099609375,242700.0,79.37999725341797,80.13999938964844,79.0,80.05999755859375,94152.0
2024-05-21,2429.5,2429.5,2421.0,2421.699951171875,6.0,83.31500244140625,83.35890197753906,83.23590087890625,83.31500244140625,0.0,22404.55078125,22591.099609375,22404.55078125,22529.05078125,347600.0,79.69999694824219,79.72000122070312,78.08000183105469,79.26000213623047,371672.0
2024-05-22,2417.5,2417.60009765625,2375.800048828125,2389.199951171875,180.0,83.31680297851562,83.37950134277344,83.21399688720703,83.31680297851562,0.0,22576.599609375,22629.5,22483.150390625,22597.80078125,290300.0,78.20999908447266,78.41000366210938,77.25,77.56999969482422,314145.0
2024-05-23,2371.199951171875,2371.199951171875,2335.0,2335.0,365.0,83.26709747314453,83.30940246582031,83.19200134277344,83.26709747314453,0.0,22614.099609375,22993.599609375,22577.44921875,22967.650390625,369800.0,77.29000091552734,78.66000366210938,76.43000030517578,76.87000274658203,330273.0
2024-05-24,2342.60009765625,2345.39990234375,2332.5,2332.5,25.0,83.2863998413086,83.3738021850586,83.03140258789062,83.2863998413086,0.0,22930.75,23026.400390625,22908.0,22957.099609375,261900.0,77.04000091552734,78.05000305175781,76.1500015258789,77.72000122070312,299075.0
2024-05-28,2336.89990234375,2359.699951171875,2336.89990234375,2355.199951171875,26.0,83.14569854736328,83.22730255126953,83.08799743652344,83.14569854736328,0.0,22977.150390625,22998.55078125,22858.5,22888.150390625,217900.0,77.80999755859375,80.29000091552734,77.69000244140625,79.83000183105469,334074.0
2024-05-29,2340.300048828125,2340.300048828125,2340.300048828125,2340.300048828125,119317.0,83.20649719238281,83.40589904785156,83.14630126953125,83.20649719238281,0.0,22762.75,22825.5,22685.44921875,22704.69921875,269900.0,80.26000213623047,80.62000274658203,78.98999786376953,79.2300033569336,259594.0
2024-05-30,2336.89990234375,2349.5,2320.800048828125,2342.89990234375,32587.0,83.3656005859375,83.43499755859375,83.21630096435547,83.3656005859375,0.0,22617.44921875,22705.75,22417.0,22488.650390625,373400.0,79.27999877929688,79.41999816894531,77.62999725341797,77.91000366210938,373779.0
2024-05-31,2344.10009765625,2354.0,2319.0,2322.89990234375,941.0,83.3208999633789,83.49400329589844,83.21099853515625,83.3208999633789,0.0,22568.099609375,22653.75,22465.099609375,22530.69921875,572100.0,77.91000366210938,78.62000274658203,76.66999816894531,76.98999786376953,345120.0
2024-06-03,2322.60009765625,2347.5,2312.0,2346.60009765625,781.0,83.45079803466797,83.45110321044922,82.9801025390625,83.45079803466797,0.0,23337.900390625,23338.69921875,23062.30078125,23263.900390625,569400.0,76.97000122070312,77.5199966430664,73.9800033569336,74.22000122070312,443271.0
2024-06-04,2347.5,2347.699951171875,2313.89990234375,2325.5,890.0,83.09339904785156,83.67030334472656,83.08049774169922,83.09339904785156,0.0,23179.5,23179.5,21281.44921875,21884.5,1006100.0,74.0199966430664,74.12999725341797,72.4800033569336,73.25,408721.0
2024-06-05,2326.39990234375,2354.300048828125,2326.199951171875,2354.10009765625,295.0,83.62940216064453,85.18599700927734,83.22119903564453,83.62940216064453,0.0,22128.349609375,22670.400390625,21791.94921875,22620.349609375,638500.0,72.9000015258789,74.33000183105469,72.81999969482422,74.06999969482422,307701.0
2024-06-06,2355.0,2375.800048828125,2355.0,2370.300048828125,179.0,83.38079833984375,83.52159881591797,83.34049987792969,83.38079833984375,0.0,22798.599609375,22910.150390625,22642.599609375,22821.400390625,480400.0,74.30000305175781,75.79000091552734,74.05999755859375,75.55000305175781,291082.0
2024-06-07,2379.89990234375,2385.10009765625,2285.39990234375,2305.199951171875,269.0,83.47309875488281,83.51139831542969,83.28600311279297,83.47309875488281,0.0,22821.849609375,23320.19921875,22789.05078125,23290.150390625,473600.0,75.66999816894531,76.25,75.20999908447266,75.52999877929688,280253.0
2024-06-10,2290.60009765625,2309.300048828125,2290.5,2307.699951171875,69.0,83.52760314941406,83.5884017944336,83.4749984741211,83.52760314941406,0.0,23319.150390625,23411.900390625,23227.150390625,23259.19921875,304400.0,75.3499984741211,78.29000091552734,75.2300033569336,77.73999786376953,317031.0
2024-06-11,2300.0,2314.10009765625,2300.0,2307.5,871.0,83.52980041503906,83.6854019165039,83.4729995727539,83.52980041503906,0.0,23283.75,23389.44921875,23206.650390625,23264.849609375,305200.0,78.12000274658203,78.36000061035156,77.22000122070312,77.9000015258789,314874.0
2024-06-12,2314.89990234375,2338.699951171875,2310.300048828125,2336.0,132.0,83.5968017578125,83.60430145263672,83.43350219726562,83.5968017578125,0.0,23344.44921875,23441.94921875,23295.94921875,23322.94921875,295600.0,78.22000122070312,79.31999969482422,77.87999725341797,78.5,322285.0
2024-06-13,2309.39990234375,2317.699951171875,2296.199951171875,2300.199951171875,298.0,83.5343017578125,83.56159973144531,83.47799682617188,83.5343017578125,0.0,23480.94921875,23481.05078125,23353.900390625,23398.900390625,268300.0,78.37000274658203,78.88999938964844,77.66999816894531,78.62000274658203,307638.0
2024-06-14,2307.0,2331.39990234375,2305.800048828125,2331.39990234375,948.0,83.52210235595703,83.57109832763672,83.51899719238281,83.52210235595703,0.0,23464.94921875,23490.400390625,23334.25,23465.599609375,223100.0,77.95999908447266,79.1500015258789,77.7300033569336,78.44999694824219,245827.0
2024-06-18,2311.800048828125,2330.39990234375,2311.800048828125,2330.39990234375,43.0,83.51010131835938,83.5426025390625,83.30000305175781,83.51010131835938,0.0,23570.80078125,23579.05078125,23499.69921875,23557.900390625,272200.0,80.43000030517578,81.66999816894531,79.7699966430664,81.56999969482422,140709.0
2024-06-20,2328.89990234375,2354.0,2328.300048828125,2353.800048828125,183.0,83.41950225830078,83.67160034179688,83.40769958496094,83.41950225830078,0.0,23586.150390625,23624.0,23442.599609375,23567.0,280300.0,81.5199966430664,82.41000366210938,81.12999725341797,82.16999816894531,420499.0
2024-06-21,2331.199951171875,2331.199951171875,2316.39990234375,2316.39990234375,76.0,83.60160064697266,83.6270980834961,83.49099731445312,83.60160064697266,0.0,23661.150390625,23667.099609375,23398.19921875,23501.099609375,609900.0,81.2699966430664,81.79000091552734,80.3499984741211,80.7300033569336,290500.0
2024-06-24,2323.300048828125,2332.89990234375,2322.699951171875,2330.0,99.0,83.5625,83.57369995117188,83.42179870605469,83.5625,0.0,23382.30078125,23558.099609375,23350.0,23537.849609375,239400.0,80.44999694824219,81.77999877929688,80.2300033569336,81.62999725341797,271745.0
2024-06-25,2324.39990234375,2333.0,2316.60009765625,2316.60009765625,105.0,83.46040344238281,83.49929809570312,83.39790344238281,83.46040344238281,0.0,23577.099609375,23754.150390625,23562.05078125,23721.30078125,298100.0,81.69999694824219,81.9000015258789,80.55000305175781,80.83000183105469,286038.0
2024-06-26,2307.89990234375,2314.39990234375,2298.0,2299.199951171875,986.0,83.41459655761719,83.61360168457031,83.4020004272461,83.41459655761719,0.0,23723.099609375,23889.900390625,23670.44921875,23868.80078125,287800.0,80.72000122070312,81.62999725341797,80.18000030517578,80.9000015258789,308410.0
2024-06-27,2296.800048828125,2329.0,2295.0,2324.5,1532.0,83.58039855957031,83.5886001586914,83.41799926757812,83.58039855957031,0.0,23881.55078125,24087.44921875,23805.400390625,24044.5,515200.0,80.86000061035156,82.04000091552734,80.51000213623047,81.73999786376953,306342.0
2024-06-28,2325.39990234375,2338.300048828125,2319.0,2327.699951171875,92.0,83.45089721679688,83.5083999633789,83.32469940185547,83.45089721679688,0.0,24085.900390625,24174.0,23985.80078125,24010.599609375,354800.0,81.86000061035156,82.72000122070312,80.97000122070312,81.54000091552734,260252.0
2024-07-01,2323.800048828125,2329.699951171875,2321.699951171875,2327.60009765625,237.0,83.36750030517578,83.46620178222656,83.35679626464844,83.36750030517578,0.0,23992.94921875,24164.0,23992.69921875,24141.94921875,0.0,81.44999694824219,83.63999938964844,81.37999725341797,83.37999725341797,345780.0
2024-07-02,2330.699951171875,2334.60009765625,2323.0,2323.0,30.0,83.44129943847656,83.55850219726562,83.42459869384766,83.44129943847656,0.0,24228.75,24236.349609375,24056.400390625,24123.849609375,0.0,83.43000030517578,84.37999725341797,82.72000122070312,82.80999755859375,367787.0
2024-07-03,2330.89990234375,2361.60009765625,2330.89990234375,2359.800048828125,59.0,83.4791030883789,83.5530014038086,83.44409942626953,83.4791030883789,0.0,24291.75,24309.150390625,24207.099609375,24286.5,0.0,83.19999694824219,83.93000030517578,82.45999908447266,83.87999725341797,289685.0
2024-07-05,2354.89990234375,2388.5,2354.89990234375,2388.5,72.0,83.49340057373047,83.51570129394531,83.46299743652344,83.49340057373047,0.0,24213.349609375,24363.0,24168.849609375,24323.849609375,298400.0,83.5999984741211,84.5199966430664,83.0199966430664,83.16000366210938,361357.0
2024-07-08,2381.699951171875,2383.800048828125,2352.800048828125,2355.199951171875,64.0,83.47209930419922,83.50689697265625,83.43930053710938,83.47209930419922,0.0,24329.44921875,24344.599609375,24240.55078125,24320.55078125,266300.0,83.1500015258789,83.31999969482422,82.08000183105469,82.33000183105469,251774.0
2024-07-09,2363.10009765625,2363.699951171875,2360.10009765625,2360.10009765625,9.0,83.45760345458984,83.50980377197266,83.45099639892578,83.45760345458984,0.0,24351.0,24443.599609375,24331.900390625,24433.19921875,250500.0,82.22000122070312,82.4800033569336,81.25,81.41000366210938,297325.0
2024-07-10,2366.300048828125,2377.0,2365.800048828125,2372.199951171875,19.0,83.49299621582031,83.52960205078125,83.47200012207031,83.49299621582031,0.0,24459.849609375,24461.05078125,24141.80078125,24324.44921875,292300.0,81.80999755859375,82.66000366210938,80.80999755859375,82.0999984741211,334380.0
2024-07-11,2378.699951171875,2416.699951171875,2378.699951171875,2415.0,72.0,83.49590301513672,83.58799743652344,83.46600341796875,83.49590301513672,0.0,24396.55078125,24402.650390625,24193.75,24315.94921875,306400.0,82.4000015258789,83.12999725341797,81.62999725341797,82.62000274658203,324170.0
2024-07-12,2399.800048828125,2414.0,2391.300048828125,2414.0,355.0,83.51850128173828,83.55650329589844,83.46620178222656,83.51850128173828,0.0,24387.94921875,24592.19921875,24331.150390625,24502.150390625,325800.0,82.86000061035156,83.73999786376953,82.0999984741211,82.20999908447266,370062.0
2024-07-15,2430.0,2436.0,2422.89990234375,2422.89990234375,540.0,83.52030181884766,83.61689758300781,83.35890197753906,83.52030181884766,0.0,24587.599609375,24635.05078125,24522.75,24586.69921875,305400.0,82.16000366210938,82.58000183105469,81.47000122070312,81.91000366210938,296520.0
2024-07-16,2427.39990234375,2462.39990234375,2427.39990234375,2462.39990234375,93.0,83.58760070800781,83.60350036621094,83.53160095214844,83.58760070800781,0.0,24615.900390625,24661.25,24587.650390625,24613.0,283200.0,81.91999816894531,81.93000030517578,80.22000122070312,80.76000213623047,308186.0
2024-07-18,2466.0,2466.0,2451.800048828125,2451.800048828125,2.0,83.57209777832031,83.66690063476562,83.54900360107422,83.57209777832031,0.0,24543.80078125,24837.75,24504.44921875,24800.849609375,350900.0,83.11000061035156,83.81999969482422,82.04000091552734,82.81999969482422,95704.0
2024-07-19,2418.800048828125,2419.199951171875,2395.5,2395.5,15.0,83.67430114746094,83.72669982910156,83.60040283203125,83.67430114746094,0.0,24853.80078125,24854.80078125,24508.150390625,24530.900390625,343800.0,82.47000122070312,82.87999725341797,80.06999969482422,80.12999725341797,83795.0
2024-07-22,2402.10009765625,2402.10009765625,2392.0,2392.0,18.0,83.73030090332031,83.74140167236328,83.64299774169922,83.73030090332031,0.0,24445.75,24595.19921875,24362.30078125,24509.25,324200.0,80.38999938964844,80.69000244140625,79.16999816894531,79.77999877929688,345235.0
2024-07-23,2395.800048828125,2404.60009765625,2388.699951171875,2404.60009765625,41.0,83.67130279541016,83.71810150146484,83.59929656982422,83.67130279541016,0.0,24568.900390625,24582.55078125,24074.19921875,24479.05078125,436400.0,78.2699966430664,78.7300033569336,76.4000015258789,76.95999908447266,417941.0
2024-07-24,2421.0,2421.0,2411.60009765625,2413.300048828125,6.0,83.70680236816406,83.72769927978516,83.63790130615234,83.70680236816406,0.0,24444.94921875,24504.25,24307.25,24413.5,366600.0,77.44999694824219,78.19000244140625,76.9800033569336,77.58999633789062,355971.0
2024-07-25,2365.5,2365.5,2351.89990234375,2351.89990234375,31.0,83.74299621582031,83.85880279541016,83.66110229492188,83.74299621582031,0.0,24230.94921875,24426.150390625,24210.80078125,24406.099609375,391800.0,77.5,78.47000122070312,76.04000091552734,78.27999877929688,457288.0
2024-07-26,2368.699951171875,2386.89990234375,2368.699951171875,2380.0,95.0,83.73760223388672,83.75479888916016,83.65969848632812,83.73760223388672,0.0,24423.349609375,24861.150390625,24410.900390625,24834.849609375,383800.0,78.3499984741211,78.5999984741211,76.19000244140625,77.16000366210938,365121.0
2024-07-29,2377.300048828125,2377.300048828125,2377.300048828125,2377.300048828125,126409.0,83.72779846191406,83.76470184326172,83.69409942626953,83.72779846191406,0.0,24943.30078125,24999.75,24774.599609375,24836.099609375,355000.0,77.30000305175781,77.69000244140625,75.3499984741211,75.80999755859375,362635.0
2024-07-30,2380.89990234375,2409.300048828125,2373.800048828125,2405.0,25944.0,83.75050354003906,83.7676010131836,83.6989974975586,83.75050354003906,0.0,24839.400390625,24971.75,24798.650390625,24857.30078125,385000.0,75.91000366210938,75.97000122070312,74.58999633789062,74.7300033569336,419478.0
2024-07-31,2407.10009765625,2447.60009765625,2402.800048828125,2426.5,1313.0,83.73899841308594,83.81230163574219,83.6593017578125,83.73899841308594,0.0,24886.69921875,24984.599609375,24856.5,24951.150390625,333600.0,75.23999786376953,78.66000366210938,75.18000030517578,77.91000366210938,460315.0
2024-08-01,2446.699951171875,2455.10009765625,2430.39990234375,2435.0,690.0,83.7177963256836,83.75050354003906,83.65670013427734,83.7177963256836,0.0,25030.94921875,25078.30078125,24956.400390625,25010.900390625,431300.0,78.58999633789062,78.87999725341797,76.23999786376953,76.30999755859375,383014.0
2024-08-02,2444.0,2477.0,2416.0,2425.699951171875,550.0,83.743896484375,83.80599975585938,83.68789672851562,83.743896484375,0.0,24789.0,24851.900390625,24686.849609375,24717.69921875,345000.0,76.87000274658203,77.29000091552734,72.97000122070312,73.5199966430664,467786.0
2024-08-05,2442.0,2449.800048828125,2367.39990234375,2401.699951171875,334.0,83.73529815673828,84.17030334472656,83.73529815673828,83.73529815673828,0.0,24302.849609375,24350.05078125,23893.69921875,24055.599609375,487000.0,74.20999908447266,74.45999908447266,71.66999816894531,72.94000244140625,500151.0
2024-08-06,2414.5,2421.800048828125,2380.0,2389.10009765625,163.0,84.00260162353516,84.09529876708984,83.83100128173828,84.00260162353516,0.0,24189.849609375,24382.599609375,23960.400390625,23992.55078125,312300.0,73.86000061035156,74.55999755859375,72.19999694824219,73.19999694824219,352250.0
2024-08-07,2392.199951171875,2401.0,2384.5,2390.5,130.0,83.93489837646484,83.97530364990234,83.87000274658203,83.93489837646484,0.0,24289.400390625,24337.69921875,24184.900390625,24297.5,317600.0,72.83999633789062,75.83999633789062,72.58000183105469,75.2300033569336,427995.0
2024-08-08,2384.300048828125,2422.800048828125,2384.300048828125,2422.199951171875,201.0,83.94239807128906,84.00900268554688,83.78990173339844,83.94239807128906,0.0,24248.55078125,24340.5,24079.69921875,24117.0,311900.0,75.47000122070312,76.5199966430664,74.5999984741211,76.19000244140625,327301.0
2024-08-09,2422.300048828125,2432.10009765625,2418.5,2432.10009765625,611.0,83.98899841308594,83.99310302734375,83.87999725341797,83.98899841308594,0.0,24386.849609375,24419.75,24311.19921875,24367.5,215100.0,76.0199966430664,77.08999633789062,75.8499984741211,76.83999633789062,263007.0
2024-08-12,2432.699951171875,2469.800048828125,2432.0,2462.39990234375,566.0,83.94979858398438,83.9646987915039,83.82150268554688,83.94979858398438,0.0,24320.05078125,24472.80078125,24212.099609375,24347.0,279900.0,76.98999786376953,80.16000366210938,76.69999694824219,80.05999755859375,376747.0
2024-08-13,2461.0,2470.0,2456.5,2466.699951171875,510.0,83.88999938964844,83.97000122070312,83.88700103759766,83.88999938964844,0.0,24342.349609375,24359.94921875,24116.5,24139.0,239700.0,79.73999786376953,80.1500015258789,78.16000366210938,78.3499984741211,370763.0
2024-08-14,2468.0,2472.10009765625,2439.39990234375,2439.39990234375,274.0,83.88200378417969,83.97550201416016,83.88899993896484,83.88200378417969,0.0,24184.400390625,24196.5,24099.69921875,24143.75,303300.0,78.7300033569336,79.0999984741211,76.83000183105469,76.9800033569336,357636.0
2024-08-16,2453.5,2508.0,2451.39990234375,2498.60009765625,197.0,83.94830322265625,83.97039794921875,83.8550033569336,83.94830322265625,0.0,24334.849609375,24563.900390625,24204.5,24541.150390625,271600.0,78.16000366210938,78.16000366210938,75.54000091552734,76.6500015258789,100810.0
2024-08-19,2508.5,2508.5,2487.199951171875,2501.800048828125,88.0,83.88980102539062,83.9364013671875,83.7864990234375,83.88980102539062,0.0,24636.349609375,24638.80078125,24522.94921875,24572.650390625,243600.0,76.58000183105469,76.87000274658203,74.16999816894531,74.37000274658203,118172.0
2024-08-20,2503.5,2527.300048828125,2500.699951171875,2511.300048828125,187.0,83.87860107421875,83.89399719238281,83.4093017578125,83.87860107421875,0.0,24648.900390625,24734.30078125,24607.19921875,24698.849609375,238300.0,74.33999633789062,75.02999877929688,73.5,74.04000091552734,329276.0
2024-08-21,2511.0,2515.39990234375,2503.89990234375,2508.39990234375,96.0,83.77940368652344,83.9363021850586,83.71099853515625,83.77940368652344,0.0,24680.55078125,24787.94921875,24654.5,24770.19921875,257100.0,73.12000274658203,74.16000366210938,71.45999908447266,71.93000030517578,390527.0
2024-08-22,2504.10009765625,2504.10009765625,2471.10009765625,2478.89990234375,210.0,83.88860321044922,83.96990203857422,83.87539672851562,83.88860321044922,0.0,24863.400390625,24867.349609375,24784.44921875,24811.5,220300.0,71.93000030517578,73.5199966430664,71.58000183105469,73.01000213623047,334117.0
2024-08-23,2486.5,2508.39990234375,2486.5,2508.39990234375,94.0,83.94059753417969,83.94010162353516,83.79389953613281,83.94059753417969,0.0,24845.400390625,24858.400390625,24771.650390625,24823.150390625,206800.0,72.95999908447266,75.06999969482422,72.83000183105469,74.83000183105469,313764.0
2024-08-26,2509.89990234375,2523.10009765625,2509.10009765625,2517.699951171875,290.0,83.81379699707031,83.902099609375,83.66419982910156,83.81379699707031,0.0,24906.099609375,25043.80078125,24874.69921875,25010.599609375,210300.0,75.0999984741211,77.5999984741211,75.04000091552734,77.41999816894531,409675.0
2024-08-27,2515.199951171875,2523.10009765625,2506.89990234375,2516.0,100.0,83.88369750976562,83.94869995117188,83.87580108642578,83.88369750976562,0.0,25024.80078125,25073.099609375,24973.650390625,25017.75,223300.0,77.19999694824219,77.4800033569336,75.4000015258789,75.52999877929688,331162.0
2024-08-28,2501.0,2501.0,2501.0,2501.0,2353.0,83.92160034179688,83.97840118408203,83.90499877929688,83.92160034179688,0.0,25030.80078125,25129.599609375,24964.650390625,25052.349609375,220400.0,75.75,75.94999694824219,73.81999969482422,74.5199966430664,337361.0
2024-08-29,2504.10009765625,2525.699951171875,2503.89990234375,2525.699951171875,3966.0,83.94149780273438,83.98100280761719,83.84729766845703,83.94149780273438,0.0,25035.30078125,25192.900390625,24998.5,25151.94921875,354000.0,74.41999816894531,76.91000366210938,74.05000305175781,75.91000366210938,408147.0
2024-08-30,2519.5,2525.39990234375,2493.800048828125,2493.800048828125,208.0,83.89510345458984,83.89659881591797,83.80500030517578,83.89510345458984,0.0,25249.69921875,25268.349609375,25199.400390625,25235.900390625,638200.0,75.87000274658203,76.58999633789062,73.36000061035156,73.55000305175781,427273.0
2024-09-03,2501.60009765625,2501.800048828125,2476.300048828125,2489.89990234375,206.0,83.92729949951172,83.98509979248047,83.9000015258789,83.92729949951172,0.0,25313.400390625,25321.69921875,25235.80078125,25279.849609375,212100.0,73.52999877929688,74.41000366210938,70.0999984741211,70.33999633789062,546617.0
2024-09-04,2490.89990234375,2493.39990234375,2483.5,2493.39990234375,470.0,83.95030212402344,84.0176010131836,83.93699645996094,83.95030212402344,0.0,25089.94921875,25216.0,25083.80078125,25198.69921875,253800.0,70.27999877929688,71.45999908447266,68.81999969482422,69.19999694824219,482025.0
2024-09-05,2493.699951171875,2513.300048828125,2493.39990234375,2511.39990234375,54.0,83.98249816894531,83.99079895019531,83.95700073242188,83.98249816894531,0.0,25250.5,25275.44921875,25127.75,25145.099609375,222200.0,69.2699966430664,70.81999969482422,68.75,69.1500015258789,405596.0
2024-09-06,2510.300048828125,2517.89990234375,2483.699951171875,2493.5,96.0,83.98359680175781,83.98770141601562,83.90609741210938,83.98359680175781,0.0,25093.69921875,25168.75,24801.30078125,24852.150390625,311700.0,69.33000183105469,70.12999725341797,67.16999816894531,67.66999816894531,351074.0
2024-09-09,2491.300048828125,2504.699951171875,2491.300048828125,2501.800048828125,96.0,83.98259735107422,83.98259735107422,83.92939758300781,83.98259735107422,0.0,24823.400390625,24957.5,24753.150390625,24936.400390625,254400.0,68.12999725341797,68.95999908447266,67.30999755859375,68.70999908447266,351074.0
2024-09-10,2512.300048828125,2512.300048828125,2512.300048828125,2512.300048828125,5.0,83.98090362548828,84.1946029663086,83.94499969482422,83.98090362548828,0.0,24999.400390625,25130.5,24896.80078125,25041.099609375,251300.0,68.77999877929688,69.08000183105469,65.2699966430664,65.75,442855.0
2024-09-11,2525.800048828125,2525.800048828125,2502.300048828125,2512.10009765625,90.0,83.98200225830078,84.12030029296875,83.92900085449219,83.98200225830078,0.0,25034.0,25113.69921875,24885.150390625,24918.44921875,279200.0,66.27999877929688,67.97000122070312,65.62999725341797,67.30999755859375,393311.0
2024-09-12,2529.10009765625,2557.0,2523.39990234375,2551.199951171875,132.0,83.99259948730469,83.99359893798828,83.90299987792969,83.99259948730469,0.0,25059.650390625,25433.349609375,24941.44921875,25388.900390625,380100.0,67.38999938964844,69.80999755859375,67.23999786376953,68.97000122070312,351976.0
2024-09-13,2568.800048828125,2581.800048828125,2565.0,2581.300048828125,31.0,83.93479919433594,84.02529907226562,83.8550033569336,83.93479919433594,0.0,25430.44921875,25430.5,25292.44921875,25356.5,250800.0,69.30999755859375,70.31999969482422,68.47000122070312,68.6500015258789,308983.0
2024-09-16,2580.39990234375,2580.39990234375,2580.39990234375,2580.39990234375,28.0,83.88480377197266,83.91490173339844,83.839599609375,83.88480377197266,0.0,25406.650390625,25445.69921875,25336.19921875,25383.75,168700.0,69.16000366210938,70.69999694824219,68.6500015258789,70.08999633789062,295176.0
2024-09-17,2581.199951171875,2581.800048828125,2564.300048828125,2564.300048828125,22.0,83.88400268554688,83.90760040283203,83.70490264892578,83.88400268554688,0.0,25416.900390625,25441.650390625,25352.25,25418.55078125,216000.0,70.5,71.91999816894531,69.61000061035156,71.19000244140625,251629.0
2024-09-18,2570.699951171875,2570.699951171875,2549.199951171875,2570.699951171875,25.0,83.77059936523438,83.8676986694336,83.6593017578125,83.77059936523438,0.0,25402.400390625,25482.19921875,25285.55078125,25377.55078125,215700.0,71.13999938964844,71.4800033569336,69.7300033569336,70.91000366210938,102907.0
2024-09-19,2566.0,2588.0,2566.0,2588.0,99.0,83.69170379638672,83.7645034790039,83.56500244140625,83.69170379638672,0.0,25487.05078125,25611.94921875,25376.05078125,25415.80078125,314500.0,70.12999725341797,72.48999786376953,70.12999725341797,71.94999694824219,86630.0
2024-09-20,2590.39990234375,2621.800048828125,2590.39990234375,2619.89990234375,17.0,83.61470031738281,83.62740325927734,83.47339630126953,83.61470031738281,0.0,25525.94921875,25849.25,25426.599609375,25790.94921875,533100.0,72.0999984741211,72.4000015258789,71.36000061035156,71.91999816894531,306997.0
2024-09-23,2626.5,2626.5,2626.5,2626.5,9.0,83.48709869384766,83.67379760742188,83.4634017944336,83.48709869384766,0.0,25872.55078125,25956.0,25847.349609375,25939.05078125,209200.0,71.30999755859375,71.80999755859375,69.48999786376953,70.37000274658203,338267.0
2024-09-24,2636.800048828125,2662.300048828125,2625.5,2651.199951171875,35.0,83.55960083007812,83.77130126953125,83.5154037475586,83.55960083007812,0.0,25921.44921875,26011.55078125,25886.849609375,25940.400390625,384100.0,70.76000213623047,72.4000015258789,70.44000244140625,71.55999755859375,318516.0
2024-09-25,2656.300048828125,2664.199951171875,2649.300048828125,2659.199951171875,175.0,83.56759643554688,83.6364974975586,83.44010162353516,83.56759643554688,0.0,25899.44921875,26032.80078125,25871.349609375,26004.150390625,278500.0,71.54000091552734,71.72000122070312,69.2300033569336,69.69000244140625,476237.0
2024-09-26,2662.300048828125,2669.89990234375,2660.800048828125,2669.89990234375,17216.0,83.62409973144531,83.71260070800781,83.57319641113281,83.62409973144531,0.0,26005.400390625,26250.900390625,25998.400390625,26216.05078125,370900.0,69.88999938964844,70.01000213623047,66.94999694824219,67.66999816894531,478069.0
2024-09-27,2670.0,2672.10009765625,2641.699951171875,2644.300048828125,4228.0,83.61710357666016,83.70800018310547,83.5635986328125,83.61710357666016,0.0,26248.25,26277.349609375,26151.400390625,26178.94921875,490300.0,67.44999694824219,68.6500015258789,67.05999755859375,68.18000030517578,341133.0
2024-09-30,2660.89990234375,2662.10009765625,2623.199951171875,2636.10009765625,973.0,83.71640014648438,83.90950012207031,83.6448974609375,83.71640014648438,0.0,26061.30078125,26134.69921875,25794.099609375,25810.849609375,343100.0,68.62999725341797,69.31999969482422,67.56999969482422,68.16999816894531,350115.0
2024-10-01,2631.39990234375,2670.89990234375,2631.39990234375,2667.300048828125,153.0,83.82730102539062,83.94960021972656,83.7603988647461,83.82730102539062,0.0,25788.44921875,25907.599609375,25739.19921875,25796.900390625,247400.0,68.41000366210938,71.94000244140625,66.33000183105469,69.83000183105469,668216.0
2024-10-03,2642.800048828125,2657.10009765625,2640.0,2657.10009765625,354.0,83.91960144042969,84.03209686279297,83.89299774169922,83.91960144042969,0.0,25452.849609375,25639.44921875,25230.30078125,25250.099609375,423400.0,70.9800033569336,74.08999633789062,70.5199966430664,73.70999908447266,460554.0
2024-10-04,2656.0,2667.0,2639.0,2645.800048828125,114.0,84.0093994140625,84.04280090332031,83.94529724121094,84.0093994140625,0.0,25181.900390625,25485.05078125,24966.80078125,25014.599609375,374900.0,73.94999694824219,75.56999969482422,73.45999908447266,74.37999725341797,428815.0
2024-10-07,2648.699951171875,2657.39990234375,2639.0,2644.800048828125,284.0,84.02780151367188,84.02780151367188,83.94999694824219,84.02780151367188,0.0,25084.099609375,25143.0,24694.349609375,24795.75,374300.0,74.4000015258789,77.4000015258789,73.62000274658203,77.13999938964844,419018.0
2024-10-08,2639.0,2639.0,2609.300048828125,2615.0,687.0,83.96410369873047,84.1001968383789,83.91600036621094,83.96410369873047,0.0,24832.19921875,25044.0,24756.80078125,25013.150390625,333200.0,77.33000183105469,78.45999908447266,72.69000244140625,73.56999969482422,496760.0
2024-10-09,2603.0,2607.699951171875,2603.0,2606.0,152.0,83.91459655761719,83.97769927978516,83.78099822998047,83.91459655761719,0.0,25065.80078125,25234.05078125,24947.69921875,24981.94921875,290600.0,73.83999633789062,74.44999694824219,71.52999877929688,73.23999786376953,401159.0
2024-10-10,2602.5,2628.300048828125,2602.5,2620.60009765625,320.0,83.94219970703125,83.98059844970703,83.92230224609375,83.94219970703125,0.0,25067.05078125,25134.05078125,24979.400390625,24998.44921875,261400.0,73.38999938964844,76.23999786376953,73.26000213623047,75.8499984741211,321453.0
2024-10-11,2638.300048828125,2658.10009765625,2638.199951171875,2657.60009765625,12.0,83.94599914550781,84.12449645996094,83.94149780273438,83.94599914550781,0.0,24985.30078125,25028.650390625,24920.05078125,24964.25,210500.0,75.73999786376953,76.04000091552734,74.52999877929688,75.55999755859375,315302.0
2024-10-14,2655.0,2655.300048828125,2647.800048828125,2647.800048828125,40.0,84.16829681396484,84.16840362548828,83.97669982910156,84.16829681396484,0.0,25023.44921875,25159.75,25017.5,25127.94921875,206400.0,75.05000305175781,75.08000183105469,71.80999755859375,73.83000183105469,273455.0
2024-10-15,2661.39990234375,2661.39990234375,2661.39990234375,2661.39990234375,39.0,84.04850006103516,84.07279968261719,84.01809692382812,84.04850006103516,0.0,25186.30078125,25212.05078125,25008.150390625,25057.349609375,257200.0,71.51000213623047,72.12000274658203,69.70999908447266,70.58000183105469,328738.0
2024-10-16,2674.0,2674.0,2674.0,2674.0,6.0,84.05619812011719,84.09429931640625,83.98999786376953,84.05619812011719,0.0,25008.55078125,25093.400390625,24908.44921875,24971.30078125,226800.0,70.98999786376953,71.30999755859375,69.63999938964844,70.38999938964844,222437.0
2024-10-17,2677.39990234375,2691.699951171875,2677.199951171875,2691.0,30.0,84.03929901123047,84.08789825439453,84.00299835205078,84.03929901123047,0.0,25027.400390625,25029.5,24728.900390625,24749.849609375,252800.0,70.68000030517578,71.11000061035156,69.44000244140625,70.66999816894531,188161.0
2024-10-18,2713.699951171875,2719.60009765625,2713.699951171875,2713.699951171875,29.0,84.05380249023438,84.07779693603516,84.01830291748047,84.05380249023438,0.0,24664.94921875,24886.19921875,24567.650390625,24854.05078125,290900.0,70.75,71.2300033569336,68.69000244140625,69.22000122070312,95768.0
2024-10-21,2721.89990234375,2738.39990234375,2719.5,2723.10009765625,52.0,84.0687026977539,84.08679962158203,84.0385971069336,84.0687026977539,0.0,24956.150390625,24978.30078125,24679.599609375,24781.099609375,242000.0,69.45999908447266,71.02999877929688,69.0,70.55999755859375,92584.0
2024-10-22,2731.699951171875,2746.0,2728.60009765625,2744.199951171875,93.0,84.07350158691406,84.177001953125,84.05979919433594,84.07350158691406,0.0,24798.650390625,24882.0,24445.80078125,24472.099609375,279500.0,70.48999786376953,72.66000366210938,70.05000305175781,72.08999633789062,330456.0
2024-10-23,2742.5,2742.5,2714.199951171875,2714.39990234375,18.0,84.08399963378906,84.11380004882812,84.05899810791016,84.08399963378906,0.0,24378.150390625,24604.25,24378.099609375,24435.5,284600.0,71.3499984741211,71.72000122070312,70.12999725341797,70.7699966430664,293835.0
2024-10-24,2729.0,2736.10009765625,2729.0,2734.89990234375,27.0,84.06759643554688,84.08200073242188,84.04769897460938,84.06759643554688,0.0,24412.69921875,24480.650390625,24341.19921875,24399.400390625,216700.0,71.0199966430664,72.33999633789062,69.7699966430664,70.19000244140625,286571.0
2024-10-25,2725.5,2742.39990234375,2725.5,2740.89990234375,29.0,84.08180236816406,84.09329986572266,84.05799865722656,84.08180236816406,0.0,24418.05078125,24440.25,24073.900390625,24180.80078125,372600.0,70.33000183105469,71.91999816894531,69.95999908447266,71.77999877929688,287189.0
2024-10-28,2736.10009765625,2742.89990234375,2729.5,2742.89990234375,56.0,84.10199737548828,84.0968017578125,84.05799865722656,84.10199737548828,0.0,24251.099609375,24492.599609375,24134.900390625,24339.150390625,278600.0,68.9800033569336,69.0,66.91999816894531,67.37999725341797,419623.0
2024-10-29,2768.39990234375,2768.39990234375,2768.39990234375,2768.39990234375,848.0,84.10279846191406,84.10929870605469,84.0270004272461,84.10279846191406,0.0,24328.849609375,24484.5,24140.849609375,24466.849609375,332000.0,68.0199966430664,68.5199966430664,66.72000122070312,67.20999908447266,291929.0
2024-10-30,2774.60009765625,2789.0,2774.60009765625,2788.5,231.0,84.08930206298828,84.09439849853516,84.04499816894531,84.08930206298828,0.0,24371.44921875,24498.19921875,24307.30078125,24340.849609375,285200.0,67.47000122070312,69.16999816894531,67.27999877929688,68.61000061035156,284795.0
2024-10-31,2787.39990234375,2787.5,2733.5,2738.300048828125,849.0,84.08910369873047,84.1865005493164,84.0510025024414,84.08910369873047,0.0,24349.849609375,24372.44921875,24172.599609375,24205.349609375,287000.0,69.0999984741211,70.80999755859375,68.30000305175781,69.26000213623047,311055.0
2024-11-01,2745.5,2756.0,2734.199951171875,2738.60009765625,109.0,84.09149932861328,84.1093978881836,84.03399658203125,84.09149932861328,0.0,24302.75,24368.25,24280.19921875,24304.349609375,38800.0,70.44000244140625,71.44999694824219,69.31999969482422,69.48999786376953,320572.0
2024-11-04,2736.5,2737.10009765625,2736.10009765625,2736.10009765625,16.0,84.13359832763672,84.18240356445312,84.0425033569336,84.13359832763672,0.0,24315.75,24316.75,23816.150390625,23995.349609375,285500.0,70.29000091552734,71.80999755859375,70.25,71.47000122070312,286947.0
2024-11-05,2743.0,2743.89990234375,2740.300048828125,2740.300048828125,23.0,84.15249633789062,84.16639709472656,84.0916976928711,84.15249633789062,0.0,23916.5,24229.05078125,23842.75,24213.30078125,289500.0,71.62000274658203,72.66999816894531,71.29000091552734,71.98999786376953,247311.0
2024-11-06,2734.5,2734.5,2659.39990234375,2667.60009765625,427.0,84.11630249023438,84.34220123291016,84.00830078125,84.11630249023438,0.0,24308.75,24537.599609375,24204.05078125,24484.05078125,351100.0,72.0199966430664,72.62999725341797,69.73999786376953,71.69000244140625,388265.0
2024-11-07,2662.5,2699.10009765625,2662.5,2698.39990234375,676.0,84.2511978149414,84.38330078125,84.2239990234375,84.2511978149414,0.0,24489.599609375,24503.349609375,24179.05078125,24199.349609375,322200.0,71.87000274658203,72.87999725341797,70.66000366210938,72.36000061035156,353595.0
2024-11-08,2688.5,2694.60009765625,2682.89990234375,2687.5,1038.0,84.306396484375,84.43150329589844,84.30400085449219,84.306396484375,0.0,24207.69921875,24276.150390625,24066.650390625,24148.19921875,298700.0,72.20999908447266,72.25,69.98999786376953,70.37999725341797,362038.0
2024-11-11,2671.699951171875,2671.699951171875,2611.199951171875,2611.199951171875,20.0,84.38289642333984,84.42240142822266,84.36699676513672,84.38289642333984,0.0,24087.25,24336.80078125,24004.599609375,24141.30078125,273400.0,70.25,70.55999755859375,67.91999816894531,68.04000091552734,364506.0
2024-11-12,2605.5,2605.5,2592.800048828125,2600.0,118.0,84.39649963378906,84.41590118408203,84.3604965209961,84.39649963378906,0.0,24225.80078125,24242.0,23839.150390625,23883.44921875,255800.0,68.1500015258789,69.12999725341797,67.75,68.12000274658203,286926.0
2024-11-13,2611.10009765625,2611.800048828125,2580.800048828125,2580.800048828125,53.0,84.39530181884766,84.49299621582031,84.35050201416016,84.39530181884766,0.0,23822.44921875,23873.599609375,23509.599609375,23559.05078125,304600.0,67.9800033569336,68.86000061035156,66.94000244140625,68.43000030517578,386027.0
2024-11-14,2555.10009765625,2576.199951171875,2554.199951171875,2568.199951171875,27.0,84.4229965209961,84.47820281982422,84.3936996459961,84.4229965209961,0.0,23542.150390625,23675.900390625,23484.150390625,23532.69921875,257700.0,68.12999725341797,69.38999938964844,67.91999816894531,68.69999694824219,232270.0
2024-11-18,2591.699951171875,2610.699951171875,2589.39990234375,2610.60009765625,136.0,84.47750091552734,84.45179748535156,84.37629699707031,84.47750091552734,0.0,23605.30078125,23606.80078125,23350.400390625,23453.80078125,263300.0,66.86000061035156,69.38999938964844,66.61000061035156,69.16000366210938,110375.0
2024-11-19,2621.89990234375,2627.699951171875,2619.300048828125,2627.10009765625,87.0,84.39849853515625,84.43800354003906,84.35430145263672,84.39849853515625,0.0,23529.55078125,23780.650390625,23464.80078125,23518.5,297500.0,69.01000213623047,69.69000244140625,68.44999694824219,69.38999938964844,89360.0
2024-11-21,2659.300048828125,2672.10009765625,2655.699951171875,2672.10009765625,33.0,84.38310241699219,84.52300262451172,84.385498046875,84.38310241699219,0.0,23488.44921875,23507.30078125,23263.150390625,23349.900390625,420300.0,69.04000091552734,70.37999725341797,68.86000061035156,70.0999984741211,283850.0
2024-11-22,2687.5,2710.5,2685.60009765625,2709.89990234375,41.0,84.48829650878906,84.51390075683594,84.4000015258789,84.48829650878906,0.0,23411.80078125,23956.099609375,23359.0,23907.25,367600.0,70.18000030517578,71.51000213623047,69.29000091552734,71.23999786376953,408207.0
2024-11-25,2689.39990234375,2689.39990234375,2616.800048828125,2616.800048828125,94.0,84.43599700927734,84.43820190429688,84.24099731445312,84.43599700927734,0.0,24253.55078125,24351.55078125,24135.44921875,24221.900390625,687200.0,71.44000244140625,71.4800033569336,68.73999786376953,68.94000244140625,380922.0
2024-11-26,2625.60009765625,2625.60009765625,2620.300048828125,2620.300048828125,177858.0,84.37750244140625,84.42150115966797,84.2249984741211,84.37750244140625,0.0,24343.30078125,24343.30078125,24125.400390625,24194.5,230700.0,69.08000183105469,70.30000305175781,68.05000305175781,68.7699966430664,292138.0
2024-11-27,2633.5,2657.89990234375,2627.199951171875,2639.89990234375,61653.0,84.33910369873047,84.46949768066406,84.31880187988281,84.33910369873047,0.0,24204.80078125,24354.55078125,24145.650390625,24274.900390625,295000.0,68.91000366210938,69.37000274658203,68.18000030517578,68.72000122070312,227215.0
2024-11-29,2636.39990234375,2664.300048828125,2620.699951171875,2657.0,3861.0,84.47160339355469,84.63980102539062,84.45320129394531,84.47160339355469,0.0,23927.150390625,24188.44921875,23927.150390625,24131.099609375,282100.0,68.7699966430664,69.69000244140625,67.87000274658203,68.0,291408.0
2024-12-02,2649.0,2649.800048828125,2621.699951171875,2634.89990234375,695.0,84.55699920654297,84.74949645996094,84.56939697265625,84.55699920654297,0.0,24140.849609375,24301.69921875,24008.650390625,24276.05078125,220400.0,68.0,69.11000061035156,67.70999908447266,68.0999984741211,264883.0
2024-12-03,2639.0,2654.699951171875,2636.0,2644.699951171875,1062.0,84.73709869384766,84.8406982421875,84.62570190429688,84.73709869384766,0.0,24367.5,24481.349609375,24280.0,24457.150390625,339500.0,68.16000366210938,70.2300033569336,67.91000366210938,69.94000244140625,303752.0
2024-12-04,2639.199951171875,2658.300048828125,2637.0,2653.800048828125,249.0,84.68309783935547,84.77050018310547,84.64099884033203,84.68309783935547,0.0,24488.75,24573.19921875,24366.30078125,24467.44921875,348000.0,70.0199966430664,70.51000213623047,68.48999786376953,68.54000091552734,325636.0
2024-12-05,2652.39990234375,2655.0,2625.699951171875,2626.60009765625,573.0,84.70700073242188,84.75060272216797,84.66500091552734,84.70700073242188,0.0,24539.150390625,24857.75,24295.55078125,24708.400390625,361500.0,68.73999786376953,69.16000366210938,67.9800033569336,68.30000305175781,286701.0
2024-12-06,2620.199951171875,2643.10009765625,2617.5,2638.60009765625,571.0,84.68379974365234,84.71029663085938,84.44239807128906,84.68379974365234,0.0,24729.44921875,24751.05078125,24620.5,24677.80078125,226700.0,68.44000244140625,68.48999786376953,66.9800033569336,67.19999694824219,341593.0
2024-12-09,2632.10009765625,2677.10009765625,2630.800048828125,2664.89990234375,935.0,84.66600036621094,84.91429901123047,84.6729965209961,84.66600036621094,0.0,24633.900390625,24705.0,24580.05078125,24619.0,248100.0,67.1500015258789,68.87999725341797,67.08000183105469,68.37000274658203,297085.0
2024-12-10,2662.300048828125,2698.199951171875,2661.0,2697.60009765625,437.0,84.84729766845703,84.91410064697266,84.76460266113281,84.84729766845703,0.0,24652.650390625,24677.80078125,24510.650390625,24610.05078125,261000.0,68.19000244140625,69.05999755859375,67.72000122070312,68.58999633789062,286003.0
2024-12-11,2701.800048828125,2733.800048828125,2693.10009765625,2733.800048828125,3387.0,84.8740005493164,84.9093017578125,84.77549743652344,84.8740005493164,0.0,24620.5,24691.75,24583.849609375,24641.80078125,187300.0,68.5,70.52999877929688,68.44000244140625,70.29000091552734,335892.0
2024-12-12,2725.10009765625,2725.10009765625,2677.39990234375,2687.5,2365.0,84.85710144042969,85.05110168457031,84.82440185546875,84.85710144042969,0.0,24604.44921875,24675.25,24527.94921875,24548.69921875,266100.0,70.43000030517578,70.72000122070312,69.13999938964844,70.0199966430664,326046.0
2024-12-13,2688.199951171875,2689.300048828125,2647.89990234375,2656.0,1125.0,84.83920288085938,85.01509857177734,84.77100372314453,84.83920288085938,0.0,24498.349609375,24792.30078125,24180.80078125,24768.30078125,310100.0,70.05999755859375,71.41999816894531,69.87000274658203,71.29000091552734,230429.0
2024-12-16,2658.300048828125,2663.300048828125,2651.0,2651.39990234375,877.0,84.802001953125,84.92720031738281,84.76570129394531,84.802001953125,0.0,24753.400390625,24781.25,24601.75,24668.25,187600.0,71.44000244140625,71.44000244140625,70.37000274658203,70.70999908447266,204296.0
2024-12-17,2651.800048828125,2652.300048828125,2632.5,2644.39990234375,705.0,84.91729736328125,85.13970184326172,84.69300079345703,84.91729736328125,0.0,24584.80078125,24624.099609375,24303.44921875,24336.0,264900.0,70.61000061035156,70.91999816894531,69.18000030517578,70.08000183105469,99604.0
2024-12-18,2644.300048828125,2647.10009765625,2590.199951171875,2636.5,566.0,84.91539764404297,85.15599822998047,84.80500030517578,84.91539764404297,0.0,24297.94921875,24394.44921875,24149.849609375,24198.849609375,235300.0,70.22000122070312,71.37999725341797,69.98999786376953,70.58000183105469,99386.0
2024-12-19,2582.10009765625,2610.300048828125,2582.10009765625,2592.199951171875,238.0,85.16549682617188,85.33679962158203,84.99610137939453,85.16549682617188,0.0,23877.150390625,24004.900390625,23870.30078125,23951.69921875,271100.0,70.13999938964844,71.26000213623047,69.69999694824219,69.91000366210938,291660.0
2024-12-20,2605.300048828125,2631.60009765625,2604.89990234375,2628.699951171875,592.0,85.27940368652344,85.33930206298828,84.93479919433594,85.27940368652344,0.0,23960.69921875,24065.80078125,23537.349609375,23587.5,442700.0,69.2300033569336,69.8499984741211,68.41999816894531,69.45999908447266,231592.0
2024-12-23,2620.0,2627.699951171875,2611.10009765625,2612.300048828125,451.0,84.94499969482422,85.13140106201172,84.93689727783203,84.94499969482422,0.0,23738.19921875,23869.55078125,23647.19921875,23753.44921875,189800.0,69.4000015258789,69.94000244140625,68.58999633789062,69.23999786376953,188843.0
2024-12-24,2613.0,2620.0,2609.5,2620.0,35.0,85.0988998413086,85.20970153808594,85.00499725341797,85.0988998413086,0.0,23769.099609375,23867.650390625,23685.150390625,23727.650390625,177700.0,69.55999755859375,70.43000030517578,69.36000061035156,70.0999984741211,122602.0
2024-12-26,2628.5,2638.800048828125,2627.89990234375,2638.800048828125,84.0,85.41339874267578,85.42030334472656,85.01000213623047,85.41339874267578,0.0,23775.80078125,23854.5,23653.599609375,23750.19921875,177700.0,70.19999694824219,70.75,69.33000183105469,69.62000274658203,144877.0
2024-12-27,2617.699951171875,2617.699951171875,2616.39990234375,2617.199951171875,642.0,85.26090240478516,85.81780242919922,81.50740051269531,85.26090240478516,0.0,23801.400390625,23938.849609375,23800.599609375,23813.400390625,176800.0,69.68000030517578,70.75,69.44000244140625,70.5999984741211,172641.0
2024-12-30,2620.699951171875,2626.89990234375,2597.0,2606.10009765625,794.0,85.38600158691406,85.58499908447266,85.26390075683594,85.38600158691406,0.0,23796.900390625,23915.349609375,23599.30078125,23644.900390625,364900.0,70.41999816894531,71.55999755859375,70.12000274658203,70.98999786376953,199296.0
2024-12-31,2608.39990234375,2629.199951171875,2604.89990234375,2629.199951171875,401.0,85.7865982055664,85.79979705810547,77.50170135498047,85.7865982055664,0.0,23560.599609375,23689.849609375,23460.44921875,23644.80078125,193600.0,71.1500015258789,72.0199966430664,70.87000274658203,71.72000122070312,151155.0
2025-01-02,2633.0,2663.10009765625,2633.0,2658.89990234375,1728.0,85.78569793701172,86.03399658203125,85.5739974975586,85.78569793701172,0.0,23783.0,24226.69921875,23751.55078125,24188.650390625,283200.0,71.8499984741211,73.7300033569336,71.79000091552734,73.12999725341797,306498.0
2025-01-03,2658.699951171875,2658.699951171875,2641.800048828125,2645.0,591.0,85.80400085449219,86.07230377197266,85.706298828125,85.80400085449219,0.0,24196.400390625,24196.44921875,23976.0,24004.75,312300.0,73.12999725341797,74.3499984741211,72.69999694824219,73.95999908447266,296040.0
2025-01-06,2645.5,2647.0,2617.300048828125,2638.39990234375,960.0,85.75900268554688,85.84100341796875,85.58429718017578,85.75900268554688,0.0,24045.80078125,24089.94921875,23551.900390625,23616.05078125,278100.0,74.05000305175781,74.98999786376953,73.19999694824219,73.55999755859375,306042.0
2025-01-07,2653.39990234375,2657.5,2653.0,2656.699951171875,643.0,85.68070220947266,85.7938003540039,84.9395980834961,85.68070220947266,0.0,23679.900390625,23795.19921875,23637.80078125,23707.900390625,262300.0,73.44000244140625,74.52999877929688,73.11000061035156,74.25,277328.0
2025-01-08,2655.5,2676.89990234375,2653.5,2664.5,999.0,85.80650329589844,85.98560333251953,85.70600128173828,85.80650329589844,0.0,23746.650390625,23751.849609375,23496.150390625,23688.94921875,266400.0,74.5199966430664,75.29000091552734,73.16000366210938,73.31999969482422,328617.0
2025-01-09,2669.699951171875,2686.300048828125,2667.89990234375,2683.800048828125,1139.0,85.90750122070312,86.18499755859375,85.82530212402344,85.90750122070312,0.0,23674.75,23689.5,23503.05078125,23526.5,269200.0,73.31999969482422,74.31999969482422,72.83999633789062,73.91999816894531,213421.0
2025-01-10,2686.10009765625,2720.10009765625,2683.699951171875,2708.5,403.0,85.91999816894531,86.16079711914062,85.84110260009766,85.91999816894531,0.0,23551.900390625,23596.599609375,23344.349609375,23431.5,261000.0,74.29000091552734,77.86000061035156,74.0199966430664,76.56999969482422,478432.0
2025-01-13,2711.10009765625,2711.199951171875,2673.5,2673.5,765.0,86.18800354003906,86.7260971069336,86.09919738769531,86.18800354003906,0.0,23195.400390625,23340.94921875,23047.25,23085.94921875,316500.0,76.54000091552734,79.2699966430664,76.54000091552734,78.81999969482422,460942.0
2025-01-14,2673.60009765625,2688.300048828125,2670.800048828125,2677.5,794.0,86.65059661865234,86.85530090332031,86.44409942626953,86.65059661865234,0.0,23165.900390625,23264.94921875,23134.150390625,23176.05078125,311200.0,78.81999969482422,79.08999633789062,77.41000366210938,77.5,326729.0
2025-01-15,2690.800048828125,2712.5,2690.800048828125,2712.5,930.0,86.535400390625,86.59880065917969,86.10929870605469,86.535400390625,0.0,23250.44921875,23293.650390625,23146.44921875,23213.19921875,228000.0,78.02999877929688,80.7699966430664,77.23999786376953,80.04000091552734,321422.0
2025-01-16,2731.699951171875,2749.800048828125,2731.699951171875,2746.39990234375,1721.0,86.43099975585938,86.64219665527344,86.2520980834961,86.43099975585938,0.0,23377.25,23391.650390625,23272.05078125,23311.80078125,299400.0,80.4000015258789,80.58999633789062,77.87000274658203,78.68000030517578,159948.0
2025-01-17,2736.0,2751.60009765625,2725.5,2744.300048828125,1214.0,86.6061019897461,86.66919708251953,86.0647964477539,86.6061019897461,0.0,23277.099609375,23292.099609375,23100.349609375,23203.19921875,272900.0,78.75,79.44000244140625,77.76000213623047,77.87999725341797,112409.0
2025-01-21,2746.0,2755.0,2724.800048828125,2755.0,1439.0,86.21109771728516,86.61759948730469,86.20230102539062,86.21109771728516,0.0,23421.650390625,23426.30078125,22976.849609375,23024.650390625,312900.0,78.19000244140625,78.47000122070312,75.48999786376953,75.88999938964844,568807.0
2025-01-22,2754.5,2768.800048828125,2753.5,2767.60009765625,2079.0,86.45189666748047,86.59300231933594,86.28900146484375,86.45189666748047,0.0,23099.150390625,23169.55078125,22981.30078125,23155.349609375,276000.0,75.87999725341797,76.44999694824219,75.27999877929688,75.44000244140625,315333.0
2025-01-23,2760.0,2765.0,2745.39990234375,2763.10009765625,2201.0,86.47270202636719,86.58799743652344,86.36900329589844,86.47270202636719,0.0,23128.30078125,23270.80078125,23090.650390625,23205.349609375,275600.0,75.38999938964844,76.0,74.13999938964844,74.62000274658203,350688.0
2025-01-24,2759.800048828125,2792.0,2759.800048828125,2777.300048828125,1593.0,86.44020080566406,86.48629760742188,86.1500015258789,86.44020080566406,0.0,23183.900390625,23347.30078125,23050.0,23092.19921875,264300.0,74.30000305175781,75.20999908447266,74.01000213623047,74.66000366210938,319679.0
2025-01-27,2761.10009765625,2762.199951171875,2737.5,2737.5,984.0,86.2030029296875,86.44400024414062,86.18460083007812,86.2030029296875,0.0,22940.150390625,23007.44921875,22786.900390625,22829.150390625,257400.0,74.54000091552734,75.1500015258789,72.37999725341797,73.16999816894531,334418.0
2025-01-28,2738.0,2766.800048828125,2738.0,2766.800048828125,2307.0,86.46839904785156,86.58699798583984,86.4020004272461,86.46839904785156,0.0,22960.44921875,23137.94921875,22857.650390625,22957.25,361900.0,73.1500015258789,74.30999755859375,72.93000030517578,73.7699966430664,326075.0
2025-01-29,2769.10009765625,2769.10009765625,2769.10009765625,2769.10009765625,125692.0,86.58460235595703,86.69529724121094,86.48799896240234,86.58460235595703,0.0,23026.75,23183.349609375,22976.5,23163.099609375,226300.0,73.94999694824219,74.08000183105469,72.33000183105469,72.62000274658203,312733.0
2025-01-30,2772.5,2829.5,2770.0,2823.0,40141.0,86.6406021118164,86.65299987792969,86.54630279541016,86.6406021118164,0.0,23169.5,23322.05078125,23139.19921875,23249.5,361900.0,73.0,73.83999633789062,72.0199966430664,72.7300033569336,336475.0
2025-01-31,2829.0,2838.0,2804.0,2812.5,3443.0,86.64700317382812,86.71820068359375,86.54519653320312,86.64700317382812,0.0,23296.75,23546.80078125,23277.400390625,23508.400390625,304900.0,73.19999694824219,73.83999633789062,71.94000244140625,72.52999877929688,376335.0
2025-02-03,2818.199951171875,2848.39990234375,2780.89990234375,2833.89990234375,2649.0,86.55400085449219,87.32559967041016,86.55400085449219,86.55400085449219,0.0,23319.349609375,23381.599609375,23222.0,23361.05078125,329700.0,74.13999938964844,75.18000030517578,72.05000305175781,73.16000366210938,517853.0
2025-02-04,2827.60009765625,2853.300048828125,2816.10009765625,2853.300048828125,2187.0,86.94339752197266,87.12419891357422,86.93550109863281,86.94339752197266,0.0,23509.900390625,23762.75,23423.150390625,23739.25,376700.0,72.3499984741211,73.3499984741211,70.66999816894531,72.69999694824219,452961.0
2025-02-05,2850.0,2880.5,2848.0,2871.60009765625,4519.0,87.13009643554688,87.47859954833984,87.08599853515625,87.13009643554688,0.0,23801.75,23807.30078125,23680.44921875,23696.30078125,267000.0,72.76000213623047,72.97000122070312,70.95999908447266,71.02999877929688,289902.0
2025-02-06,2865.199951171875,2871.699951171875,2836.300048828125,2856.0,3116.0,87.33409881591797,87.6718978881836,87.33409881591797,87.33409881591797,0.0,23761.94921875,23773.55078125,23556.25,23603.349609375,307000.0,71.18000030517578,71.8499984741211,70.43000030517578,70.61000061035156,299037.0
2025-02-07,2859.89990234375,2889.5,2857.800048828125,2867.300048828125,1822.0,87.58830261230469,87.84269714355469,87.31759643554688,87.58830261230469,0.0,23649.5,23694.5,23443.19921875,23559.94921875,368100.0,70.55999755859375,71.41000366210938,70.47000122070312,71.0,273766.0
2025-02-10,2864.199951171875,2916.10009765625,2863.800048828125,2914.300048828125,2237.0,87.51309967041016,88.07129669189453,87.40859985351562,87.51309967041016,0.0,23543.80078125,23568.599609375,23316.30078125,23381.599609375,234200.0,71.0,72.54000091552734,70.83999633789062,72.31999969482422,255941.0
2025-02-11,2925.5,2945.39990234375,2890.0,2912.5,2554.0,87.49009704589844,87.57170104980469,86.59259796142578,87.49009704589844,0.0,23383.55078125,23390.05078125,22986.650390625,23071.80078125,268000.0,72.48999786376953,73.68000030517578,72.30999755859375,73.31999969482422,266819.0
2025-02-12,2902.0,2912.300048828125,2868.60009765625,2909.0,2504.0,86.81120300292969,87.0271987915039,86.2886962890625,86.81120300292969,0.0,23050.80078125,23144.69921875,22798.349609375,23045.25,279700.0,73.19999694824219,73.22000122070312,71.16999816894531,71.37000274658203,318123.0
2025-02-13,2911.300048828125,2937.699951171875,2910.60009765625,2925.89990234375,4670.0,86.8740005493164,87.01129913330078,86.68409729003906,86.8740005493164,0.0,23055.75,23235.5,22992.19921875,23031.400390625,265700.0,71.23999786376953,71.5999984741211,70.22000122070312,71.29000091552734,278197.0
2025-02-14,2937.300048828125,2944.39990234375,2874.800048828125,2883.60009765625,1992.0,86.75409698486328,86.88999938964844,86.53810119628906,86.75409698486328,0.0,23096.44921875,23133.69921875,22774.849609375,22929.25,254500.0,71.5199966430664,72.0199966430664,70.5199966430664,70.73999786376953,207719.0
2025-02-18,2879.199951171875,2936.39990234375,2873.800048828125,2931.60009765625,4010.0,86.85479736328125,86.97599792480469,86.84500122070312,86.85479736328125,0.0,22963.650390625,22992.5,22801.5,22945.30078125,210600.0,70.69999694824219,72.06999969482422,70.12000274658203,71.8499984741211,130937.0
2025-02-19,2938.699951171875,2946.0,2917.10009765625,2919.39990234375,2630.0,86.88719940185547,86.95230102539062,86.80169677734375,86.88719940185547,0.0,22847.25,23049.94921875,22814.849609375,22932.900390625,207000.0,71.77999877929688,73.04000091552734,71.70999908447266,72.25,69012.0
2025-02-20,2949.10009765625,2955.800048828125,2924.199951171875,2940.0,656.0,86.872802734375,86.91329956054688,86.53060150146484,86.872802734375,0.0,22821.099609375,22923.849609375,22812.75,22913.150390625,240800.0,72.18000030517578,73.25,71.8499984741211,72.56999969482422,240060.0
2025-02-21,2938.800048828125,2940.0,2917.300048828125,2937.60009765625,570.0,86.45120239257812,86.76300048828125,86.44640350341797,86.45120239257812,0.0,22857.19921875,22921.0,22720.30078125,22795.900390625,242800.0,72.58000183105469,72.7699966430664,70.16999816894531,70.4000015258789,268470.0
2025-02-24,2933.10009765625,2957.89990234375,2933.10009765625,2947.89990234375,415.0,86.52940368652344,86.7510986328125,86.50479888916016,86.52940368652344,0.0,22609.349609375,22668.05078125,22518.80078125,22553.349609375,214300.0,69.80000305175781,70.94000244140625,69.80000305175781,70.69999694824219,205468.0
2025-02-25,2938.699951171875,2943.199951171875,2890.0,2904.5,1854.0,86.69010162353516,87.25240325927734,86.68199920654297,86.69010162353516,0.0,22516.44921875,22625.30078125,22513.900390625,22547.55078125,250300.0,70.91999816894531,71.26000213623047,68.68000030517578,68.93000030517578,267310.0
2025-02-27,2918.5,2922.800048828125,2870.39990234375,2883.199951171875,3215.0,87.16220092773438,87.42639923095703,87.09480285644531,87.16220092773438,0.0,22568.94921875,22613.30078125,22508.400390625,22545.05078125,289200.0,68.81999969482422,70.54000091552734,68.61000061035156,70.3499984741211,265933.0
2025-02-28,2877.10009765625,2877.10009765625,2834.10009765625,2836.800048828125,990.0,87.3270034790039,87.54199981689453,87.26480102539062,87.3270034790039,0.0,22433.400390625,22450.349609375,22104.849609375,22124.69921875,551300.0,70.16999816894531,70.29000091552734,69.13999938964844,69.76000213623047,250074.0
2025-03-03,2872.699951171875,2891.800048828125,2863.39990234375,2890.199951171875,423.0,87.46399688720703,87.46399688720703,87.24169921875,87.46399688720703,0.0,22194.55078125,22261.55078125,22004.69921875,22119.30078125,282400.0,69.94999694824219,70.5999984741211,67.88999938964844,68.37000274658203,332751.0
2025-03-04,2886.10009765625,2927.89990234375,2886.10009765625,2909.60009765625,885.0,87.32959747314453,87.3949966430664,87.1229019165039,87.32959747314453,0.0,21974.44921875,22105.05078125,21964.599609375,22082.650390625,253300.0,68.45999908447266,68.55999755859375,66.7699966430664,68.26000213623047,386750.0
2025-03-05,2916.699951171875,2922.0,2893.0,2915.300048828125,551.0,87.21700286865234,87.33540344238281,86.82479858398438,87.21700286865234,0.0,22073.05078125,22394.900390625,22067.80078125,22337.30078125,305900.0,68.08000183105469,68.0999984741211,65.22000122070312,66.30999755859375,382493.0
2025-03-06,2904.0,2918.60009765625,2903.800048828125,2916.60009765625,870.0,86.88929748535156,87.14189910888672,86.82330322265625,86.88929748535156,0.0,22476.349609375,22556.44921875,22245.849609375,22544.69921875,372100.0,66.38999938964844,67.08999633789062,65.58999633789062,66.36000061035156,341632.0
2025-03-07,2900.89990234375,2927.300048828125,2900.5,2904.699951171875,531.0,87.12879943847656,87.20469665527344,86.85759735107422,87.12879943847656,0.0,22508.650390625,22633.80078125,22464.75,22552.5,289800.0,66.33999633789062,68.22000122070312,66.12000274658203,67.04000091552734,329710.0
2025-03-10,2910.10009765625,2915.10009765625,2880.199951171875,2891.0,55.0,87.07379913330078,87.36419677734375,86.87249755859375,87.07379913330078,0.0,22521.849609375,22676.75,22429.05078125,22460.30078125,293900.0,67.11000061035156,67.5999984741211,65.80000305175781,66.02999877929688,249633.0
2025-03-11,2884.39990234375,2916.699951171875,2880.39990234375,2912.89990234375,197.0,87.3551025390625,87.3917007446289,87.14250183105469,87.3551025390625,0.0,22345.94921875,22522.099609375,22314.69921875,22497.900390625,347900.0,65.94999694824219,67.16999816894531,65.29000091552734,66.25,222511.0
2025-03-12,2912.0,2939.10009765625,2910.0,2939.10009765625,213.0,87.20010375976562,87.30490112304688,87.09880065917969,87.20010375976562,0.0,22536.349609375,22577.400390625,22329.55078125,22470.5,369700.0,66.62000274658203,67.87999725341797,66.1500015258789,67.68000030517578,246675.0
2025-03-13,2937.10009765625,2988.0,2935.199951171875,2984.300048828125,2366.0,87.3405990600586,87.3405990600586,86.92859649658203,87.3405990600586,0.0,22541.5,22558.05078125,22377.349609375,22397.19921875,287500.0,67.69000244140625,67.94000244140625,66.37000274658203,66.55000305175781,268590.0
2025-03-17,2991.0,3001.5,2989.0,3000.0,214.0,86.93900299072266,86.96980285644531,86.69049835205078,86.93900299072266,0.0,22353.150390625,22577.0,22353.150390625,22508.75,251100.0,67.3499984741211,68.37000274658203,67.25,67.58000183105469,161298.0
2025-03-18,3006.39990234375,3039.199951171875,3004.39990234375,3035.10009765625,428.0,86.91639709472656,86.91809844970703,86.51290130615234,86.91639709472656,0.0,22662.25,22857.80078125,22599.19921875,22834.30078125,272600.0,67.4000015258789,68.72000122070312,66.55999755859375,66.9000015258789,110338.0
2025-03-19,3035.199951171875,3050.89990234375,3030.89990234375,3035.89990234375,175.0,86.57610321044922,86.66000366210938,86.27469635009766,86.57610321044922,0.0,22874.94921875,22940.69921875,22807.94921875,22907.599609375,324000.0,66.72000122070312,67.62999725341797,66.20999908447266,67.16000366210938,73077.0
2025-03-20,3047.300048828125,3047.300048828125,3034.39990234375,3040.0,185.0,86.33709716796875,86.39900207519531,86.17639923095703,86.33709716796875,0.0,23036.599609375,23216.69921875,22973.94921875,23190.650390625,313700.0,67.29000091552734,68.47000122070312,66.87999725341797,68.26000213623047,283376.0
2025-03-21,3034.5,3037.5,3000.89990234375,3018.199951171875,151.0,86.33609771728516,86.34120178222656,85.92990112304688,86.33609771728516,0.0,23168.25,23402.69921875,23132.80078125,23350.400390625,541000.0,68.3499984741211,68.6500015258789,67.6500015258789,68.27999877929688,198964.0
2025-03-24,3024.300048828125,3024.300048828125,3006.0,3013.10009765625,137.0,85.98699951171875,86.03800201416016,85.47200012207031,85.98699951171875,0.0,23515.400390625,23708.75,23433.5,23658.349609375,311900.0,68.3499984741211,69.33000183105469,67.94999694824219,69.11000061035156,247024.0
2025-03-25,3026.39990234375,3028.800048828125,3023.699951171875,3023.699951171875,74.0,85.53209686279297,85.82869720458984,85.53099822998047,85.53209686279297,0.0,23751.5,23869.599609375,23601.400390625,23668.650390625,338200.0,69.16000366210938,69.68000030517578,68.5199966430664,69.0,258411.0
2025-03-26,3033.199951171875,3033.199951171875,3019.5,3020.89990234375,83.0,85.59040069580078,85.85980224609375,85.59310150146484,85.59040069580078,0.0,23700.94921875,23736.5,23451.69921875,23486.849609375,278600.0,69.16000366210938,70.22000122070312,69.05999755859375,69.6500015258789,262413.0
2025-03-27,3025.5,3065.0,3025.5,3060.199951171875,124359.0,86.09539794921875,86.09629821777344,85.63300323486328,86.09539794921875,0.0,23433.94921875,23646.44921875,23412.19921875,23591.94921875,510300.0,69.95999908447266,69.97000122070312,69.12000274658203,69.91999816894531,211825.0
2025-03-28,3069.699951171875,3094.89990234375,3066.800048828125,3086.5,31206.0,85.69490051269531,85.78099822998047,85.4186019897461,85.69490051269531,0.0,23600.400390625,23649.19921875,23450.19921875,23519.349609375,295400.0,69.91000366210938,70.08999633789062,68.87000274658203,69.36000061035156,246650.0
2025-04-01,3129.699951171875,3149.5,3104.0,3118.89990234375,1721.0,85.46810150146484,85.81729888916016,85.37519836425781,85.46810150146484,0.0,23341.099609375,23565.150390625,23136.400390625,23165.69921875,314300.0,71.38999938964844,72.0999984741211,71.02999877929688,71.19999694824219,272832.0
2025-04-02,3120.699951171875,3168.60009765625,3117.39990234375,3139.89990234375,5946.0,85.61009979248047,85.7063980102539,85.39569854736328,85.61009979248047,0.0,23192.599609375,23350.0,23158.44921875,23332.349609375,341000.0,71.19999694824219,72.27999877929688,70.58999633789062,71.70999908447266,286501.0
2025-04-03,3150.0,3166.89990234375,3052.0,3097.0,5516.0,85.65119934082031,85.910400390625,85.20230102539062,85.65119934082031,0.0,23150.30078125,23306.5,23145.80078125,23250.099609375,283200.0,70.37999725341797,70.41000366210938,65.9800033569336,66.94999694824219,459238.0
2025-04-04,3110.5,3127.699951171875,3011.0,3012.0,3247.0,85.28289794921875,85.63829803466797,84.92500305175781,85.28289794921875,0.0,23190.400390625,23214.69921875,22857.44921875,22904.44921875,466800.0,66.63999938964844,66.9000015258789,60.45000076293945,61.9900016784668,559638.0
2025-04-07,3016.39990234375,3050.800048828125,2949.699951171875,2951.300048828125,4424.0,85.529296875,86.03240203857422,83.23609924316406,85.529296875,0.0,21758.400390625,22254.0,21743.650390625,22161.599609375,647100.0,61.119998931884766,63.900001525878906,58.95000076293945,60.70000076293945,597617.0
2025-04-08,2994.0,3014.5,2968.39990234375,2968.39990234375,3213.0,86.0270004272461,86.31089782714844,85.81120300292969,86.0270004272461,0.0,22446.75,22697.19921875,22270.849609375,22535.849609375,468300.0,61.029998779296875,61.75,57.880001068115234,59.58000183105469,557655.0
2025-04-09,2965.800048828125,3090.39990234375,2965.800048828125,3056.5,2175.0,86.435302734375,86.74299621582031,86.1312026977539,86.435302734375,0.0,22460.30078125,22468.69921875,22353.25,22399.150390625,383800.0,58.31999969482422,62.93000030517578,55.119998931884766,62.349998474121094,592250.0
2025-04-11,3182.10009765625,3235.0,3182.10009765625,3222.199951171875,862.0,86.2603988647461,86.26689910888672,85.93720245361328,86.2603988647461,0.0,22695.400390625,22923.900390625,22695.400390625,22828.55078125,402200.0,60.20000076293945,61.869998931884766,59.43000030517578,61.5,306231.0
2025-04-15,3216.0,3218.699951171875,3214.0,3218.699951171875,390.0,86.0447998046875,86.04499816894531,85.59089660644531,86.0447998046875,0.0,23368.349609375,23368.349609375,23207.0,23328.55078125,388300.0,61.58000183105469,62.060001373291016,60.880001068115234,61.33000183105469,197404.0
2025-04-16,3238.300048828125,3334.89990234375,3238.300048828125,3326.60009765625,1874.0,85.72669982910156,85.76329803466797,85.50800323486328,85.72669982910156,0.0,23344.099609375,23452.19921875,23273.05078125,23437.19921875,348400.0,61.540000915527344,62.97999954223633,60.439998626708984,62.470001220703125,213194.0
2025-04-17,3345.0,3345.0,3287.800048828125,3308.699951171875,824.0,85.62049865722656,85.62560272216797,85.29740142822266,85.62049865722656,0.0,23401.849609375,23872.349609375,23298.55078125,23851.650390625,505300.0,62.630001068115234,64.86000061035156,62.61000061035156,64.68000030517578,111479.0
2025-04-22,3422.199951171875,3485.60009765625,3361.699951171875,3400.800048828125,785.0,85.15889739990234,85.23139953613281,84.972900390625,85.15889739990234,0.0,24185.400390625,24242.599609375,24072.0,24167.25,440900.0,63.43000030517578,65.08999633789062,63.43000030517578,64.30999755859375,297928.0
2025-04-23,3321.199951171875,3370.300048828125,3256.199951171875,3276.300048828125,331.0,85.2323989868164,85.52120208740234,85.19580078125,85.2323989868164,0.0,24357.599609375,24359.30078125,24119.94921875,24328.94921875,415000.0,64.0,64.87000274658203,61.529998779296875,62.27000045776367,397841.0
2025-04-24,3305.39990234375,3353.89990234375,3304.89990234375,3332.0,560.0,85.4999008178711,85.66519927978516,85.23690032958984,85.4999008178711,0.0,24277.900390625,24347.849609375,24216.150390625,24246.69921875,358800.0,62.34000015258789,63.310001373291016,61.9900016784668,62.790000915527344,264908.0
2025-04-25,3355.5,3355.5,3266.10009765625,3282.39990234375,162.0,85.2573013305664,85.66290283203125,85.06079864501953,85.2573013305664,0.0,24289.0,24365.44921875,23847.849609375,24039.349609375,387700.0,62.86000061035156,63.40999984741211,61.79999923706055,63.02000045776367,283758.0
2025-04-28,3284.5,3332.5,3284.5,3332.5,1300.0,85.38490295410156,85.45850372314453,84.95379638671875,85.38490295410156,0.0,24070.25,24355.099609375,24054.05078125,24328.5,320500.0,63.4900016784668,63.91999816894531,61.47999954223633,62.04999923706055,276116.0
2025-04-29,3340.0,3340.0,3299.89990234375,3318.800048828125,1278.0,85.1603012084961,85.37650299072266,84.95500183105469,85.1603012084961,0.0,24370.69921875,24457.650390625,24290.75,24335.94921875,357600.0,61.869998931884766,62.06999969482422,60.119998931884766,60.41999816894531,312373.0
2025-04-30,3318.699951171875,3318.699951171875,3268.0,3305.0,207.0,85.1707992553711,85.26390075683594,84.41529846191406,85.1707992553711,0.0,24342.05078125,24396.150390625,24198.75,24334.19921875,424500.0,60.15999984741211,60.43000030517578,57.90999984741211,58.209999084472656,419549.0
2025-05-02,3239.89990234375,3257.0,3225.0,3231.89990234375,1349.0,84.69670104980469,84.74819946289062,83.58270263671875,84.69670104980469,0.0,24311.900390625,24589.150390625,24238.5,24346.69921875,421100.0,58.9900016784668,59.869998931884766,57.7400016784668,58.290000915527344,322096.0
2025-05-05,3242.699951171875,3315.699951171875,3239.699951171875,3311.300048828125,244.0,84.52629852294922,84.55960083007812,72.96710205078125,84.52629852294922,0.0,24419.5,24526.400390625,24400.650390625,24461.150390625,291500.0,56.7599983215332,57.70000076293945,55.29999923706055,57.130001068115234,308387.0
2025-05-06,3365.5,3430.89990234375,3356.800048828125,3411.39990234375,2357.0,84.2208023071289,84.6167984008789,84.2145004272461,84.2208023071289,0.0,24500.75,24509.650390625,24331.80078125,24379.599609375,302400.0,57.25,59.84000015258789,57.029998779296875,59.09000015258789,343893.0
2025-05-07,3418.699951171875,3418.699951171875,3364.699951171875,3381.39990234375,1080.0,84.79319763183594,84.89129638671875,84.47319793701172,84.79319763183594,0.0,24233.30078125,24449.599609375,24220.0,24414.400390625,330100.0,58.97999954223633,60.2599983215332,57.810001373291016,58.06999969482422,295238.0
2025-05-08,3390.0,3390.0,3288.699951171875,3296.60009765625,200.0,84.81719970703125,85.88359832763672,84.52200317382812,84.81719970703125,0.0,24431.5,24447.25,24150.19921875,24273.80078125,411400.0,57.93000030517578,60.290000915527344,57.7400016784668,59.90999984741211,281000.0
2025-05-09,3299.0,3335.5,3299.0,3335.39990234375,216.0,86.08219909667969,86.08290100097656,85.27110290527344,86.08219909667969,0.0,23935.75,24164.25,23935.75,24008.0,335600.0,60.25,61.45000076293945,59.88999938964844,61.02000045776367,239640.0
2025-05-12,3300.699951171875,3300.699951171875,3205.0,3220.0,886.0,85.4083023071289,85.40840148925781,83.71240234375,85.4083023071289,0.0,24420.099609375,24944.80078125,24378.849609375,24924.69921875,368700.0,61.38999938964844,63.61000061035156,61.02000045776367,61.95000076293945,325865.0
2025-05-13,3232.0,3251.39990234375,3223.5,3240.300048828125,2424.0,84.9656982421875,85.46720123291016,84.60399627685547,84.9656982421875,0.0,24864.05078125,24973.80078125,24547.5,24578.349609375,423000.0,62.0,63.900001525878906,61.650001525878906,63.66999816894531,258795.0
2025-05-14,3233.0,3233.0,3171.699951171875,3181.39990234375,3518.0,85.060302734375,85.51100158691406,84.90249633789062,85.060302734375,0.0,24613.80078125,24767.55078125,24535.55078125,24666.900390625,345500.0,63.619998931884766,63.68000030517578,62.75,63.150001525878906,225626.0
2025-05-15,3151.0,3228.10009765625,3125.0,3220.699951171875,652.0,85.48760223388672,85.731201171875,85.20330047607422,85.48760223388672,0.0,24694.44921875,25116.25,24494.44921875,25062.099609375,500800.0,62.880001068115234,62.90999984741211,60.470001220703125,61.619998931884766,258404.0
2025-05-16,3227.699951171875,3228.10009765625,3173.89990234375,3182.0,199.0,85.44490051269531,85.67539978027344,85.21700286865234,85.44490051269531,0.0,25064.650390625,25070.0,24953.05078125,25019.80078125,432700.0,61.70000076293945,62.709999084472656,61.25,62.4900016784668,121556.0
2025-05-19,3234.39990234375,3241.0,3228.300048828125,3228.89990234375,266.0,85.50029754638672,85.62860107421875,85.33300018310547,85.50029754638672,0.0,25005.349609375,25062.94921875,24916.650390625,24945.44921875,255300.0,62.75,63.400001525878906,61.56999969482422,62.689998626708984,95570.0
2025-05-20,3219.0,3293.199951171875,3207.5,3280.300048828125,356.0,85.37210083007812,85.63849639892578,85.36109924316406,85.37210083007812,0.0,24996.19921875,25010.349609375,24669.69921875,24683.900390625,414800.0,62.68000030517578,63.16999816894531,62.189998626708984,62.560001373291016,250414.0
2025-05-21,3293.39990234375,3317.5,3290.199951171875,3309.300048828125,979.0,85.53610229492188,85.68470001220703,85.46710205078125,85.53610229492188,0.0,24744.25,24946.19921875,24685.349609375,24813.44921875,332700.0,62.27000045776367,64.19000244140625,61.279998779296875,61.56999969482422,302702.0
2025-05-22,3327.300048828125,3328.0,3282.699951171875,3292.300048828125,1210.0,85.60030364990234,86.09980010986328,85.4655990600586,85.60030364990234,0.0,24733.94921875,24737.5,24462.400390625,24609.69921875,403300.0,61.33000183105469,61.75,60.25,61.20000076293945,258549.0
2025-05-23,3328.0,3363.60009765625,3323.5,3363.60009765625,47.0,85.97489929199219,86.02279663085938,85.08219909667969,85.97489929199219,0.0,24639.5,24909.05078125,24614.05078125,24853.150390625,270500.0,60.810001373291016,61.880001068115234,60.02000045776367,61.529998779296875,273392.0
2025-05-27,3332.5,3341.0,3296.300048828125,3299.10009765625,189.0,85.158203125,85.44840240478516,82.0958023071289,85.158203125,0.0,24956.650390625,25062.900390625,24704.099609375,24826.19921875,525700.0,61.70000076293945,62.13999938964844,60.2599983215332,60.88999938964844,291317.0
2025-05-28,3293.60009765625,3293.60009765625,3293.60009765625,3293.60009765625,127758.0,85.3604965209961,85.72149658203125,85.24729919433594,85.3604965209961,0.0,24832.5,24864.25,24737.05078125,24752.44921875,684400.0,61.040000915527344,62.540000915527344,60.849998474121094,61.84000015258789,260374.0
2025-05-29,3283.699951171875,3328.800048828125,3242.39990234375,3317.10009765625,24370.0,85.38590240478516,85.61409759521484,85.38590240478516,85.38590240478516,0.0,24825.099609375,24892.599609375,24677.30078125,24833.599609375,345400.0,61.83000183105469,63.06999969482422,60.54999923706055,60.939998626708984,299859.0
2025-05-30,3315.10009765625,3318.0,3270.89990234375,3288.89990234375,2213.0,85.36129760742188,85.64140319824219,85.23860168457031,85.36129760742188,0.0,24812.599609375,24863.94921875,24717.400390625,24750.69921875,853900.0,60.939998626708984,61.720001220703125,59.7400016784668,60.790000915527344,384927.0
2025-06-02,3296.89990234375,3380.800048828125,3296.89990234375,3370.60009765625,976.0,85.52429962158203,85.62169647216797,85.28410339355469,85.52429962158203,0.0,24669.69921875,24754.400390625,24526.150390625,24716.599609375,311100.0,61.11000061035156,63.880001068115234,61.060001373291016,62.52000045776367,403580.0
2025-06-03,3385.10009765625,3390.0,3331.300048828125,3350.199951171875,6410.0,85.36370086669922,85.70449829101562,85.28520202636719,85.36370086669922,0.0,24786.30078125,24845.099609375,24502.150390625,24542.5,349300.0,63.02000045776367,63.88999938964844,62.400001525878906,63.40999984741211,291260.0
2025-06-04,3355.0,3380.0,3344.0,3373.5,207.0,85.70880126953125,86.010498046875,85.55130004882812,85.70880126953125,0.0,24560.44921875,24644.25,24530.44921875,24620.19921875,280900.0,63.36000061035156,63.959999084472656,62.16999816894531,62.849998474121094,321128.0
2025-06-05,3371.5,3400.0,3343.699951171875,3350.699951171875,731.0,85.9041976928711,86.02770233154297,85.61949920654297,85.9041976928711,0.0,24691.19921875,24899.849609375,24613.099609375,24750.900390625,388400.0,62.7599983215332,63.97999954223633,62.5,63.369998931884766,232423.0
2025-06-06,3364.300048828125,3364.300048828125,3306.0,3322.699951171875,81.0,85.87750244140625,85.94000244140625,85.47799682617188,85.87750244140625,0.0,24748.69921875,25029.5,24671.44921875,25003.05078125,335600.0,63.33000183105469,64.80000305175781,62.81999969482422,64.58000183105469,310133.0
2025-06-09,3315.60009765625,3334.60009765625,3290.0,3332.10009765625,1887.0,85.77899932861328,85.85600280761719,85.48880004882812,85.7853012084961,0.0,25160.099609375,25160.099609375,25077.150390625,25103.19921875,279200.0,64.80000305175781,65.43000030517578,64.19999694824219,65.29000091552734,235900.0
2025-06-10,3302.0,3344.300048828125,3302.0,3320.89990234375,65.0,85.75599670410156,85.75599670410156,85.50800323486328,85.75599670410156,0.0,25196.05078125,25199.30078125,25055.44921875,25104.25,307300.0,65.45999908447266,66.27999877929688,64.56999969482422,64.9800033569336,279021.0
2025-06-11,3328.0,3356.0,3321.300048828125,3321.300048828125,2106.0,85.65280151367188,85.6532974243164,85.404296875,85.65280151367188,0.0,25134.150390625,25222.400390625,25081.30078125,25141.400390625,301200.0,64.76000213623047,68.37000274658203,64.5999984741211,68.1500015258789,378473.0
2025-06-12,3363.0,3395.89990234375,3353.39990234375,3380.89990234375,1818.0,85.46980285644531,85.71289825439453,85.38050079345703,85.46980285644531,0.0,25164.44921875,25196.19921875,24825.900390625,24888.19921875,328300.0,69.02999877929688,69.29000091552734,66.72000122070312,68.04000091552734,379394.0
2025-06-13,3407.300048828125,3444.0,3407.300048828125,3431.199951171875,499.0,85.68840026855469,86.20439910888672,85.62039947509766,85.68840026855469,0.0,24473.0,24754.349609375,24473.0,24718.599609375,318700.0,68.9000015258789,77.62000274658203,68.48999786376953,72.9800033569336,715652.0
2025-06-16,3442.0,3442.0,3385.39990234375,3396.39990234375,480.0,86.24919891357422,86.24120330810547,85.77400207519531,86.24919891357422,0.0,24732.349609375,24967.099609375,24703.599609375,24946.5,305800.0,76.54000091552734,77.48999786376953,69.37999725341797,71.7699966430664,367312.0
2025-06-17,3398.300048828125,3398.300048828125,3376.10009765625,3386.60009765625,1477.0,86.10420227050781,86.38980102539062,85.88349914550781,86.10420227050781,0.0,24977.849609375,24982.05078125,24813.69921875,24853.400390625,242400.0,71.11000061035156,75.54000091552734,71.0,74.83999633789062,154264.0
2025-06-18,3385.300048828125,3391.89990234375,3365.10009765625,3389.800048828125,0.0,86.36270141601562,86.54630279541016,86.25260162353516,86.36270141601562,0.0,24788.349609375,24947.55078125,24750.44921875,24812.05078125,237600.0,75.61000061035156,76.06999969482422,72.94000244140625,75.13999938964844,0.0
2025-06-20,3350.0,3372.89990234375,3341.0,3368.10009765625,709.0,86.58380126953125,86.76309967041016,86.47100067138672,86.58380126953125,0.0,24787.650390625,25136.19921875,24783.650390625,25112.400390625,574700.0,74.5999984741211,77.58000183105469,74.30000305175781,74.93000030517578,678377.0
2025-06-23,3365.89990234375,3387.89990234375,3350.0,3377.699951171875,30.0,86.5802993774414,87.02940368652344,86.55180358886719,86.5802993774414,0.0,24939.75,25057.0,24824.849609375,24971.900390625,248500.0,78.0,78.4000015258789,66.5999984741211,68.51000213623047,728868.0
2025-06-24,3358.0,3358.0,3301.0,3317.39990234375,538.0,86.23300170898438,86.35459899902344,85.9000015258789,86.23300170898438,0.0,25179.900390625,25317.69921875,24999.69921875,25044.349609375,450200.0,67.73999786376953,67.83000183105469,64.0,64.37000274658203,541475.0
2025-06-25,3321.60009765625,3331.199951171875,3310.60009765625,3327.10009765625,373.0,85.90480041503906,86.1270980834961,85.79019927978516,85.90480041503906,0.0,25150.349609375,25266.80078125,25125.05078125,25244.75,260600.0,65.12000274658203,66.02999877929688,64.51000213623047,64.91999816894531,278504.0
2025-06-26,3332.39990234375,3333.5,3332.39990234375,3333.5,2058.0,86.006103515625,86.11810302734375,85.58699798583984,86.006103515625,0.0,25268.94921875,25565.30078125,25259.900390625,25549.0,428900.0,64.9800033569336,66.41999816894531,64.66000366210938,65.23999786376953,233771.0
2025-06-27,3318.699951171875,3318.699951171875,3253.800048828125,3273.699951171875,284.0,85.66639709472656,85.77970123291016,85.37249755859375,85.66639709472656,0.0,25576.650390625,25654.19921875,25523.55078125,25637.80078125,564000.0,65.30000305175781,66.08999633789062,64.80000305175781,65.5199966430664,236284.0
2025-06-30,3265.89990234375,3306.89990234375,3262.0,3294.39990234375,1242.0,85.4552993774414,85.92769622802734,85.24199676513672,85.4552993774414,0.0,25661.650390625,25669.349609375,25473.30078125,25517.05078125,271000.0,65.1500015258789,65.81999969482422,64.5,65.11000061035156,193289.0
2025-07-01,3310.10009765625,3354.10009765625,3310.10009765625,3336.699951171875,371.0,85.71399688720703,85.74169921875,85.45929718017578,85.71399688720703,0.0,25551.349609375,25593.400390625,25501.80078125,25541.80078125,260700.0,64.95999908447266,65.9800033569336,64.66999816894531,65.44999694824219,193162.0
2025-07-02,3329.0,3357.5,3329.0,3348.0,39.0,85.6427993774414,85.77100372314453,85.510498046875,85.6427993774414,0.0,25588.30078125,25608.099609375,25378.75,25453.400390625,309800.0,65.55999755859375,67.58000183105469,65.2300033569336,67.44999694824219,265200.0
2025-07-03,3362.0,3362.0,3322.300048828125,3331.60009765625,0.0,85.69409942626953,85.697998046875,85.19270324707031,85.69409942626953,0.0,25505.099609375,25587.5,25384.349609375,25405.30078125,293400.0,67.5,67.58000183105469,66.52999877929688,67.0,0.0
2025-07-04,3342.0,3342.0,3332.5,3332.5,0.0,85.31909942626953,85.5530014038086,85.30729675292969,85.31909942626953,0.0,25428.849609375,25470.25,25331.650390625,25461.0,193500.0,67.12999725341797,67.18000030517578,66.04000091552734,66.5,0.0
2025-07-07,3305.5,3333.300048828125,3299.199951171875,3332.199951171875,254.0,85.49629974365234,86.03009796142578,85.36100006103516,85.49629974365234,0.0,25450.44921875,25489.80078125,25407.25,25461.30078125,196100.0,65.69999694824219,68.31999969482422,65.4000015258789,67.93000030517578,332949.0
2025-07-08,3330.39990234375,3334.5,3287.60009765625,3307.0,909.0,85.89199829101562,85.89240264892578,85.62799835205078,85.89199829101562,0.0,25427.849609375,25548.05078125,25424.150390625,25522.5,210400.0,67.95999908447266,68.91000366210938,67.33000183105469,68.33000183105469,219882.0
2025-07-09,3289.39990234375,3314.0,3282.0,3311.60009765625,114.0,85.7073974609375,85.91590118408203,85.59719848632812,85.7073974609375,0.0,25514.599609375,25548.69921875,25424.349609375,25476.099609375,239100.0,68.18000030517578,68.94000244140625,67.69999694824219,68.37999725341797,223945.0
2025-07-10,3323.60009765625,3330.5,3311.60009765625,3317.39990234375,209.0,85.70850372314453,85.76529693603516,85.45500183105469,85.70850372314453,0.0,25511.650390625,25524.05078125,25340.44921875,25355.25,219600.0,68.29000091552734,68.6500015258789,66.44999694824219,66.56999969482422,258654.0
2025-07-11,3330.5,3370.0,3330.5,3356.0,776.0,85.73480224609375,85.9052963256836,85.65989685058594,85.73480224609375,0.0,25255.5,25322.44921875,25129.0,25149.849609375,250000.0,66.8499984741211,68.7699966430664,66.5,68.44999694824219,226297.0
2025-07-14,3367.0,3375.5,3350.0,3351.5,583.0,85.82129669189453,86.04319763183594,84.55950164794922,85.82129669189453,0.0,25149.5,25151.099609375,25001.94921875,25082.30078125,259500.0,68.68000030517578,69.6500015258789,66.80000305175781,66.9800033569336,263877.0
2025-07-15,3341.0,3341.0,3329.800048828125,3329.800048828125,210.0,85.96839904785156,86.0281982421875,85.7437973022461,85.96839904785156,0.0,25089.5,25245.19921875,25088.44921875,25195.80078125,241300.0,66.86000061035156,67.12999725341797,66.22000122070312,66.5199966430664,252724.0
2025-07-16,3341.199951171875,3352.89990234375,3329.5,3352.5,10.0,85.99310302734375,86.07129669189453,85.7249984741211,85.99310302734375,0.0,25196.599609375,25255.30078125,25121.05078125,25212.05078125,228800.0,66.7300033569336,67.01000213623047,65.41999816894531,66.37999725341797,248346.0
2025-07-17,3313.800048828125,3340.800048828125,3313.800048828125,3340.10009765625,667.0,85.88520050048828,86.13200378417969,85.79499816894531,85.88520050048828,0.0,25230.75,25238.349609375,25101.0,25111.44921875,243400.0,66.5999984741211,67.69000244140625,66.29000091552734,67.54000091552734,188802.0
2025-07-18,3338.199951171875,3353.0,3338.199951171875,3353.0,602.0,86.04650115966797,86.22450256347656,85.92539978027344,86.04650115966797,0.0,25108.55078125,25144.599609375,24918.650390625,24968.400390625,317000.0,67.5999984741211,68.95999908447266,67.19999694824219,67.33999633789062,107628.0
2025-07-21,3350.300048828125,3411.699951171875,3350.300048828125,3401.89990234375,53.0,86.14859771728516,86.33920288085938,85.64600372314453,86.14859771728516,0.0,24999.0,25111.400390625,24882.30078125,25090.69921875,305200.0,67.31999969482422,67.76000213623047,66.45999908447266,67.19999694824219,81194.0
2025-07-22,3411.0,3441.0,3395.60009765625,3439.199951171875,39.0,86.19529724121094,86.44239807128906,86.04630279541016,86.19529724121094,0.0,25166.650390625,25182.0,25035.55078125,25060.900390625,483700.0,67.12000274658203,67.12999725341797,65.98999786376953,66.20999908447266,269991.0
2025-07-23,3430.300048828125,3433.89990234375,3388.10009765625,3394.10009765625,63.0,86.3427963256836,86.45800018310547,86.23049926757812,86.3427963256836,0.0,25139.349609375,25233.5,25085.5,25219.900390625,271500.0,65.48999786376953,65.77999877929688,64.70999908447266,65.25,251825.0
2025-07-24,3367.0,3371.0,3367.0,3371.0,1175.0,86.39869689941406,86.44139862060547,86.23580169677734,86.39869689941406,0.0,25243.30078125,25246.25,25018.69921875,25062.099609375,338700.0,65.41999816894531,66.38999938964844,65.33000183105469,66.02999877929688,281209.0
2025-07-25,3344.0,3345.0,3326.5,3334.0,67.0,86.4302978515625,86.62740325927734,86.3844985961914,86.4302978515625,0.0,25010.349609375,25010.349609375,24806.349609375,24837.0,278100.0,66.1500015258789,66.73999786376953,65.0,65.16000366210938,234283.0
2025-07-28,3326.60009765625,3326.800048828125,3309.10009765625,3309.10009765625,533.0,86.506103515625,86.72109985351562,86.39959716796875,86.506103515625,0.0,24782.44921875,24889.19921875,24646.599609375,24680.900390625,262100.0,65.1500015258789,67.13999938964844,65.05000305175781,66.70999908447266,262038.0
2025-07-29,3323.39990234375,3323.39990234375,3323.39990234375,3323.39990234375,113144.0,86.77760314941406,87.17400360107422,86.72570037841797,86.77760314941406,0.0,24609.650390625,24847.150390625,24598.599609375,24821.099609375,284700.0,67.04000091552734,69.76000213623047,66.52999877929688,69.20999908447266,329112.0
2025-07-30,3325.800048828125,3331.800048828125,3263.89990234375,3295.800048828125,19252.0,87.06320190429688,87.78589630126953,86.98619842529297,87.06320190429688,0.0,24890.400390625,24902.30078125,24771.94921875,24855.05078125,243900.0,69.33999633789062,70.51000213623047,68.44999694824219,70.0,345336.0
2025-07-31,3272.89990234375,3312.0,3272.89990234375,3293.199951171875,3704.0,87.714599609375,87.77639770507812,87.2865982055664,87.714599609375,0.0,24642.25,24956.5,24635.0,24768.349609375,346300.0,70.30000305175781,70.41000366210938,68.55999755859375,69.26000213623047,247031.0
2025-08-01,3286.199951171875,3360.60009765625,3281.0,3347.699951171875,3420.0,87.4894027709961,87.74120330810547,87.143798828125,87.4894027709961,0.0,24734.900390625,24784.150390625,24535.05078125,24565.349609375,263400.0,69.3499984741211,69.58000183105469,67.05000305175781,67.33000183105469,355819.0
2025-08-04,3367.60009765625,3386.5,3347.39990234375,3374.39990234375,351.0,87.24530029296875,87.98999786376953,87.06950378417969,87.24530029296875,0.0,24596.05078125,24736.25,24554.0,24722.75,259300.0,66.8499984741211,67.73999786376953,65.45999908447266,66.29000091552734,277375.0
2025-08-05,3378.5,3387.199951171875,3351.199951171875,3381.89990234375,915.0,87.89330291748047,88.07949829101562,87.6729965209961,87.89330291748047,0.0,24720.25,24733.099609375,24590.30078125,24649.55078125,251800.0,66.20999908447266,66.38999938964844,65.02999877929688,65.16000366210938,279030.0
2025-08-06,3380.699951171875,3383.300048828125,3361.300048828125,3380.0,1492.0,87.72309875488281,87.84300231933594,87.6238021850586,87.72309875488281,0.0,24641.349609375,24671.400390625,24539.19921875,24574.19921875,225100.0,65.1500015258789,66.75,63.63999938964844,64.3499984741211,353827.0
2025-08-07,3384.89990234375,3422.89990234375,3384.89990234375,3400.300048828125,5464.0,87.76249694824219,87.79180145263672,87.33300018310547,87.76249694824219,0.0,24464.19921875,24634.19921875,24344.150390625,24596.150390625,616700.0,64.36000061035156,65.11000061035156,63.70000076293945,63.880001068115234,300518.0
2025-08-08,3438.800048828125,3477.0,3402.5,3439.10009765625,7657.0,87.43319702148438,87.73799896240234,87.39430236816406,87.43319702148438,0.0,24544.25,24585.5,24337.5,24363.30078125,312600.0,63.849998474121094,64.58000183105469,62.77000045776367,63.880001068115234,322939.0
2025-08-11,3383.89990234375,3383.89990234375,3349.199951171875,3353.10009765625,1488.0,87.48829650878906,87.75579833984375,87.46640014648438,87.48829650878906,0.0,24371.5,24600.849609375,24347.44921875,24585.05078125,241100.0,63.47999954223633,64.44000244140625,63.02000045776367,63.959999084472656,234807.0
2025-08-12,3356.199951171875,3356.199951171875,3330.10009765625,3348.89990234375,1611.0,87.66449737548828,87.73989868164062,87.53690338134766,87.66449737548828,0.0,24563.349609375,24702.599609375,24465.650390625,24487.400390625,237000.0,64.0,64.33999633789062,63.060001373291016,63.16999816894531,304441.0
2025-08-13,3358.800048828125,3363.39990234375,3358.699951171875,3358.699951171875,1011.0,87.59559631347656,87.71700286865234,87.37590026855469,87.59559631347656,0.0,24586.19921875,24664.55078125,24535.25,24619.349609375,236000.0,63.06999969482422,63.380001068115234,61.939998626708984,62.650001525878906,298939.0
2025-08-14,3346.800048828125,3356.0,3328.89990234375,3335.199951171875,592.0,87.44999694824219,87.68060302734375,87.38790130615234,87.44999694824219,0.0,24607.25,24673.650390625,24596.900390625,24631.30078125,270200.0,62.790000915527344,64.0999984741211,62.58000183105469,63.959999084472656,251652.0
2025-08-18,3333.5,3347.800048828125,3331.699951171875,3331.699951171875,646.0,87.51280212402344,87.54039764404297,87.3136978149414,87.51280212402344,0.0,24938.19921875,25022.0,24852.849609375,24876.94921875,363100.0,63.0,63.790000915527344,62.18000030517578,63.41999816894531,95113.0
2025-08-19,3330.199951171875,3343.5,3313.39990234375,3313.39990234375,1655.0,87.29509735107422,87.37049865722656,86.90910339355469,87.29509735107422,0.0,24891.349609375,25012.650390625,24873.94921875,24980.650390625,252300.0,63.27000045776367,63.38999938964844,62.25,62.349998474121094,99484.0
2025-08-20,3310.60009765625,3343.5,3310.10009765625,3343.39990234375,1213.0,87.0791015625,87.1666030883789,86.9800033569336,87.0791015625,0.0,24965.80078125,25088.69921875,24929.69921875,25050.55078125,287100.0,62.599998474121094,63.54999923706055,62.38999938964844,63.209999084472656,280663.0
2025-08-21,3349.39990234375,3349.39990234375,3326.5,3336.89990234375,142.0,87.01820373535156,87.32649993896484,86.92410278320312,87.01820373535156,0.0,25142.0,25153.650390625,25054.900390625,25083.75,226500.0,62.849998474121094,63.66999816894531,62.52000045776367,63.52000045776367,250166.0
2025-08-22,3349.39990234375,3377.699951171875,3349.39990234375,3374.39990234375,1240.0,87.29340362548828,87.54810333251953,87.177001953125,87.29340362548828,0.0,25064.150390625,25084.849609375,24859.150390625,24870.099609375,210200.0,63.5,63.93000030517578,63.310001373291016,63.65999984741211,223169.0
2025-08-25,3366.0,3378.0,3366.0,3373.800048828125,1044.0,87.3301010131836,87.60800170898438,87.23400115966797,87.3301010131836,0.0,24949.150390625,25021.55078125,24894.349609375,24967.75,213000.0,63.880001068115234,65.0999984741211,63.529998779296875,64.80000305175781,185270.0
2025-08-26,3378.89990234375,3396.5,3371.10009765625,3388.60009765625,905.0,87.60859680175781,87.79000091552734,87.52279663085938,87.60859680175781,0.0,24899.5,24919.650390625,24689.599609375,24712.05078125,750500.0,64.75,64.76000213623047,63.130001068115234,63.25,199101.0
2025-08-28,3409.0,3434.60009765625,3400.0,3431.800048828125,1035.0,87.65910339355469,87.68299865722656,87.50920104980469,87.65910339355469,0.0,24695.80078125,24702.650390625,24481.599609375,24500.900390625,326600.0,63.869998931884766,64.69999694824219,63.349998474121094,64.5999984741211,208931.0
2025-08-29,3432.5,3475.60009765625,3426.60009765625,3473.699951171875,0.0,87.5916976928711,88.28939819335938,87.51010131835938,87.5916976928711,0.0,24466.69921875,24572.44921875,24404.69921875,24426.849609375,325500.0,64.26000213623047,64.55000305175781,63.880001068115234,64.01000213623047,0.0
2025-09-02,3485.699951171875,3559.199951171875,3485.699951171875,3549.39990234375,658.0,88.00140380859375,88.18800354003906,87.81549835205078,88.00140380859375,0.0,24653.0,24756.099609375,24522.349609375,24579.599609375,271600.0,63.95000076293945,66.02999877929688,63.65999984741211,65.58999633789062,320218.0
2025-09-03,3554.800048828125,3593.699951171875,3553.199951171875,3593.199951171875,72.0,87.99829864501953,88.17980194091797,87.9749984741211,87.99829864501953,0.0,24616.5,24737.05078125,24533.19921875,24715.05078125,340300.0,65.62000274658203,65.72000122070312,63.720001220703125,63.970001220703125,298737.0
2025-09-04,3549.89990234375,3573.60009765625,3549.89990234375,3565.800048828125,237.0,88.072998046875,88.36029815673828,87.9749984741211,88.072998046875,0.0,24980.75,24980.75,24708.19921875,24734.30078125,314100.0,63.81999969482422,63.84000015258789,62.720001220703125,63.47999954223633,251689.0
2025-09-05,3567.800048828125,3613.199951171875,3567.800048828125,3613.199951171875,925.0,88.19290161132812,88.35340118408203,87.80010223388672,88.19290161132812,0.0,24818.849609375,24832.349609375,24621.599609375,24741.0,210100.0,63.33000183105469,63.4900016784668,61.45000076293945,61.869998931884766,294540.0
2025-09-08,3594.5,3641.0,3590.0,3638.10009765625,97.0,88.1863021850586,88.2229995727539,87.82779693603516,88.1863021850586,0.0,24802.599609375,24885.5,24751.55078125,24773.150390625,213200.0,62.0,63.34000015258789,61.849998474121094,62.2599983215332,237288.0
2025-09-09,3647.10009765625,3670.39990234375,3627.800048828125,3643.300048828125,535.0,87.98049926757812,88.21929931640625,87.90010070800781,87.98049926757812,0.0,24864.099609375,24891.80078125,24814.0,24868.599609375,226900.0,62.43000030517578,63.66999816894531,62.369998931884766,62.630001068115234,268529.0
2025-09-10,3625.0,3655.39990234375,3620.800048828125,3643.60009765625,136.0,88.21829986572266,88.24929809570312,87.97789764404297,88.21829986572266,0.0,24991.0,25035.69921875,24915.05078125,24973.099609375,244100.0,62.7400016784668,64.08000183105469,62.720001220703125,63.66999816894531,260684.0
2025-09-11,3632.89990234375,3636.89990234375,3618.39990234375,3636.89990234375,307.0,88.05339813232422,88.49099731445312,88.02660369873047,88.05339813232422,0.0,24945.5,25037.30078125,24940.150390625,25005.5,224600.0,63.79999923706055,63.79999923706055,62.209999084472656,62.369998931884766,222661.0
2025-09-12,3655.5,3656.800048828125,3643.0,3649.39990234375,1300.0,88.2676010131836,88.40850067138672,88.21690368652344,88.2676010131836,0.0,25074.44921875,25139.44921875,25038.05078125,25114.0,225700.0,62.27000045776367,63.97999954223633,61.689998626708984,62.689998626708984,313265.0
2025-09-15,3640.0,3686.39990234375,3635.10009765625,3682.199951171875,210.0,88.27729797363281,88.2970962524414,88.1260986328125,88.27729797363281,0.0,25118.900390625,25138.44921875,25048.75,25069.19921875,185400.0,62.970001220703125,63.66999816894531,62.52000045776367,63.29999923706055,205560.0
2025-09-16,3681.39990234375,3698.60009765625,3681.39990234375,3688.89990234375,373.0,88.12349700927734,88.15509796142578,87.97969818115234,88.12349700927734,0.0,25073.599609375,25261.400390625,25070.44921875,25239.099609375,240100.0,63.310001373291016,64.76000213623047,62.88999938964844,64.5199966430664,234250.0
2025-09-17,3669.0,3685.199951171875,3661.60009765625,3681.800048828125,183.0,87.88459777832031,87.91310119628906,87.7157974243164,87.88459777832031,0.0,25276.599609375,25346.5,25275.349609375,25330.25,268900.0,64.58999633789062,64.66999816894531,63.689998626708984,64.05000305175781,165427.0
2025-09-18,3654.60009765625,3667.39990234375,3637.0,3643.699951171875,80.0,87.91069793701172,88.28880310058594,87.80690002441406,87.91069793701172,0.0,25441.05078125,25448.94921875,25329.75,25423.599609375,272200.0,63.9900016784668,64.55000305175781,63.33000183105469,63.56999969482422,82321.0
2025-09-19,3659.0,3685.89990234375,3658.199951171875,3671.5,211.0,88.20690155029297,88.32949829101562,88.0625991821289,88.20690155029297,0.0,25410.19921875,25428.75,25286.30078125,25327.05078125,380400.0,63.59000015258789,63.650001525878906,62.599998474121094,62.68000030517578,87165.0
2025-09-22,3688.199951171875,3748.199951171875,3688.0,3740.699951171875,410.0,88.09919738769531,88.33670043945312,88.09919738769531,88.09919738769531,0.0,25238.099609375,25331.69921875,25151.05078125,25202.349609375,254500.0,62.7400016784668,63.18000030517578,61.97999954223633,62.63999938964844,223779.0
2025-09-23,3747.0,3786.0,3740.0,3780.60009765625,627.0,88.30439758300781,88.80809783935547,88.23500061035156,88.30439758300781,0.0,25209.0,25261.900390625,25084.650390625,25169.5,299200.0,62.33000183105469,63.88999938964844,61.849998474121094,63.40999984741211,265948.0
2025-09-24,3769.800048828125,3772.5,3732.10009765625,3732.10009765625,588.0,88.80799865722656,88.9312973022461,88.67250061035156,88.80799865722656,0.0,25108.75,25149.849609375,25027.44921875,25056.900390625,244400.0,63.63999938964844,65.05000305175781,63.25,64.98999786376953,282721.0
2025-09-25,3742.800048828125,3756.0,3724.699951171875,3736.89990234375,1899.0,88.77860260009766,88.80039978027344,88.59010314941406,88.77860260009766,0.0,25034.5,25092.69921875,24878.30078125,24890.849609375,342500.0,64.80000305175781,65.33999633789062,64.05999755859375,64.9800033569336,258353.0
2025-09-26,3775.300048828125,3775.300048828125,3775.300048828125,3775.300048828125,19308.0,88.77310180664062,88.77909851074219,88.61430358886719,88.77310180664062,0.0,24818.55078125,24868.599609375,24629.44921875,24654.69921875,291500.0,65.19999694824219,66.41999816894531,64.66000366210938,65.72000122070312,284990.0
2025-09-29,3754.800048828125,3827.60009765625,3754.800048828125,3820.89990234375,8860.0,88.67680358886719,88.79399871826172,88.5875015258789,88.67680358886719,0.0,24728.55078125,24791.30078125,24606.19921875,24634.900390625,394400.0,65.06999969482422,65.4000015258789,62.97999954223633,63.45000076293945,294292.0
2025-09-30,3827.5,3865.5,3793.39990234375,3840.800048828125,1611.0,88.70449829101562,88.87529754638672,88.64579772949219,88.70449829101562,0.0,24691.94921875,24731.80078125,24587.69921875,24611.099609375,303000.0,63.13999938964844,63.2599983215332,62.029998779296875,62.369998931884766,271649.0
2025-10-01,3863.5,3891.89990234375,3853.300048828125,3867.5,1778.0,88.8406982421875,88.8541030883789,88.6323013305664,88.8406982421875,0.0,24620.55078125,24867.94921875,24605.94921875,24836.30078125,308900.0,62.459999084472656,62.88999938964844,61.400001525878906,61.779998779296875,274339.0
2025-10-03,3855.199951171875,3886.800048828125,3853.699951171875,3880.800048828125,392.0,88.72019958496094,88.7957992553711,88.6635971069336,88.72019958496094,0.0,24759.55078125,24904.80078125,24747.55078125,24894.25,365900.0,60.70000076293945,61.380001068115234,60.54999923706055,60.880001068115234,240044.0
2025-10-06,3931.300048828125,3960.0,3926.800048828125,3948.5,1267.0,88.73509979248047,88.87969970703125,88.69200134277344,88.73509979248047,0.0,24916.55078125,25095.94921875,24881.650390625,25077.650390625,268800.0,61.13999938964844,62.119998931884766,61.040000915527344,61.689998626708984,224682.0
2025-10-07,3959.39990234375,3981.5,3940.0,3976.60009765625,2903.0,88.72109985351562,88.77249908447266,88.68180084228516,88.72109985351562,0.0,25085.30078125,25220.900390625,25076.30078125,25108.30078125,288000.0,61.72999954223633,62.11000061035156,60.720001220703125,61.72999954223633,245121.0
2025-10-08,3987.199951171875,4049.199951171875,3987.199951171875,4043.300048828125,2179.0,88.74259948730469,88.91950225830078,88.71910095214844,88.74259948730469,0.0,25079.75,25192.5,25008.5,25046.150390625,227400.0,62.04999923706055,62.91999816894531,62.04999923706055,62.54999923706055,273318.0
2025-10-09,4011.199951171875,4046.199951171875,3940.0,3946.300048828125,3130.0,88.7771987915039,88.86080169677734,88.70439910888672,88.7771987915039,0.0,25074.30078125,25199.25,25024.30078125,25181.80078125,286300.0,62.310001373291016,62.869998931884766,61.25,61.5099983215332,259171.0
2025-10-10,3957.0,4012.0,3945.5,3975.89990234375,1697.0,88.86540222167969,88.8656005859375,88.4928970336914,88.86540222167969,0.0,25167.650390625,25330.75,25156.849609375,25285.349609375,232900.0,61.4900016784668,61.66999816894531,58.220001220703125,58.900001525878906,339103.0
2025-10-13,4016.0,4111.0,4016.0,4108.60009765625,1697.0,88.7573013305664,88.80269622802734,88.56159973144531,88.7573013305664,0.0,25177.30078125,25267.30078125,25152.30078125,25227.349609375,234300.0,59.0,60.16999816894531,59.0,59.4900016784668,339103.0
2025-10-14,4131.7001953125,4160.10009765625,4085.800048828125,4138.7001953125,2424.0,88.66510009765625,88.81790161132812,88.60079956054688,88.66510009765625,0.0,25277.55078125,25310.349609375,25060.55078125,25145.5,292100.0,59.58000183105469,59.81999969482422,57.68000030517578,58.70000076293945,259200.0
2025-10-15,4145.0,4210.60009765625,4145.0,4176.89990234375,3287.0,88.78250122070312,88.78269958496094,87.95980072021484,88.78250122070312,0.0,25181.94921875,25365.150390625,25159.349609375,25323.55078125,289900.0,58.599998474121094,59.41999816894531,58.20000076293945,58.27000045776367,224919.0
2025-10-16,4198.7998046875,4307.0,4196.60009765625,4280.2001953125,4705.0,87.80950164794922,88.00150299072266,87.53189849853516,87.80950164794922,0.0,25394.900390625,25625.400390625,25376.849609375,25585.30078125,372800.0,58.77000045776367,59.11000061035156,57.2599983215332,57.459999084472656,203866.0
2025-10-17,4354.7001953125,4358.0,4182.2001953125,4189.89990234375,4060.0,87.9906997680664,88.09400177001953,87.689697265625,87.9906997680664,0.0,25546.849609375,25781.5,25508.599609375,25709.849609375,422100.0,57.5,57.720001220703125,56.599998474121094,57.540000915527344,108748.0
2025-10-20,4244.10009765625,4356.60009765625,4214.60009765625,4336.39990234375,1750.0,88.0022964477539,88.01129913330078,87.49960327148438,88.0022964477539,0.0,25824.599609375,25926.19921875,25788.5,25843.150390625,301100.0,57.72999954223633,57.810001373291016,56.349998474121094,57.52000045776367,108146.0
2025-10-21,4332.7001953125,4332.7001953125,4087.699951171875,4087.699951171875,2943.0,87.87999725341797,88.08360290527344,87.84190368652344,87.87999725341797,0.0,25901.19921875,25934.349609375,25825.80078125,25868.599609375,42500.0,57.369998931884766,58.279998779296875,56.9900016784668,57.81999969482422,314207.0
2025-10-23,4078.39990234375,4136.7998046875,4070.699951171875,4125.5,354.0,87.74030303955078,88.03109741210938,87.71610260009766,87.74030303955078,0.0,26057.19921875,26104.19921875,25862.44921875,25891.400390625,448400.0,59.939998626708984,62.20000076293945,59.63999938964844,61.790000915527344,735186.0
2025-10-24,4117.5,4120.60009765625,4074.89990234375,4118.39990234375,123.0,87.77899932861328,87.8582992553711,87.63600158691406,87.77899932861328,0.0,25935.099609375,25944.150390625,25718.19921875,25795.150390625,284900.0,61.790000915527344,62.59000015258789,61.209999084472656,61.5,373744.0
2025-10-27,4060.0,4078.60009765625,3971.300048828125,4001.89990234375,220.0,87.8290023803711,88.31719970703125,87.70939636230469,87.8290023803711,0.0,25843.19921875,26005.94921875,25827.0,25966.05078125,266300.0,61.81999969482422,62.16999816894531,60.66999816894531,61.310001373291016,272191.0
2025-10-28,3929.699951171875,3966.199951171875,3923.60009765625,3966.199951171875,219.0,88.22209930419922,88.41649627685547,88.15979766845703,88.22209930419922,0.0,25939.94921875,26041.69921875,25810.05078125,25936.19921875,395200.0,61.5,61.5,59.7599983215332,60.150001525878906,307568.0
2025-10-29,3983.699951171875,3983.699951171875,3983.699951171875,3983.699951171875,1344.0,88.22550201416016,88.45020294189453,88.13819885253906,88.22550201416016,0.0,25982.0,26097.849609375,25960.30078125,26053.900390625,321900.0,60.18000030517578,61.02000045776367,59.70000076293945,60.47999954223633,276875.0
2025-10-30,3960.0,4027.199951171875,3913.699951171875,4001.300048828125,935.0,88.34559631347656,88.7511978149414,88.29679870605469,88.34559631347656,0.0,25984.400390625,26032.05078125,25845.25,25877.849609375,257400.0,60.38999938964844,60.790000915527344,59.63999938964844,60.56999969482422,247917.0
2025-10-31,4034.5,4034.5,3976.60009765625,3982.199951171875,559.0,88.6344985961914,88.9115982055664,88.5636978149414,88.6344985961914,0.0,25863.80078125,25953.75,25711.19921875,25722.099609375,334400.0,60.29999923706055,61.380001068115234,59.9900016784668,60.97999954223633,278598.0
2025-11-03,3976.199951171875,4020.0,3959.0,4000.300048828125,0.0,88.77539825439453,88.91500091552734,88.68930053710938,88.77539825439453,0.0,25696.849609375,25803.099609375,25645.5,25763.349609375,23300.0,61.400001525878906,61.5,60.5099983215332,61.04999923706055,0.0
2025-11-04,3994.199951171875,3995.39990234375,3927.39990234375,3947.699951171875,657.0,88.72339630126953,88.77449798583984,88.30650329589844,88.72339630126953,0.0,25744.75,25787.400390625,25578.400390625,25597.650390625,305100.0,61.029998779296875,61.029998779296875,59.939998626708984,60.560001373291016,219300.0
2025-11-06,4004.0,4007.5,3979.89990234375,3979.89990234375,650.0,88.55690002441406,88.68170166015625,88.4114990234375,88.55690002441406,0.0,25593.349609375,25679.150390625,25491.55078125,25509.69921875,371900.0,59.68000030517578,60.5099983215332,58.83000183105469,59.43000030517578,277768.0
2025-11-07,3980.800048828125,3999.39990234375,3980.800048828125,3999.39990234375,245.0,88.6729965209961,88.72039794921875,88.6001968383789,88.6729965209961,0.0,25433.80078125,25551.25,25318.44921875,25492.30078125,305600.0,59.650001525878906,60.459999084472656,59.31999969482422,59.75,259446.0
2025-11-10,4060.0,4111.7998046875,4060.0,4111.7998046875,189.0,88.65799713134766,88.74230194091797,88.51419830322266,88.65799713134766,0.0,25503.5,25653.44921875,25503.5,25574.349609375,243600.0,59.869998931884766,60.47999954223633,59.40999984741211,60.130001068115234,222879.0
2025-11-11,4140.10009765625,4140.10009765625,4106.7998046875,4106.7998046875,569.0,88.70709991455078,88.71649932861328,88.41960144042969,88.70709991455078,0.0,25617.0,25715.80078125,25449.25,25694.94921875,297700.0,60.06999969482422,61.279998779296875,59.65999984741211,61.040000915527344,264427.0
2025-11-12,4115.60009765625,4204.39990234375,4102.89990234375,4204.39990234375,396.0,88.46649932861328,88.65370178222656,88.46649932861328,88.46649932861328,0.0,25834.30078125,25934.55078125,25781.150390625,25875.80078125,312600.0,61.04999923706055,61.060001373291016,58.29999923706055,58.4900016784668,329517.0
2025-11-13,4228.7001953125,4228.7001953125,4163.7001953125,4186.89990234375,167.0,88.59390258789062,88.79910278320312,88.58209991455078,88.59400177001953,0.0,25906.099609375,26010.69921875,25808.400390625,25879.150390625,385200.0,58.470001220703125,59.209999084472656,58.119998931884766,58.689998626708984,247349.0
2025-11-14,4197.7001953125,4197.89990234375,4047.0,4087.60009765625,483.0,88.81620025634766,88.81620025634766,88.63249969482422,88.81610107421875,0.0,25767.900390625,25940.19921875,25740.80078125,25910.05078125,518900.0,58.709999084472656,60.650001525878906,58.709999084472656,60.09000015258789,334116.0
2025-11-17,4070.0,4099.5,4019.39990234375,4068.300048828125,1552.0,88.68199920654297,88.74349975585938,88.56430053710938,88.68199920654297,0.0,25948.19921875,26024.19921875,25906.349609375,26013.44921875,281800.0,59.79999923706055,60.439998626708984,59.31999969482422,59.90999984741211,189638.0
2025-11-18,4037.39990234375,4063.39990234375,4035.60009765625,4061.300048828125,1375.0,88.63590240478516,88.69400024414062,88.53569793701172,88.63590240478516,0.0,26021.80078125,26029.849609375,25876.5,25910.05078125,280000.0,59.7400016784668,60.93000030517578,59.310001373291016,60.7400016784668,105325.0
2025-11-19,4086.10009765625,4122.7001953125,4072.0,4077.699951171875,486.0,88.55699920654297,88.6082992553711,88.40899658203125,88.55680084228516,0.0,25918.099609375,26074.650390625,25856.19921875,26052.650390625,250100.0,60.619998931884766,60.790000915527344,58.77000045776367,59.439998626708984,79622.0
2025-11-20,4045.0,4090.39990234375,4040.199951171875,4056.5,202.0,88.48729705810547,88.73829650878906,88.4635009765625,88.48719787597656,0.0,26132.099609375,26246.650390625,26063.19921875,26192.150390625,240400.0,59.630001068115234,60.33000183105469,58.86000061035156,59.13999938964844,324282.0
2025-11-21,4031.800048828125,4085.199951171875,4031.800048828125,4076.699951171875,171.0,88.69229888916016,89.72579956054688,88.60279846191406,88.69219970703125,0.0,26109.55078125,26179.19921875,26052.19921875,26068.150390625,235600.0,58.79999923706055,58.79999923706055,57.380001068115234,58.060001373291016,345014.0
2025-11-24,4060.5,4091.89990234375,4060.5,4091.89990234375,591.0,89.63400268554688,89.64129638671875,89.01580047607422,89.63400268554688,0.0,26122.80078125,26142.80078125,25912.150390625,25959.5,464700.0,58.04999923706055,59.060001373291016,57.41999816894531,58.84000015258789,238138.0
2025-11-25,4139.2001953125,4139.2001953125,4139.2001953125,4139.2001953125,132704.0,89.14779663085938,89.26200103759766,88.96649932861328,89.14779663085938,0.0,25998.5,26032.599609375,25857.5,25884.80078125,260500.0,58.88999938964844,58.959999084472656,57.099998474121094,57.95000076293945,334442.0
2025-11-26,4128.60009765625,4171.0,4127.5,4165.2001953125,25088.0,89.1532974243164,89.28790283203125,89.1532974243164,89.15059661865234,0.0,25842.94921875,26215.150390625,25842.94921875,26205.30078125,275300.0,58.04999923706055,58.720001220703125,57.65999984741211,58.650001525878906,228285.0
2025-11-28,4163.39990234375,4223.89990234375,4140.0,4218.2998046875,3615.0,89.36489868164062,89.61869812011719,89.05500030517578,89.36479949951172,0.0,26237.44921875,26280.75,26172.400390625,26202.94921875,202500.0,58.58000183105469,59.63999938964844,58.27000045776367,58.54999923706055,153758.0
2025-12-01,4218.5,4262.10009765625,4214.89990234375,4239.2998046875,913.0,89.3572998046875,89.7970962524414,89.31659698486328,89.3499984741211,0.0,26325.80078125,26325.80078125,26124.19921875,26175.75,213800.0,58.959999084472656,59.970001220703125,58.83000183105469,59.31999969482422,232770.0
2025-12-02,4230.5,4230.5,4167.0,4186.60009765625,366.0,89.61270141601562,89.99299621582031,89.5802993774414,89.61270141601562,0.0,26087.94921875,26154.599609375,25997.849609375,26032.19921875,254800.0,59.52000045776367,59.66999816894531,58.279998779296875,58.63999938964844,255513.0
2025-12-03,4215.7001953125,4234.10009765625,4195.7001953125,4199.2998046875,1897.0,89.91719818115234,90.30400085449219,89.8427963256836,89.91719818115234,0.0,26004.900390625,26066.44921875,25891.0,25986.0,265700.0,58.650001525878906,59.63999938964844,58.369998931884766,58.95000076293945,260974.0
2025-12-04,4211.0,4211.7998046875,4175.0,4211.7998046875,616.0,90.17060089111328,90.45210266113281,89.72579956054688,90.17050170898438,0.0,25981.849609375,26098.25,25938.94921875,26033.75,248100.0,59.09000015258789,60.02000045776367,58.810001373291016,59.66999816894531,264993.0
2025-12-05,4204.10009765625,4255.7001953125,4194.5,4212.89990234375,533.0,89.8364028930664,90.07720184326172,89.6980972290039,89.8364028930664,0.0,25999.80078125,26202.599609375,25985.349609375,26186.44921875,249300.0,59.70000076293945,60.5,59.41999816894531,60.08000183105469,255075.0
2025-12-08,4205.5,4215.7998046875,4175.5,4187.2001953125,318.0,89.93800354003906,90.23870086669922,89.84819793701172,89.93800354003906,0.0,26159.80078125,26178.69921875,25892.25,25960.55078125,320700.0,60.150001525878906,60.29999923706055,58.68000030517578,58.880001068115234,263009.0
2025-12-09,4190.7001953125,4219.7001953125,4177.7001953125,4206.7001953125,660.0,90.12989807128906,90.16850280761719,89.8053970336914,90.12999725341797,0.0,25867.099609375,25923.650390625,25728.0,25839.650390625,276000.0,58.869998931884766,59.16999816894531,58.119998931884766,58.25,260206.0
2025-12-10,4209.0,4234.5,4183.60009765625,4196.39990234375,692.0,89.91699981689453,90.0470962524414,89.7531967163086,89.91690063476562,0.0,25864.05078125,25947.650390625,25734.55078125,25758.0,207900.0,58.369998931884766,59.04999923706055,57.65999984741211,58.459999084472656,256508.0
2025-12-11,4224.0,4286.89990234375,4214.2998046875,4285.5,528.0,89.79299926757812,90.65029907226562,89.79299926757812,89.79299926757812,0.0,25771.400390625,25922.80078125,25693.25,25898.55078125,206100.0,58.90999984741211,58.939998626708984,57.0099983215332,57.599998474121094,286808.0
2025-12-12,4276.39990234375,4355.0,4260.0,4300.10009765625,1531.0,90.2509994506836,90.64469909667969,90.17530059814453,90.25299835205078,0.0,25971.19921875,26057.599609375,25938.44921875,26046.94921875,216300.0,57.88999938964844,58.189998626708984,57.150001525878906,57.439998626708984,212806.0
2025-12-15,4308.2998046875,4349.2001953125,4292.89990234375,4306.7001953125,854.0,90.5770034790039,90.77239990234375,90.39340209960938,90.5770034790039,0.0,25930.05078125,26047.150390625,25904.75,26027.30078125,181600.0,57.5,57.79999923706055,56.400001525878906,56.81999969482422,229310.0
2025-12-16,4270.5,4321.39990234375,4270.5,4304.5,1796.0,90.77690124511719,91.072998046875,90.75279998779297,90.77690124511719,0.0,25951.5,25980.75,25834.349609375,25860.099609375,264400.0,56.68000030517578,56.70000076293945,54.97999954223633,55.27000045776367,230933.0
2025-12-17,4308.5,4351.39990234375,4308.5,4347.5,2169.0,90.9489974975586,91.06549835205078,89.82060241699219,90.94889831542969,0.0,25902.400390625,25929.150390625,25770.349609375,25818.55078125,206500.0,55.22999954223633,56.97999954223633,55.20000076293945,55.939998626708984,125608.0
2025-12-18,4331.0,4348.10009765625,4328.2001953125,4339.5,705.0,90.41629791259766,90.4573974609375,90.0458984375,90.4136962890625,0.0,25764.69921875,25902.349609375,25726.30078125,25815.55078125,197600.0,56.900001525878906,57.029998779296875,55.880001068115234,56.150001525878906,85735.0
2025-12-19,4350.10009765625,4361.39990234375,4350.10009765625,4361.39990234375,1065.0,90.26129913330078,90.29299926757812,89.21189880371094,90.25579833984375,0.0,25911.5,25993.349609375,25880.44921875,25966.400390625,382900.0,56.029998779296875,56.900001525878906,55.81999969482422,56.65999984741211,209264.0
2025-12-22,4371.10009765625,4447.60009765625,4371.10009765625,4444.60009765625,449.0,89.56999969482422,89.77189636230469,89.3949966430664,89.56999969482422,0.0,26055.849609375,26180.69921875,26047.80078125,26172.400390625,253000.0,56.630001068115234,58.130001068115234,56.599998474121094,58.0099983215332,221576.0
2025-12-23,4503.2998046875,4503.7998046875,4450.39990234375,4482.7998046875,694.0,89.60399627685547,89.83300018310547,89.43090057373047,89.60389709472656,0.0,26205.19921875,26233.55078125,26119.05078125,26177.150390625,216600.0,57.95000076293945,58.560001373291016,57.7400016784668,58.380001068115234,183633.0
2025-12-24,4500.7001953125,4503.39990234375,4468.39990234375,4480.60009765625,500.0,89.50789642333984,89.8656997680664,89.4229965209961,89.50789642333984,0.0,26170.650390625,26236.400390625,26123.0,26142.099609375,188800.0,58.470001220703125,58.75,58.130001068115234,58.349998474121094,111762.0
2025-12-26,4512.0,4556.2998046875,4502.0,4529.10009765625,263.0,90.10590362548828,90.10900115966797,89.54869842529297,90.10590362548828,0.0,26121.25,26144.19921875,26008.599609375,26042.30078125,142200.0,58.349998474121094,58.880001068115234,56.650001525878906,56.7400016784668,166669.0
2025-12-29,4371.5,4379.0,4325.10009765625,4325.10009765625,2044.0,89.81430053710938,90.3550033569336,89.76360321044922,89.82929992675781,0.0,26063.349609375,26106.80078125,25920.30078125,25942.099609375,234300.0,57.040000915527344,58.29999923706055,56.90999984741211,58.08000183105469,178590.0
2025-12-30,4346.39990234375,4403.60009765625,4338.0,4370.10009765625,1837.0,89.90019989013672,89.99009704589844,89.68579864501953,89.9000015258789,0.0,25940.900390625,25976.75,25878.0,25938.849609375,396900.0,57.810001373291016,58.470001220703125,57.599998474121094,57.95000076293945,143802.0
2025-12-31,4333.5,4363.7998046875,4285.0,4325.60009765625,785.0,89.76969909667969,89.93800354003906,89.64399719238281,89.76940155029297,0.0,25971.05078125,26187.94921875,25969.0,26129.599609375,246300.0,57.95000076293945,58.54999923706055,57.20000076293945,57.41999816894531,157160.0
2026-01-02,4350.60009765625,4350.60009765625,4314.39990234375,4314.39990234375,589.0,89.96189880371094,90.3147964477539,89.83650207519531,89.96189880371094,0.0,26155.099609375,26340.0,26118.400390625,26328.55078125,357500.0,57.40999984741211,57.93000030517578,56.599998474121094,57.31999969482422,189503.0
2026-01-05,4386.7001953125,4443.5,4384.7998046875,4436.89990234375,618.0,90.00700378417969,90.30829620361328,90.00700378417969,90.00700378417969,0.0,26333.69921875,26373.19921875,26210.05078125,26250.30078125,338800.0,57.470001220703125,58.5099983215332,56.310001373291016,58.31999969482422,301483.0
2026-01-06,4449.7001953125,4482.2001953125,4449.0,4482.2001953125,459.0,90.23290252685547,90.25700378417969,90.05999755859375,90.23300170898438,0.0,26189.69921875,26273.94921875,26124.75,26178.69921875,383000.0,58.34000015258789,58.869998931884766,56.84000015258789,57.130001068115234,292067.0
2026-01-07,4450.0,4450.0,4449.2998046875,4449.2998046875,972.0,90.14739990234375,90.21800231933594,89.74700164794922,90.16609954833984,0.0,26143.099609375,26187.150390625,26067.900390625,26140.75,338200.0,57.0,57.16999816894531,55.7599983215332,55.9900016784668,383128.0
2026-01-08,4460.2001953125,4461.2998046875,4418.0,4449.7001953125,2423.0,89.83799743652344,90.12329864501953,89.72899627685547,89.8644027709961,0.0,26106.5,26133.19921875,25858.44921875,25876.849609375,328500.0,56.41999816894531,58.7400016784668,55.970001220703125,57.7599983215332,334134.0
2026-01-09,4473.0,4490.2998046875,4473.0,4490.2998046875,237.0,89.90540313720703,90.36399841308594,89.81610107421875,89.90540313720703,0.0,25840.400390625,25940.599609375,25623.0,25683.30078125,348800.0,58.400001525878906,59.77000045776367,57.61000061035156,59.119998931884766,360309.0
2026-01-12,4579.10009765625,4620.0,4577.7998046875,4604.2998046875,156.0,90.23600006103516,90.42919921875,90.12049865722656,90.23600006103516,0.0,25669.05078125,25813.150390625,25473.400390625,25790.25,275800.0,59.0,59.90999984741211,58.45000076293945,59.5,309700.0
2026-01-13,4578.60009765625,4617.10009765625,4578.60009765625,4589.2001953125,239.0,90.13269805908203,90.44860076904297,90.13269805908203,90.13269805908203,0.0,25897.349609375,25899.80078125,25603.30078125,25732.30078125,339500.0,59.95000076293945,61.5,59.470001220703125,61.150001525878906,411190.0
2026-01-14,4610.2998046875,4635.0,4608.2001953125,4626.2998046875,1313.0,90.27300262451172,90.4468002319336,89.98500061035156,90.27300262451172,0.0,25648.55078125,25791.75,25603.94921875,25665.599609375,393100.0,61.119998931884766,62.36000061035156,59.189998626708984,62.02000045776367,410261.0
2026-01-16,4608.0,4608.0,4588.39990234375,4588.39990234375,352.0,90.36160278320312,90.86299896240234,90.27570343017578,90.36160278320312,0.0,25696.05078125,25873.5,25662.400390625,25694.349609375,434000.0,59.2599983215332,60.18000030517578,58.939998626708984,59.439998626708984,113794.0
2026-01-20,4662.2001953125,4764.0,4661.7998046875,4759.60009765625,175.0,90.90450286865234,91.04810333251953,90.86930084228516,90.90450286865234,0.0,25580.30078125,25585.0,25171.349609375,25232.5,409800.0,59.0099983215332,60.68000030517578,58.70000076293945,60.34000015258789,499595.0
2026-01-21,4863.5,4872.2998046875,4771.5,4831.7998046875,1706.0,91.11830139160156,91.80999755859375,91.00270080566406,91.11840057373047,0.0,25141.0,25300.94921875,24919.80078125,25157.5,395600.0,59.56999969482422,60.88999938964844,59.220001220703125,60.619998931884766,333062.0
2026-01-22,4791.89990234375,4908.7998046875,4791.89990234375,4908.7998046875,1175.0,91.53700256347656,91.66500091552734,91.09310150146484,91.53690338134766,0.0,25344.150390625,25435.75,25168.5,25289.900390625,486400.0,60.68000030517578,60.81999969482422,58.959999084472656,59.36000061035156,324349.0
2026-01-23,4949.60009765625,4976.2001953125,4936.0,4976.2001953125,169.0,91.55829620361328,91.97599792480469,91.4229965209961,91.55829620361328,0.0,25344.599609375,25347.94921875,25025.30078125,25048.650390625,393900.0,59.65999984741211,61.36000061035156,59.52000045776367,61.06999969482422,283419.0
2026-01-27,5079.89990234375,5079.89990234375,5079.89990234375,5079.89990234375,34.0,91.71309661865234,91.88800048828125,91.5031967163086,91.71309661865234,0.0,25063.349609375,25246.650390625,24932.55078125,25175.400390625,618700.0,60.779998779296875,62.630001068115234,60.13999938964844,62.38999938964844,360208.0
2026-01-28,5301.60009765625,5301.60009765625,5301.60009765625,5301.60009765625,112054.0,91.5343017578125,92.32749938964844,91.41809844970703,91.5343017578125,0.0,25258.849609375,25372.099609375,25187.650390625,25342.75,574900.0,62.58000183105469,63.56999969482422,62.06999969482422,63.209999084472656,354864.0
2026-01-29,5415.7001953125,5586.2001953125,5097.5,5318.39990234375,23709.0,92.04080200195312,92.13009643554688,91.80560302734375,92.04080200195312,0.0,25345.0,25458.150390625,25159.80078125,25418.900390625,582400.0,63.5,66.4800033569336,63.279998779296875,65.41999816894531,560007.0
2026-01-30,5376.39990234375,5440.5,4700.0,4713.89990234375,8374.0,91.78199768066406,92.0177993774414,91.78199768066406,91.78189849853516,0.0,25247.55078125,25370.69921875,25213.650390625,25320.650390625,508400.0,65.5199966430664,66.11000061035156,63.63999938964844,65.20999908447266,449325.0
2026-02-02,4807.7001953125,4855.7998046875,4400.0,4622.5,3588.0,91.68240356445312,92.01950073242188,90.90809631347656,91.68699645996094,0.0,24796.5,25108.099609375,24679.400390625,25088.400390625,449200.0,64.72000122070312,64.73999786376953,61.38999938964844,62.13999938964844,414083.0
2026-02-03,4680.0,4984.60009765625,4674.2998046875,4903.7001953125,1213.0,90.24559783935547,90.5322036743164,90.02780151367188,90.24559783935547,0.0,26308.05078125,26341.19921875,25641.30078125,25727.55078125,637300.0,62.279998779296875,64.20999908447266,61.119998931884766,63.209999084472656,381144.0
2026-02-04,4923.2998046875,5082.2001953125,4897.89990234375,4920.39990234375,3886.0,90.42289733886719,90.52799987792969,90.23600006103516,90.42289733886719,0.0,25675.05078125,25818.55078125,25563.94921875,25776.0,429800.0,63.79999923706055,65.52999877929688,62.86000061035156,65.13999938964844,446588.0
2026-02-05,5008.7001953125,5012.2998046875,4786.0,4861.39990234375,793.0,90.125,90.51580047607422,90.0708999633789,90.125,0.0,25755.900390625,25757.650390625,25579.5,25642.80078125,343800.0,64.48999786376953,64.66999816894531,62.650001525878906,63.290000915527344,389763.0
2026-02-06,4762.0,4958.5,4655.0,4951.2001953125,1386.0,90.3147964477539,90.81999969482422,90.17729949951172,90.3147964477539,0.0,25605.80078125,25703.94921875,25491.900390625,25693.69921875,375500.0,63.099998474121094,64.58000183105469,62.20000076293945,63.54999923706055,448924.0
2026-02-09,5017.39990234375,5065.7001953125,4979.10009765625,5050.89990234375,170.0,90.58899688720703,90.79100036621094,90.3655014038086,90.58799743652344,0.0,25888.69921875,25922.25,25780.900390625,25867.30078125,359400.0,62.9900016784668,64.87999725341797,62.619998931884766,64.36000061035156,298005.0
2026-02-10,5013.5,5029.0,5002.7001953125,5003.7998046875,281.0,90.76020050048828,90.77649688720703,90.46440124511719,90.82279968261719,0.0,25922.650390625,25989.44921875,25870.44921875,25935.150390625,460900.0,64.44000244140625,64.70999908447266,63.650001525878906,63.959999084472656,276292.0
2026-02-11,5049.89990234375,5111.2998046875,5041.2998046875,5071.60009765625,2681.0,90.58809661865234,90.81169891357422,90.4657974243164,90.58789825439453,0.0,25997.44921875,26009.400390625,25899.80078125,25953.849609375,331400.0,64.19999694824219,65.83000183105469,64.1500015258789,64.62999725341797,340194.0
2026-02-12,5060.39990234375,5078.10009765625,4892.0,4923.7001953125,484.0,90.73580169677734,90.73609924316406,90.3646011352539,90.73570251464844,0.0,25906.69921875,25906.69921875,25752.400390625,25807.19921875,419400.0,64.87000274658203,65.0999984741211,62.38999938964844,62.84000015258789,369303.0
2026-02-13,4953.0,5043.89990234375,4946.2001953125,5022.0,232.0,90.56420135498047,90.7500991821289,90.5072021484375,90.56410217285156,0.0,25571.150390625,25630.349609375,25444.30078125,25471.099609375,453500.0,62.9900016784668,63.2599983215332,62.13999938964844,62.88999938964844,255793.0
2026-02-17,5020.0,5020.0,4847.7998046875,4882.89990234375,540.0,90.78289794921875,90.79910278320312,90.62220001220703,90.78299713134766,0.0,25637.94921875,25764.400390625,25570.30078125,25725.400390625,344100.0,63.29999923706055,64.13999938964844,61.869998931884766,62.33000183105469,328727.0
2026-02-18,4872.2001953125,4987.0,4869.5,4986.5,544.0,90.6261978149414,90.7510986328125,90.58200073242188,90.6261978149414,0.0,25752.650390625,25828.05078125,25645.150390625,25819.349609375,310200.0,62.29999923706055,65.55999755859375,62.119998931884766,65.19000244140625,115379.0
2026-02-19,5014.7001953125,5014.7001953125,4975.89990234375,4975.89990234375,37.0,90.79340362548828,91.21410369873047,90.73480224609375,90.79350280761719,0.0,25873.349609375,25885.30078125,25388.75,25454.349609375,298200.0,65.0999984741211,66.9000015258789,64.87999725341797,66.43000030517578,113408.0
2026-02-20,5039.5,5072.7001953125,5039.5,5059.2998046875,134.0,91.04109954833984,91.0907974243164,90.72989654541016,91.04109954833984,0.0,25406.55078125,25663.55078125,25379.75,25571.25,296600.0,66.66999816894531,67.05000305175781,65.94000244140625,66.38999938964844,351351.0
2026-02-23,5120.2998046875,5211.60009765625,5120.2998046875,5204.7001953125,779.0,90.76480102539062,90.97039794921875,90.67179870605469,90.72660064697266,0.0,25678.400390625,25771.44921875,25609.349609375,25713.0,313700.0,65.88999938964844,67.27999877929688,65.37999725341797,66.30999755859375,270365.0
2026-02-24,5158.7998046875,5159.0,5112.7001953125,5155.7998046875,88.0,91.01509857177734,91.02310180664062,90.82479858398438,91.02010345458984,0.0,25641.80078125,25641.80078125,25327.599609375,25424.650390625,439100.0,66.30999755859375,67.1500015258789,65.55000305175781,65.62999725341797,312124.0
2026-02-25,5166.0,5206.39990234375,5166.0,5206.39990234375,1772.0,90.91809844970703,90.95999908447266,90.85310363769531,90.91799926757812,0.0,25512.599609375,25652.599609375,25428.19921875,25482.5,414200.0,66.06999969482422,66.5999984741211,65.12000274658203,65.41999816894531,306780.0
2026-02-26,5177.2001953125,5199.2001953125,5143.89990234375,5176.5,1520.0,90.95120239257812,91.06600189208984,90.80899810791016,90.95099639892578,0.0,25556.30078125,25572.94921875,25400.94921875,25496.55078125,405200.0,65.6500015258789,66.70999908447266,63.599998474121094,65.20999908447266,498542.0
2026-02-27,5186.7001953125,5280.0,5176.7001953125,5230.5,354.0,91.00740051269531,91.1323013305664,90.89430236816406,91.00740051269531,0.0,25459.849609375,25476.400390625,25141.30078125,25178.650390625,438900.0,65.3499984741211,67.83000183105469,64.8499984741211,67.0199966430664,437053.0
2026-03-02,5346.60009765625,5405.0,5266.2998046875,5294.39990234375,72.0,91.07579803466797,91.77850341796875,91.07579803466797,91.07959747314453,0.0,24659.25,24989.349609375,24603.5,24865.69921875,519200.0,75.0,75.33000183105469,69.19999694824219,71.2300033569336,881329.0
2026-03-04,5130.7001953125,5180.2001953125,5117.2001953125,5120.2001953125,679.0,92.00859832763672,92.29630279541016,91.8240966796875,92.00859832763672,0.0,24388.80078125,24602.44921875,24305.400390625,24480.5,599000.0,74.73999786376953,77.2300033569336,73.27999877929688,74.66000366210938,617822.0
2026-03-05,5169.5,5169.5,5054.7001953125,5065.2998046875,1701.0,92.12310028076172,92.1708984375,91.32669830322266,92.12300109863281,0.0,24615.94921875,24854.19921875,24529.400390625,24765.900390625,504300.0,76.1500015258789,82.16000366210938,74.97000122070312,81.01000213623047,707030.0
2026-03-06,5121.0,5146.10009765625,5076.10009765625,5146.10009765625,148.0,91.78690338134766,91.96649932861328,91.55979919433594,91.78690338134766,0.0,24656.400390625,24700.900390625,24415.75,24450.44921875,433400.0,79.08000183105469,92.61000061035156,78.23999786376953,90.9000015258789,996251.0
2026-03-09,5155.0,5160.60009765625,5077.7001953125,5091.5,639.0,91.94029998779297,92.34880065917969,91.94029998779297,91.93620300292969,0.0,23868.05078125,24078.150390625,23697.80078125,24028.05078125,526900.0,98.0,119.4800033569336,81.19000244140625,94.7699966430664,1107193.0
2026-03-10,5138.2001953125,5229.7001953125,5137.60009765625,5229.7001953125,4300.0,91.220703125,92.46659851074219,90.86039733886719,91.220703125,0.0,24280.80078125,24303.80078125,24079.94921875,24261.599609375,444300.0,85.75,91.4800033569336,76.7300033569336,83.44999694824219,801564.0
2026-03-11,5190.7998046875,5191.2998046875,5167.39990234375,5167.39990234375,633.0,92.16510009765625,92.20580291748047,89.06490325927734,92.16510009765625,0.0,24231.849609375,24299.0,23834.30078125,23866.849609375,407400.0,86.88999938964844,88.98999786376953,81.79000091552734,87.25,538020.0
2026-03-12,5137.2001953125,5137.2001953125,5115.7998046875,5115.7998046875,410.0,92.22879791259766,92.6946029663086,91.9843978881836,92.22879791259766,0.0,23674.849609375,23833.150390625,23556.30078125,23639.150390625,501000.0,89.31999969482422,97.19000244140625,88.61000061035156,95.7300033569336,548999.0
2026-03-13,5089.60009765625,5117.0,5009.5,5052.5,479.0,92.38980102539062,92.4990005493164,92.25140380859375,92.38990020751953,0.0,23462.5,23492.400390625,23112.0,23151.099609375,519800.0,96.73999786376953,99.31999969482422,92.04000091552734,98.70999908447266,436700.0
2026-03-16,5001.60009765625,5010.60009765625,4994.0,4994.0,130.0,92.58470153808594,92.82080078125,92.14459991455078,92.5635986328125,0.0,23116.099609375,23502.0,22955.25,23408.80078125,540300.0,100.93000030517578,102.44000244140625,92.93000030517578,93.5,455454.0
2026-03-17,5017.60009765625,5017.60009765625,4994.2001953125,5001.0,239.0,92.28269958496094,92.47550201416016,92.26679992675781,92.28269958496094,0.0,23493.19921875,23656.80078125,23346.599609375,23581.150390625,458800.0,94.41000366210938,98.41999816894531,93.83000183105469,96.20999908447266,308425.0
2026-03-18,4949.60009765625,4949.60009765625,4821.7001953125,4889.89990234375,1461.0,92.39129638671875,92.91960144042969,92.3239974975586,92.39129638671875,0.0,23632.900390625,23862.25,23618.44921875,23777.80078125,382900.0,96.0,100.55000305175781,91.95999908447266,96.31999969482422,157222.0
2026-03-19,4830.2998046875,4830.2998046875,4554.0,4600.7001953125,627.0,93.24659729003906,93.40709686279297,92.80950164794922,93.24659729003906,0.0,23197.75,23378.69921875,22930.349609375,23002.150390625,550100.0,99.12999725341797,101.4800033569336,92.80000305175781,96.13999938964844,118719.0
2026-03-20,4686.89990234375,4686.89990234375,4570.39990234375,4570.39990234375,235.0,93.0822982788086,93.81780242919922,92.7781982421875,93.0822982788086,0.0,23110.150390625,23345.150390625,23067.599609375,23114.5,663300.0,95.0,99.66999816894531,93.41999816894531,98.31999969482422,461845.0
2026-03-23,4353.0,4480.39990234375,4100.7998046875,4404.10009765625,544.0,94.04840087890625,94.13150024414062,92.85369873046875,93.89530181884766,0.0,22824.349609375,22851.69921875,22471.25,22512.650390625,550300.0,100.51000213623047,101.66999816894531,84.37000274658203,88.12999725341797,666790.0
2026-03-24,4338.7001953125,4399.2998046875,4325.2001953125,4399.2998046875,378.0,93.24369812011719,93.94580078125,93.24369812011719,93.24369812011719,0.0,22878.44921875,23057.30078125,22624.19921875,22912.400390625,538100.0,88.77999877929688,93.36000061035156,86.33999633789062,92.3499984741211,420067.0
2026-03-25,4549.0,4551.89990234375,4541.7998046875,4549.7998046875,388.0,94.29969787597656,94.29969787597656,93.67649841308594,94.29969787597656,0.0,23064.400390625,23465.349609375,23063.19921875,23306.44921875,505400.0,88.48999786376953,91.7300033569336,86.45999908447266,90.31999969482422,405170.0
2026-03-27,4492.0,4492.0,4492.0,4492.0,74348.0,94.30950164794922,94.9446029663086,94.09410095214844,94.30950164794922,0.0,23173.55078125,23186.099609375,22804.55078125,22819.599609375,612600.0,93.30999755859375,101.23999786376953,92.08000183105469,99.63999938964844,374920.0
2026-03-30,4482.7998046875,4579.10009765625,4413.39990234375,4526.0,10816.0,94.78179931640625,95.14540100097656,92.64700317382812,94.78179931640625,0.0,22549.650390625,22714.099609375,22283.849609375,22331.400390625,698600.0,102.5999984741211,105.36000061035156,99.43000030517578,102.87999725341797,374075.0
2026-04-01,4668.39990234375,4789.10009765625,4668.0,4783.2001953125,4264.0,93.48429870605469,93.87799835205078,92.76249694824219,93.48429870605469,0.0,22899.0,22941.30078125,22618.599609375,22679.400390625,518000.0,101.72000122070312,103.30999755859375,96.5,100.12000274658203,495395.0
